ISO-10303-21;
HEADER;
FILE_DESCRIPTION(('Open CASCADE Model'),'2;1');
FILE_NAME('Open CASCADE Shape Model','2026-10-05T16:26:49',('Author'),(
    'Open CASCADE'),'Open CASCADE STEP processor 7.9','Open CASCADE 7.9'
  ,'Unknown');
FILE_SCHEMA(('AUTOMOTIVE_DESIGN { 1 0 10303 214 1 1 1 1 }'));
ENDSEC;
DATA;
#1 = APPLICATION_PROTOCOL_DEFINITION('international standard',
  'automotive_design',2000,#2);
#2 = APPLICATION_CONTEXT(
  'core data for automotive mechanical design processes');
#3 = SHAPE_DEFINITION_REPRESENTATION(#4,#10);
#4 = PRODUCT_DEFINITION_SHAPE('','',#5);
#5 = PRODUCT_DEFINITION('design','',#6,#9);
#6 = PRODUCT_DEFINITION_FORMATION('','',#7);
#7 = PRODUCT('Open CASCADE STEP translator 7.9 4',
  'Open CASCADE STEP translator 7.9 4','',(#8));
#8 = PRODUCT_CONTEXT('',#2,'mechanical');
#9 = PRODUCT_DEFINITION_CONTEXT('part definition',#2,'design');
#10 = ADVANCED_BREP_SHAPE_REPRESENTATION('',(#11,#15),#5483);
#11 = AXIS2_PLACEMENT_3D('',#12,#13,#14);
#12 = CARTESIAN_POINT('',(0.,0.,0.));
#13 = DIRECTION('',(0.,0.,1.));
#14 = DIRECTION('',(1.,0.,-0.));
#15 = MANIFOLD_SOLID_BREP('',#16);
#16 = CLOSED_SHELL('',(#17,#253,#311,#2014,#2067,#2115,#2163,#3251,#3300
    ,#3350,#3399,#3557,#3605,#3632,#3708,#3824,#3850,#3898,#3982,#4009,
    #4035,#4062,#4109,#4136,#4163,#4190,#4217,#4244,#4271,#4298,#4325,
    #4352,#4379,#4406,#4433,#4460,#4487,#4514,#4541,#4568,#4595,#4622,
    #4649,#4676,#4703,#4729,#4754,#4781,#4808,#4835,#4862,#4889,#4916,
    #4943,#4970,#4997,#5024,#5051,#5078,#5105,#5132,#5159,#5186,#5213,
    #5240,#5267,#5294,#5321,#5348,#5375,#5400,#5407,#5415,#5422,#5449,
    #5456));
#17 = ADVANCED_FACE('',(#18),#33,.T.);
#18 = FACE_BOUND('',#19,.T.);
#19 = EDGE_LOOP('',(#20,#56,#79,#106,#107,#136,#165,#198,#231));
#20 = ORIENTED_EDGE('',*,*,#21,.F.);
#21 = EDGE_CURVE('',#22,#24,#26,.T.);
#22 = VERTEX_POINT('',#23);
#23 = CARTESIAN_POINT('',(21.,-5.143516556419E-15,-25.));
#24 = VERTEX_POINT('',#25);
#25 = CARTESIAN_POINT('',(20.946360065653,1.5,-25.));
#26 = SURFACE_CURVE('',#27,(#32,#44),.PCURVE_S1.);
#27 = CIRCLE('',#28,21.);
#28 = AXIS2_PLACEMENT_3D('',#29,#30,#31);
#29 = CARTESIAN_POINT('',(0.,0.,-25.));
#30 = DIRECTION('',(0.,0.,1.));
#31 = DIRECTION('',(1.,0.,-0.));
#32 = PCURVE('',#33,#38);
#33 = CYLINDRICAL_SURFACE('',#34,21.);
#34 = AXIS2_PLACEMENT_3D('',#35,#36,#37);
#35 = CARTESIAN_POINT('',(0.,0.,-29.));
#36 = DIRECTION('',(0.,0.,1.));
#37 = DIRECTION('',(1.,0.,-0.));
#38 = DEFINITIONAL_REPRESENTATION('',(#39),#43);
#39 = LINE('',#40,#41);
#40 = CARTESIAN_POINT('',(0.,4.));
#41 = VECTOR('',#42,1.);
#42 = DIRECTION('',(1.,0.));
#43 = ( GEOMETRIC_REPRESENTATION_CONTEXT(2) 
PARAMETRIC_REPRESENTATION_CONTEXT() REPRESENTATION_CONTEXT('2D SPACE',''
  ) );
#44 = PCURVE('',#45,#50);
#45 = PLANE('',#46);
#46 = AXIS2_PLACEMENT_3D('',#47,#48,#49);
#47 = CARTESIAN_POINT('',(18.,0.,-25.));
#48 = DIRECTION('',(-0.,0.,1.));
#49 = DIRECTION('',(1.,0.,0.));
#50 = DEFINITIONAL_REPRESENTATION('',(#51),#55);
#51 = CIRCLE('',#52,21.);
#52 = AXIS2_PLACEMENT_2D('',#53,#54);
#53 = CARTESIAN_POINT('',(-18.,0.));
#54 = DIRECTION('',(1.,0.));
#55 = ( GEOMETRIC_REPRESENTATION_CONTEXT(2) 
PARAMETRIC_REPRESENTATION_CONTEXT() REPRESENTATION_CONTEXT('2D SPACE',''
  ) );
#56 = ORIENTED_EDGE('',*,*,#57,.F.);
#57 = EDGE_CURVE('',#58,#22,#60,.T.);
#58 = VERTEX_POINT('',#59);
#59 = CARTESIAN_POINT('',(21.,-5.143516556419E-15,-29.));
#60 = SEAM_CURVE('',#61,(#65,#72),.PCURVE_S1.);
#61 = LINE('',#62,#63);
#62 = CARTESIAN_POINT('',(21.,-5.143516556419E-15,-29.));
#63 = VECTOR('',#64,1.);
#64 = DIRECTION('',(0.,0.,1.));
#65 = PCURVE('',#33,#66);
#66 = DEFINITIONAL_REPRESENTATION('',(#67),#71);
#67 = LINE('',#68,#69);
#68 = CARTESIAN_POINT('',(6.28318530718,-0.));
#69 = VECTOR('',#70,1.);
#70 = DIRECTION('',(0.,1.));
#71 = ( GEOMETRIC_REPRESENTATION_CONTEXT(2) 
PARAMETRIC_REPRESENTATION_CONTEXT() REPRESENTATION_CONTEXT('2D SPACE',''
  ) );
#72 = PCURVE('',#33,#73);
#73 = DEFINITIONAL_REPRESENTATION('',(#74),#78);
#74 = LINE('',#75,#76);
#75 = CARTESIAN_POINT('',(0.,-0.));
#76 = VECTOR('',#77,1.);
#77 = DIRECTION('',(0.,1.));
#78 = ( GEOMETRIC_REPRESENTATION_CONTEXT(2) 
PARAMETRIC_REPRESENTATION_CONTEXT() REPRESENTATION_CONTEXT('2D SPACE',''
  ) );
#79 = ORIENTED_EDGE('',*,*,#80,.T.);
#80 = EDGE_CURVE('',#58,#58,#81,.T.);
#81 = SURFACE_CURVE('',#82,(#87,#94),.PCURVE_S1.);
#82 = CIRCLE('',#83,21.);
#83 = AXIS2_PLACEMENT_3D('',#84,#85,#86);
#84 = CARTESIAN_POINT('',(0.,0.,-29.));
#85 = DIRECTION('',(0.,0.,1.));
#86 = DIRECTION('',(1.,0.,-0.));
#87 = PCURVE('',#33,#88);
#88 = DEFINITIONAL_REPRESENTATION('',(#89),#93);
#89 = LINE('',#90,#91);
#90 = CARTESIAN_POINT('',(0.,0.));
#91 = VECTOR('',#92,1.);
#92 = DIRECTION('',(1.,0.));
#93 = ( GEOMETRIC_REPRESENTATION_CONTEXT(2) 
PARAMETRIC_REPRESENTATION_CONTEXT() REPRESENTATION_CONTEXT('2D SPACE',''
  ) );
#94 = PCURVE('',#95,#100);
#95 = PLANE('',#96);
#96 = AXIS2_PLACEMENT_3D('',#97,#98,#99);
#97 = CARTESIAN_POINT('',(0.,0.,-29.));
#98 = DIRECTION('',(0.,0.,1.));
#99 = DIRECTION('',(1.,0.,-0.));
#100 = DEFINITIONAL_REPRESENTATION('',(#101),#105);
#101 = CIRCLE('',#102,21.);
#102 = AXIS2_PLACEMENT_2D('',#103,#104);
#103 = CARTESIAN_POINT('',(0.,0.));
#104 = DIRECTION('',(1.,0.));
#105 = ( GEOMETRIC_REPRESENTATION_CONTEXT(2) 
PARAMETRIC_REPRESENTATION_CONTEXT() REPRESENTATION_CONTEXT('2D SPACE',''
  ) );
#106 = ORIENTED_EDGE('',*,*,#57,.T.);
#107 = ORIENTED_EDGE('',*,*,#108,.F.);
#108 = EDGE_CURVE('',#109,#22,#111,.T.);
#109 = VERTEX_POINT('',#110);
#110 = CARTESIAN_POINT('',(20.946360065653,-1.5,-25.));
#111 = SURFACE_CURVE('',#112,(#117,#124),.PCURVE_S1.);
#112 = CIRCLE('',#113,21.);
#113 = AXIS2_PLACEMENT_3D('',#114,#115,#116);
#114 = CARTESIAN_POINT('',(0.,0.,-25.));
#115 = DIRECTION('',(0.,0.,1.));
#116 = DIRECTION('',(1.,0.,-0.));
#117 = PCURVE('',#33,#118);
#118 = DEFINITIONAL_REPRESENTATION('',(#119),#123);
#119 = LINE('',#120,#121);
#120 = CARTESIAN_POINT('',(0.,4.));
#121 = VECTOR('',#122,1.);
#122 = DIRECTION('',(1.,0.));
#123 = ( GEOMETRIC_REPRESENTATION_CONTEXT(2) 
PARAMETRIC_REPRESENTATION_CONTEXT() REPRESENTATION_CONTEXT('2D SPACE',''
  ) );
#124 = PCURVE('',#125,#130);
#125 = PLANE('',#126);
#126 = AXIS2_PLACEMENT_3D('',#127,#128,#129);
#127 = CARTESIAN_POINT('',(18.,0.,-25.));
#128 = DIRECTION('',(-0.,0.,1.));
#129 = DIRECTION('',(1.,0.,0.));
#130 = DEFINITIONAL_REPRESENTATION('',(#131),#135);
#131 = CIRCLE('',#132,21.);
#132 = AXIS2_PLACEMENT_2D('',#133,#134);
#133 = CARTESIAN_POINT('',(-18.,0.));
#134 = DIRECTION('',(1.,0.));
#135 = ( GEOMETRIC_REPRESENTATION_CONTEXT(2) 
PARAMETRIC_REPRESENTATION_CONTEXT() REPRESENTATION_CONTEXT('2D SPACE',''
  ) );
#136 = ORIENTED_EDGE('',*,*,#137,.F.);
#137 = EDGE_CURVE('',#138,#109,#140,.T.);
#138 = VERTEX_POINT('',#139);
#139 = CARTESIAN_POINT('',(-20.94636006565,-1.5,-25.));
#140 = SURFACE_CURVE('',#141,(#146,#153),.PCURVE_S1.);
#141 = CIRCLE('',#142,21.);
#142 = AXIS2_PLACEMENT_3D('',#143,#144,#145);
#143 = CARTESIAN_POINT('',(0.,0.,-25.));
#144 = DIRECTION('',(0.,0.,1.));
#145 = DIRECTION('',(1.,0.,-0.));
#146 = PCURVE('',#33,#147);
#147 = DEFINITIONAL_REPRESENTATION('',(#148),#152);
#148 = LINE('',#149,#150);
#149 = CARTESIAN_POINT('',(0.,4.));
#150 = VECTOR('',#151,1.);
#151 = DIRECTION('',(1.,0.));
#152 = ( GEOMETRIC_REPRESENTATION_CONTEXT(2) 
PARAMETRIC_REPRESENTATION_CONTEXT() REPRESENTATION_CONTEXT('2D SPACE',''
  ) );
#153 = PCURVE('',#154,#159);
#154 = PLANE('',#155);
#155 = AXIS2_PLACEMENT_3D('',#156,#157,#158);
#156 = CARTESIAN_POINT('',(0.,0.,-25.));
#157 = DIRECTION('',(0.,0.,1.));
#158 = DIRECTION('',(1.,0.,-0.));
#159 = DEFINITIONAL_REPRESENTATION('',(#160),#164);
#160 = CIRCLE('',#161,21.);
#161 = AXIS2_PLACEMENT_2D('',#162,#163);
#162 = CARTESIAN_POINT('',(0.,0.));
#163 = DIRECTION('',(1.,0.));
#164 = ( GEOMETRIC_REPRESENTATION_CONTEXT(2) 
PARAMETRIC_REPRESENTATION_CONTEXT() REPRESENTATION_CONTEXT('2D SPACE',''
  ) );
#165 = ORIENTED_EDGE('',*,*,#166,.F.);
#166 = EDGE_CURVE('',#167,#138,#169,.T.);
#167 = VERTEX_POINT('',#168);
#168 = CARTESIAN_POINT('',(-21.,1.194402017551E-14,-25.));
#169 = SURFACE_CURVE('',#170,(#175,#182),.PCURVE_S1.);
#170 = CIRCLE('',#171,21.);
#171 = AXIS2_PLACEMENT_3D('',#172,#173,#174);
#172 = CARTESIAN_POINT('',(0.,0.,-25.));
#173 = DIRECTION('',(0.,0.,1.));
#174 = DIRECTION('',(1.,0.,-0.));
#175 = PCURVE('',#33,#176);
#176 = DEFINITIONAL_REPRESENTATION('',(#177),#181);
#177 = LINE('',#178,#179);
#178 = CARTESIAN_POINT('',(0.,4.));
#179 = VECTOR('',#180,1.);
#180 = DIRECTION('',(1.,0.));
#181 = ( GEOMETRIC_REPRESENTATION_CONTEXT(2) 
PARAMETRIC_REPRESENTATION_CONTEXT() REPRESENTATION_CONTEXT('2D SPACE',''
  ) );
#182 = PCURVE('',#183,#188);
#183 = PLANE('',#184);
#184 = AXIS2_PLACEMENT_3D('',#185,#186,#187);
#185 = CARTESIAN_POINT('',(-18.,0.,-25.));
#186 = DIRECTION('',(-0.,-0.,-1.));
#187 = DIRECTION('',(-1.,0.,0.));
#188 = DEFINITIONAL_REPRESENTATION('',(#189),#197);
#189 = ( BOUNDED_CURVE() B_SPLINE_CURVE(2,(#190,#191,#192,#193,#194,#195
,#196),.UNSPECIFIED.,.T.,.F.) B_SPLINE_CURVE_WITH_KNOTS((1,2,2,2,2,1),(
    -2.094395102393,0.,2.094395102393,4.188790204786,6.28318530718,
8.377580409573),.UNSPECIFIED.) CURVE() GEOMETRIC_REPRESENTATION_ITEM() 
RATIONAL_B_SPLINE_CURVE((1.,0.5,1.,0.5,1.,0.5,1.)) REPRESENTATION_ITEM(
  '') );
#190 = CARTESIAN_POINT('',(-39.,0.));
#191 = CARTESIAN_POINT('',(-39.,36.373066958946));
#192 = CARTESIAN_POINT('',(-7.5,18.186533479473));
#193 = CARTESIAN_POINT('',(24.,5.143516556419E-15));
#194 = CARTESIAN_POINT('',(-7.5,-18.18653347947));
#195 = CARTESIAN_POINT('',(-39.,-36.37306695894));
#196 = CARTESIAN_POINT('',(-39.,0.));
#197 = ( GEOMETRIC_REPRESENTATION_CONTEXT(2) 
PARAMETRIC_REPRESENTATION_CONTEXT() REPRESENTATION_CONTEXT('2D SPACE',''
  ) );
#198 = ORIENTED_EDGE('',*,*,#199,.F.);
#199 = EDGE_CURVE('',#200,#167,#202,.T.);
#200 = VERTEX_POINT('',#201);
#201 = CARTESIAN_POINT('',(-20.94636006565,1.5,-25.));
#202 = SURFACE_CURVE('',#203,(#208,#215),.PCURVE_S1.);
#203 = CIRCLE('',#204,21.);
#204 = AXIS2_PLACEMENT_3D('',#205,#206,#207);
#205 = CARTESIAN_POINT('',(0.,0.,-25.));
#206 = DIRECTION('',(0.,0.,1.));
#207 = DIRECTION('',(1.,0.,-0.));
#208 = PCURVE('',#33,#209);
#209 = DEFINITIONAL_REPRESENTATION('',(#210),#214);
#210 = LINE('',#211,#212);
#211 = CARTESIAN_POINT('',(0.,4.));
#212 = VECTOR('',#213,1.);
#213 = DIRECTION('',(1.,0.));
#214 = ( GEOMETRIC_REPRESENTATION_CONTEXT(2) 
PARAMETRIC_REPRESENTATION_CONTEXT() REPRESENTATION_CONTEXT('2D SPACE',''
  ) );
#215 = PCURVE('',#216,#221);
#216 = PLANE('',#217);
#217 = AXIS2_PLACEMENT_3D('',#218,#219,#220);
#218 = CARTESIAN_POINT('',(-18.,0.,-25.));
#219 = DIRECTION('',(-0.,-0.,-1.));
#220 = DIRECTION('',(-1.,0.,0.));
#221 = DEFINITIONAL_REPRESENTATION('',(#222),#230);
#222 = ( BOUNDED_CURVE() B_SPLINE_CURVE(2,(#223,#224,#225,#226,#227,#228
,#229),.UNSPECIFIED.,.T.,.F.) B_SPLINE_CURVE_WITH_KNOTS((1,2,2,2,2,1),(
    -2.094395102393,0.,2.094395102393,4.188790204786,6.28318530718,
8.377580409573),.UNSPECIFIED.) CURVE() GEOMETRIC_REPRESENTATION_ITEM() 
RATIONAL_B_SPLINE_CURVE((1.,0.5,1.,0.5,1.,0.5,1.)) REPRESENTATION_ITEM(
  '') );
#223 = CARTESIAN_POINT('',(-39.,0.));
#224 = CARTESIAN_POINT('',(-39.,36.373066958946));
#225 = CARTESIAN_POINT('',(-7.5,18.186533479473));
#226 = CARTESIAN_POINT('',(24.,5.143516556419E-15));
#227 = CARTESIAN_POINT('',(-7.5,-18.18653347947));
#228 = CARTESIAN_POINT('',(-39.,-36.37306695894));
#229 = CARTESIAN_POINT('',(-39.,0.));
#230 = ( GEOMETRIC_REPRESENTATION_CONTEXT(2) 
PARAMETRIC_REPRESENTATION_CONTEXT() REPRESENTATION_CONTEXT('2D SPACE',''
  ) );
#231 = ORIENTED_EDGE('',*,*,#232,.F.);
#232 = EDGE_CURVE('',#24,#200,#233,.T.);
#233 = SURFACE_CURVE('',#234,(#239,#246),.PCURVE_S1.);
#234 = CIRCLE('',#235,21.);
#235 = AXIS2_PLACEMENT_3D('',#236,#237,#238);
#236 = CARTESIAN_POINT('',(0.,0.,-25.));
#237 = DIRECTION('',(0.,0.,1.));
#238 = DIRECTION('',(1.,0.,-0.));
#239 = PCURVE('',#33,#240);
#240 = DEFINITIONAL_REPRESENTATION('',(#241),#245);
#241 = LINE('',#242,#243);
#242 = CARTESIAN_POINT('',(0.,4.));
#243 = VECTOR('',#244,1.);
#244 = DIRECTION('',(1.,0.));
#245 = ( GEOMETRIC_REPRESENTATION_CONTEXT(2) 
PARAMETRIC_REPRESENTATION_CONTEXT() REPRESENTATION_CONTEXT('2D SPACE',''
  ) );
#246 = PCURVE('',#154,#247);
#247 = DEFINITIONAL_REPRESENTATION('',(#248),#252);
#248 = CIRCLE('',#249,21.);
#249 = AXIS2_PLACEMENT_2D('',#250,#251);
#250 = CARTESIAN_POINT('',(0.,0.));
#251 = DIRECTION('',(1.,0.));
#252 = ( GEOMETRIC_REPRESENTATION_CONTEXT(2) 
PARAMETRIC_REPRESENTATION_CONTEXT() REPRESENTATION_CONTEXT('2D SPACE',''
  ) );
#253 = ADVANCED_FACE('',(#254),#45,.F.);
#254 = FACE_BOUND('',#255,.F.);
#255 = EDGE_LOOP('',(#256,#284,#285));
#256 = ORIENTED_EDGE('',*,*,#257,.F.);
#257 = EDGE_CURVE('',#24,#258,#260,.T.);
#258 = VERTEX_POINT('',#259);
#259 = CARTESIAN_POINT('',(21.,1.5,-25.));
#260 = SURFACE_CURVE('',#261,(#265,#272),.PCURVE_S1.);
#261 = LINE('',#262,#263);
#262 = CARTESIAN_POINT('',(18.,1.5,-25.));
#263 = VECTOR('',#264,1.);
#264 = DIRECTION('',(1.,0.,0.));
#265 = PCURVE('',#45,#266);
#266 = DEFINITIONAL_REPRESENTATION('',(#267),#271);
#267 = LINE('',#268,#269);
#268 = CARTESIAN_POINT('',(0.,1.5));
#269 = VECTOR('',#270,1.);
#270 = DIRECTION('',(1.,0.));
#271 = ( GEOMETRIC_REPRESENTATION_CONTEXT(2) 
PARAMETRIC_REPRESENTATION_CONTEXT() REPRESENTATION_CONTEXT('2D SPACE',''
  ) );
#272 = PCURVE('',#273,#278);
#273 = PLANE('',#274);
#274 = AXIS2_PLACEMENT_3D('',#275,#276,#277);
#275 = CARTESIAN_POINT('',(18.860076627228,1.5,-20.63992337277));
#276 = DIRECTION('',(-0.,-1.,-0.));
#277 = DIRECTION('',(0.,0.,-1.));
#278 = DEFINITIONAL_REPRESENTATION('',(#279),#283);
#279 = LINE('',#280,#281);
#280 = CARTESIAN_POINT('',(4.360076627228,-0.860076627228));
#281 = VECTOR('',#282,1.);
#282 = DIRECTION('',(0.,1.));
#283 = ( GEOMETRIC_REPRESENTATION_CONTEXT(2) 
PARAMETRIC_REPRESENTATION_CONTEXT() REPRESENTATION_CONTEXT('2D SPACE',''
  ) );
#284 = ORIENTED_EDGE('',*,*,#21,.F.);
#285 = ORIENTED_EDGE('',*,*,#286,.F.);
#286 = EDGE_CURVE('',#258,#22,#287,.T.);
#287 = SURFACE_CURVE('',#288,(#292,#299),.PCURVE_S1.);
#288 = LINE('',#289,#290);
#289 = CARTESIAN_POINT('',(21.,1.5,-25.));
#290 = VECTOR('',#291,1.);
#291 = DIRECTION('',(0.,-1.,0.));
#292 = PCURVE('',#45,#293);
#293 = DEFINITIONAL_REPRESENTATION('',(#294),#298);
#294 = LINE('',#295,#296);
#295 = CARTESIAN_POINT('',(3.,1.5));
#296 = VECTOR('',#297,1.);
#297 = DIRECTION('',(0.,-1.));
#298 = ( GEOMETRIC_REPRESENTATION_CONTEXT(2) 
PARAMETRIC_REPRESENTATION_CONTEXT() REPRESENTATION_CONTEXT('2D SPACE',''
  ) );
#299 = PCURVE('',#300,#305);
#300 = PLANE('',#301);
#301 = AXIS2_PLACEMENT_3D('',#302,#303,#304);
#302 = CARTESIAN_POINT('',(21.,0.,-25.));
#303 = DIRECTION('',(-0.957826285221,-0.,-0.287347885566));
#304 = DIRECTION('',(-0.287347885566,0.,0.957826285221));
#305 = DEFINITIONAL_REPRESENTATION('',(#306),#310);
#306 = LINE('',#307,#308);
#307 = CARTESIAN_POINT('',(0.,1.5));
#308 = VECTOR('',#309,1.);
#309 = DIRECTION('',(0.,-1.));
#310 = ( GEOMETRIC_REPRESENTATION_CONTEXT(2) 
PARAMETRIC_REPRESENTATION_CONTEXT() REPRESENTATION_CONTEXT('2D SPACE',''
  ) );
#311 = ADVANCED_FACE('',(#312,#675,#706),#154,.T.);
#312 = FACE_BOUND('',#313,.T.);
#313 = EDGE_LOOP('',(#314,#342,#343,#371,#398,#424,#451,#477,#499,#520,
    #521,#549,#576,#602,#629,#655));
#314 = ORIENTED_EDGE('',*,*,#315,.T.);
#315 = EDGE_CURVE('',#316,#138,#318,.T.);
#316 = VERTEX_POINT('',#317);
#317 = CARTESIAN_POINT('',(-18.,-1.5,-25.));
#318 = SURFACE_CURVE('',#319,(#323,#330),.PCURVE_S1.);
#319 = LINE('',#320,#321);
#320 = CARTESIAN_POINT('',(-18.,-1.5,-25.));
#321 = VECTOR('',#322,1.);
#322 = DIRECTION('',(-1.,0.,0.));
#323 = PCURVE('',#154,#324);
#324 = DEFINITIONAL_REPRESENTATION('',(#325),#329);
#325 = LINE('',#326,#327);
#326 = CARTESIAN_POINT('',(-18.,-1.5));
#327 = VECTOR('',#328,1.);
#328 = DIRECTION('',(-1.,0.));
#329 = ( GEOMETRIC_REPRESENTATION_CONTEXT(2) 
PARAMETRIC_REPRESENTATION_CONTEXT() REPRESENTATION_CONTEXT('2D SPACE',''
  ) );
#330 = PCURVE('',#331,#336);
#331 = PLANE('',#332);
#332 = AXIS2_PLACEMENT_3D('',#333,#334,#335);
#333 = CARTESIAN_POINT('',(-18.86007662722,-1.5,-20.63992337277));
#334 = DIRECTION('',(0.,1.,0.));
#335 = DIRECTION('',(0.,-0.,1.));
#336 = DEFINITIONAL_REPRESENTATION('',(#337),#341);
#337 = LINE('',#338,#339);
#338 = CARTESIAN_POINT('',(-4.360076627228,0.860076627228));
#339 = VECTOR('',#340,1.);
#340 = DIRECTION('',(0.,-1.));
#341 = ( GEOMETRIC_REPRESENTATION_CONTEXT(2) 
PARAMETRIC_REPRESENTATION_CONTEXT() REPRESENTATION_CONTEXT('2D SPACE',''
  ) );
#342 = ORIENTED_EDGE('',*,*,#137,.T.);
#343 = ORIENTED_EDGE('',*,*,#344,.F.);
#344 = EDGE_CURVE('',#345,#109,#347,.T.);
#345 = VERTEX_POINT('',#346);
#346 = CARTESIAN_POINT('',(18.,-1.5,-25.));
#347 = SURFACE_CURVE('',#348,(#352,#359),.PCURVE_S1.);
#348 = LINE('',#349,#350);
#349 = CARTESIAN_POINT('',(18.,-1.5,-25.));
#350 = VECTOR('',#351,1.);
#351 = DIRECTION('',(1.,0.,0.));
#352 = PCURVE('',#154,#353);
#353 = DEFINITIONAL_REPRESENTATION('',(#354),#358);
#354 = LINE('',#355,#356);
#355 = CARTESIAN_POINT('',(18.,-1.5));
#356 = VECTOR('',#357,1.);
#357 = DIRECTION('',(1.,0.));
#358 = ( GEOMETRIC_REPRESENTATION_CONTEXT(2) 
PARAMETRIC_REPRESENTATION_CONTEXT() REPRESENTATION_CONTEXT('2D SPACE',''
  ) );
#359 = PCURVE('',#360,#365);
#360 = PLANE('',#361);
#361 = AXIS2_PLACEMENT_3D('',#362,#363,#364);
#362 = CARTESIAN_POINT('',(18.860076627228,-1.5,-20.63992337277));
#363 = DIRECTION('',(-0.,-1.,-0.));
#364 = DIRECTION('',(0.,0.,-1.));
#365 = DEFINITIONAL_REPRESENTATION('',(#366),#370);
#366 = LINE('',#367,#368);
#367 = CARTESIAN_POINT('',(4.360076627228,-0.860076627228));
#368 = VECTOR('',#369,1.);
#369 = DIRECTION('',(0.,1.));
#370 = ( GEOMETRIC_REPRESENTATION_CONTEXT(2) 
PARAMETRIC_REPRESENTATION_CONTEXT() REPRESENTATION_CONTEXT('2D SPACE',''
  ) );
#371 = ORIENTED_EDGE('',*,*,#372,.F.);
#372 = EDGE_CURVE('',#373,#345,#375,.T.);
#373 = VERTEX_POINT('',#374);
#374 = CARTESIAN_POINT('',(18.,-5.,-25.));
#375 = SURFACE_CURVE('',#376,(#380,#386),.PCURVE_S1.);
#376 = LINE('',#377,#378);
#377 = CARTESIAN_POINT('',(18.,-2.5,-25.));
#378 = VECTOR('',#379,1.);
#379 = DIRECTION('',(-0.,1.,0.));
#380 = PCURVE('',#154,#381);
#381 = DEFINITIONAL_REPRESENTATION('',(#382),#385);
#382 = B_SPLINE_CURVE_WITH_KNOTS('',1,(#383,#384),.UNSPECIFIED.,.F.,.F.,
  (2,2),(-2.5,7.5),.PIECEWISE_BEZIER_KNOTS.);
#383 = CARTESIAN_POINT('',(18.,-5.));
#384 = CARTESIAN_POINT('',(18.,5.));
#385 = ( GEOMETRIC_REPRESENTATION_CONTEXT(2) 
PARAMETRIC_REPRESENTATION_CONTEXT() REPRESENTATION_CONTEXT('2D SPACE',''
  ) );
#386 = PCURVE('',#387,#392);
#387 = PLANE('',#388);
#388 = AXIS2_PLACEMENT_3D('',#389,#390,#391);
#389 = CARTESIAN_POINT('',(18.,-5.,-25.01));
#390 = DIRECTION('',(1.,0.,-0.));
#391 = DIRECTION('',(0.,0.,1.));
#392 = DEFINITIONAL_REPRESENTATION('',(#393),#397);
#393 = LINE('',#394,#395);
#394 = CARTESIAN_POINT('',(1.E-02,-2.5));
#395 = VECTOR('',#396,1.);
#396 = DIRECTION('',(0.,-1.));
#397 = ( GEOMETRIC_REPRESENTATION_CONTEXT(2) 
PARAMETRIC_REPRESENTATION_CONTEXT() REPRESENTATION_CONTEXT('2D SPACE',''
  ) );
#398 = ORIENTED_EDGE('',*,*,#399,.T.);
#399 = EDGE_CURVE('',#373,#400,#402,.T.);
#400 = VERTEX_POINT('',#401);
#401 = CARTESIAN_POINT('',(15.,-5.,-25.));
#402 = SURFACE_CURVE('',#403,(#407,#413),.PCURVE_S1.);
#403 = LINE('',#404,#405);
#404 = CARTESIAN_POINT('',(7.5,-5.,-25.));
#405 = VECTOR('',#406,1.);
#406 = DIRECTION('',(-1.,-0.,0.));
#407 = PCURVE('',#154,#408);
#408 = DEFINITIONAL_REPRESENTATION('',(#409),#412);
#409 = B_SPLINE_CURVE_WITH_KNOTS('',1,(#410,#411),.UNSPECIFIED.,.F.,.F.,
  (2,2),(-10.5,-7.5),.PIECEWISE_BEZIER_KNOTS.);
#410 = CARTESIAN_POINT('',(18.,-5.));
#411 = CARTESIAN_POINT('',(15.,-5.));
#412 = ( GEOMETRIC_REPRESENTATION_CONTEXT(2) 
PARAMETRIC_REPRESENTATION_CONTEXT() REPRESENTATION_CONTEXT('2D SPACE',''
  ) );
#413 = PCURVE('',#414,#419);
#414 = PLANE('',#415);
#415 = AXIS2_PLACEMENT_3D('',#416,#417,#418);
#416 = CARTESIAN_POINT('',(15.,-5.,-25.01));
#417 = DIRECTION('',(-0.,1.,0.));
#418 = DIRECTION('',(0.,0.,1.));
#419 = DEFINITIONAL_REPRESENTATION('',(#420),#423);
#420 = B_SPLINE_CURVE_WITH_KNOTS('',1,(#421,#422),.UNSPECIFIED.,.F.,.F.,
  (2,2),(-10.5,-7.5),.PIECEWISE_BEZIER_KNOTS.);
#421 = CARTESIAN_POINT('',(1.E-02,3.));
#422 = CARTESIAN_POINT('',(1.E-02,0.));
#423 = ( GEOMETRIC_REPRESENTATION_CONTEXT(2) 
PARAMETRIC_REPRESENTATION_CONTEXT() REPRESENTATION_CONTEXT('2D SPACE',''
  ) );
#424 = ORIENTED_EDGE('',*,*,#425,.T.);
#425 = EDGE_CURVE('',#400,#426,#428,.T.);
#426 = VERTEX_POINT('',#427);
#427 = CARTESIAN_POINT('',(15.,5.,-25.));
#428 = SURFACE_CURVE('',#429,(#433,#439),.PCURVE_S1.);
#429 = LINE('',#430,#431);
#430 = CARTESIAN_POINT('',(15.,-2.5,-25.));
#431 = VECTOR('',#432,1.);
#432 = DIRECTION('',(-0.,1.,0.));
#433 = PCURVE('',#154,#434);
#434 = DEFINITIONAL_REPRESENTATION('',(#435),#438);
#435 = B_SPLINE_CURVE_WITH_KNOTS('',1,(#436,#437),.UNSPECIFIED.,.F.,.F.,
  (2,2),(-2.5,7.5),.PIECEWISE_BEZIER_KNOTS.);
#436 = CARTESIAN_POINT('',(15.,-5.));
#437 = CARTESIAN_POINT('',(15.,5.));
#438 = ( GEOMETRIC_REPRESENTATION_CONTEXT(2) 
PARAMETRIC_REPRESENTATION_CONTEXT() REPRESENTATION_CONTEXT('2D SPACE',''
  ) );
#439 = PCURVE('',#440,#445);
#440 = PLANE('',#441);
#441 = AXIS2_PLACEMENT_3D('',#442,#443,#444);
#442 = CARTESIAN_POINT('',(15.,-5.,-25.01));
#443 = DIRECTION('',(1.,0.,-0.));
#444 = DIRECTION('',(0.,0.,1.));
#445 = DEFINITIONAL_REPRESENTATION('',(#446),#450);
#446 = LINE('',#447,#448);
#447 = CARTESIAN_POINT('',(1.E-02,-2.5));
#448 = VECTOR('',#449,1.);
#449 = DIRECTION('',(0.,-1.));
#450 = ( GEOMETRIC_REPRESENTATION_CONTEXT(2) 
PARAMETRIC_REPRESENTATION_CONTEXT() REPRESENTATION_CONTEXT('2D SPACE',''
  ) );
#451 = ORIENTED_EDGE('',*,*,#452,.F.);
#452 = EDGE_CURVE('',#453,#426,#455,.T.);
#453 = VERTEX_POINT('',#454);
#454 = CARTESIAN_POINT('',(18.,5.,-25.));
#455 = SURFACE_CURVE('',#456,(#460,#466),.PCURVE_S1.);
#456 = LINE('',#457,#458);
#457 = CARTESIAN_POINT('',(7.5,5.,-25.));
#458 = VECTOR('',#459,1.);
#459 = DIRECTION('',(-1.,-0.,0.));
#460 = PCURVE('',#154,#461);
#461 = DEFINITIONAL_REPRESENTATION('',(#462),#465);
#462 = B_SPLINE_CURVE_WITH_KNOTS('',1,(#463,#464),.UNSPECIFIED.,.F.,.F.,
  (2,2),(-10.5,-7.5),.PIECEWISE_BEZIER_KNOTS.);
#463 = CARTESIAN_POINT('',(18.,5.));
#464 = CARTESIAN_POINT('',(15.,5.));
#465 = ( GEOMETRIC_REPRESENTATION_CONTEXT(2) 
PARAMETRIC_REPRESENTATION_CONTEXT() REPRESENTATION_CONTEXT('2D SPACE',''
  ) );
#466 = PCURVE('',#467,#472);
#467 = PLANE('',#468);
#468 = AXIS2_PLACEMENT_3D('',#469,#470,#471);
#469 = CARTESIAN_POINT('',(15.,5.,-25.01));
#470 = DIRECTION('',(-0.,1.,0.));
#471 = DIRECTION('',(0.,0.,1.));
#472 = DEFINITIONAL_REPRESENTATION('',(#473),#476);
#473 = B_SPLINE_CURVE_WITH_KNOTS('',1,(#474,#475),.UNSPECIFIED.,.F.,.F.,
  (2,2),(-10.5,-7.5),.PIECEWISE_BEZIER_KNOTS.);
#474 = CARTESIAN_POINT('',(1.E-02,3.));
#475 = CARTESIAN_POINT('',(1.E-02,0.));
#476 = ( GEOMETRIC_REPRESENTATION_CONTEXT(2) 
PARAMETRIC_REPRESENTATION_CONTEXT() REPRESENTATION_CONTEXT('2D SPACE',''
  ) );
#477 = ORIENTED_EDGE('',*,*,#478,.F.);
#478 = EDGE_CURVE('',#479,#453,#481,.T.);
#479 = VERTEX_POINT('',#480);
#480 = CARTESIAN_POINT('',(18.,1.5,-25.));
#481 = SURFACE_CURVE('',#482,(#486,#492),.PCURVE_S1.);
#482 = LINE('',#483,#484);
#483 = CARTESIAN_POINT('',(18.,-2.5,-25.));
#484 = VECTOR('',#485,1.);
#485 = DIRECTION('',(-0.,1.,0.));
#486 = PCURVE('',#154,#487);
#487 = DEFINITIONAL_REPRESENTATION('',(#488),#491);
#488 = B_SPLINE_CURVE_WITH_KNOTS('',1,(#489,#490),.UNSPECIFIED.,.F.,.F.,
  (2,2),(-2.5,7.5),.PIECEWISE_BEZIER_KNOTS.);
#489 = CARTESIAN_POINT('',(18.,-5.));
#490 = CARTESIAN_POINT('',(18.,5.));
#491 = ( GEOMETRIC_REPRESENTATION_CONTEXT(2) 
PARAMETRIC_REPRESENTATION_CONTEXT() REPRESENTATION_CONTEXT('2D SPACE',''
  ) );
#492 = PCURVE('',#387,#493);
#493 = DEFINITIONAL_REPRESENTATION('',(#494),#498);
#494 = LINE('',#495,#496);
#495 = CARTESIAN_POINT('',(1.E-02,-2.5));
#496 = VECTOR('',#497,1.);
#497 = DIRECTION('',(0.,-1.));
#498 = ( GEOMETRIC_REPRESENTATION_CONTEXT(2) 
PARAMETRIC_REPRESENTATION_CONTEXT() REPRESENTATION_CONTEXT('2D SPACE',''
  ) );
#499 = ORIENTED_EDGE('',*,*,#500,.T.);
#500 = EDGE_CURVE('',#479,#24,#501,.T.);
#501 = SURFACE_CURVE('',#502,(#506,#513),.PCURVE_S1.);
#502 = LINE('',#503,#504);
#503 = CARTESIAN_POINT('',(18.,1.5,-25.));
#504 = VECTOR('',#505,1.);
#505 = DIRECTION('',(1.,0.,0.));
#506 = PCURVE('',#154,#507);
#507 = DEFINITIONAL_REPRESENTATION('',(#508),#512);
#508 = LINE('',#509,#510);
#509 = CARTESIAN_POINT('',(18.,1.5));
#510 = VECTOR('',#511,1.);
#511 = DIRECTION('',(1.,0.));
#512 = ( GEOMETRIC_REPRESENTATION_CONTEXT(2) 
PARAMETRIC_REPRESENTATION_CONTEXT() REPRESENTATION_CONTEXT('2D SPACE',''
  ) );
#513 = PCURVE('',#273,#514);
#514 = DEFINITIONAL_REPRESENTATION('',(#515),#519);
#515 = LINE('',#516,#517);
#516 = CARTESIAN_POINT('',(4.360076627228,-0.860076627228));
#517 = VECTOR('',#518,1.);
#518 = DIRECTION('',(0.,1.));
#519 = ( GEOMETRIC_REPRESENTATION_CONTEXT(2) 
PARAMETRIC_REPRESENTATION_CONTEXT() REPRESENTATION_CONTEXT('2D SPACE',''
  ) );
#520 = ORIENTED_EDGE('',*,*,#232,.T.);
#521 = ORIENTED_EDGE('',*,*,#522,.F.);
#522 = EDGE_CURVE('',#523,#200,#525,.T.);
#523 = VERTEX_POINT('',#524);
#524 = CARTESIAN_POINT('',(-18.,1.5,-25.));
#525 = SURFACE_CURVE('',#526,(#530,#537),.PCURVE_S1.);
#526 = LINE('',#527,#528);
#527 = CARTESIAN_POINT('',(-18.,1.5,-25.));
#528 = VECTOR('',#529,1.);
#529 = DIRECTION('',(-1.,0.,0.));
#530 = PCURVE('',#154,#531);
#531 = DEFINITIONAL_REPRESENTATION('',(#532),#536);
#532 = LINE('',#533,#534);
#533 = CARTESIAN_POINT('',(-18.,1.5));
#534 = VECTOR('',#535,1.);
#535 = DIRECTION('',(-1.,0.));
#536 = ( GEOMETRIC_REPRESENTATION_CONTEXT(2) 
PARAMETRIC_REPRESENTATION_CONTEXT() REPRESENTATION_CONTEXT('2D SPACE',''
  ) );
#537 = PCURVE('',#538,#543);
#538 = PLANE('',#539);
#539 = AXIS2_PLACEMENT_3D('',#540,#541,#542);
#540 = CARTESIAN_POINT('',(-18.86007662722,1.5,-20.63992337277));
#541 = DIRECTION('',(0.,1.,0.));
#542 = DIRECTION('',(0.,-0.,1.));
#543 = DEFINITIONAL_REPRESENTATION('',(#544),#548);
#544 = LINE('',#545,#546);
#545 = CARTESIAN_POINT('',(-4.360076627228,0.860076627228));
#546 = VECTOR('',#547,1.);
#547 = DIRECTION('',(0.,-1.));
#548 = ( GEOMETRIC_REPRESENTATION_CONTEXT(2) 
PARAMETRIC_REPRESENTATION_CONTEXT() REPRESENTATION_CONTEXT('2D SPACE',''
  ) );
#549 = ORIENTED_EDGE('',*,*,#550,.T.);
#550 = EDGE_CURVE('',#523,#551,#553,.T.);
#551 = VERTEX_POINT('',#552);
#552 = CARTESIAN_POINT('',(-18.,5.,-25.));
#553 = SURFACE_CURVE('',#554,(#558,#564),.PCURVE_S1.);
#554 = LINE('',#555,#556);
#555 = CARTESIAN_POINT('',(-18.,-2.5,-25.));
#556 = VECTOR('',#557,1.);
#557 = DIRECTION('',(-0.,1.,0.));
#558 = PCURVE('',#154,#559);
#559 = DEFINITIONAL_REPRESENTATION('',(#560),#563);
#560 = B_SPLINE_CURVE_WITH_KNOTS('',1,(#561,#562),.UNSPECIFIED.,.F.,.F.,
  (2,2),(-2.5,7.5),.PIECEWISE_BEZIER_KNOTS.);
#561 = CARTESIAN_POINT('',(-18.,-5.));
#562 = CARTESIAN_POINT('',(-18.,5.));
#563 = ( GEOMETRIC_REPRESENTATION_CONTEXT(2) 
PARAMETRIC_REPRESENTATION_CONTEXT() REPRESENTATION_CONTEXT('2D SPACE',''
  ) );
#564 = PCURVE('',#565,#570);
#565 = PLANE('',#566);
#566 = AXIS2_PLACEMENT_3D('',#567,#568,#569);
#567 = CARTESIAN_POINT('',(-18.,-5.,-25.01));
#568 = DIRECTION('',(1.,0.,-0.));
#569 = DIRECTION('',(0.,0.,1.));
#570 = DEFINITIONAL_REPRESENTATION('',(#571),#575);
#571 = LINE('',#572,#573);
#572 = CARTESIAN_POINT('',(1.E-02,-2.5));
#573 = VECTOR('',#574,1.);
#574 = DIRECTION('',(0.,-1.));
#575 = ( GEOMETRIC_REPRESENTATION_CONTEXT(2) 
PARAMETRIC_REPRESENTATION_CONTEXT() REPRESENTATION_CONTEXT('2D SPACE',''
  ) );
#576 = ORIENTED_EDGE('',*,*,#577,.F.);
#577 = EDGE_CURVE('',#578,#551,#580,.T.);
#578 = VERTEX_POINT('',#579);
#579 = CARTESIAN_POINT('',(-15.,5.,-25.));
#580 = SURFACE_CURVE('',#581,(#585,#591),.PCURVE_S1.);
#581 = LINE('',#582,#583);
#582 = CARTESIAN_POINT('',(-9.,5.,-25.));
#583 = VECTOR('',#584,1.);
#584 = DIRECTION('',(-1.,-0.,0.));
#585 = PCURVE('',#154,#586);
#586 = DEFINITIONAL_REPRESENTATION('',(#587),#590);
#587 = B_SPLINE_CURVE_WITH_KNOTS('',1,(#588,#589),.UNSPECIFIED.,.F.,.F.,
  (2,2),(6.,9.),.PIECEWISE_BEZIER_KNOTS.);
#588 = CARTESIAN_POINT('',(-15.,5.));
#589 = CARTESIAN_POINT('',(-18.,5.));
#590 = ( GEOMETRIC_REPRESENTATION_CONTEXT(2) 
PARAMETRIC_REPRESENTATION_CONTEXT() REPRESENTATION_CONTEXT('2D SPACE',''
  ) );
#591 = PCURVE('',#592,#597);
#592 = PLANE('',#593);
#593 = AXIS2_PLACEMENT_3D('',#594,#595,#596);
#594 = CARTESIAN_POINT('',(-18.,5.,-25.01));
#595 = DIRECTION('',(-0.,1.,0.));
#596 = DIRECTION('',(0.,0.,1.));
#597 = DEFINITIONAL_REPRESENTATION('',(#598),#601);
#598 = B_SPLINE_CURVE_WITH_KNOTS('',1,(#599,#600),.UNSPECIFIED.,.F.,.F.,
  (2,2),(6.,9.),.PIECEWISE_BEZIER_KNOTS.);
#599 = CARTESIAN_POINT('',(1.E-02,3.));
#600 = CARTESIAN_POINT('',(1.E-02,0.));
#601 = ( GEOMETRIC_REPRESENTATION_CONTEXT(2) 
PARAMETRIC_REPRESENTATION_CONTEXT() REPRESENTATION_CONTEXT('2D SPACE',''
  ) );
#602 = ORIENTED_EDGE('',*,*,#603,.F.);
#603 = EDGE_CURVE('',#604,#578,#606,.T.);
#604 = VERTEX_POINT('',#605);
#605 = CARTESIAN_POINT('',(-15.,-5.,-25.));
#606 = SURFACE_CURVE('',#607,(#611,#617),.PCURVE_S1.);
#607 = LINE('',#608,#609);
#608 = CARTESIAN_POINT('',(-15.,-2.5,-25.));
#609 = VECTOR('',#610,1.);
#610 = DIRECTION('',(-0.,1.,0.));
#611 = PCURVE('',#154,#612);
#612 = DEFINITIONAL_REPRESENTATION('',(#613),#616);
#613 = B_SPLINE_CURVE_WITH_KNOTS('',1,(#614,#615),.UNSPECIFIED.,.F.,.F.,
  (2,2),(-2.5,7.5),.PIECEWISE_BEZIER_KNOTS.);
#614 = CARTESIAN_POINT('',(-15.,-5.));
#615 = CARTESIAN_POINT('',(-15.,5.));
#616 = ( GEOMETRIC_REPRESENTATION_CONTEXT(2) 
PARAMETRIC_REPRESENTATION_CONTEXT() REPRESENTATION_CONTEXT('2D SPACE',''
  ) );
#617 = PCURVE('',#618,#623);
#618 = PLANE('',#619);
#619 = AXIS2_PLACEMENT_3D('',#620,#621,#622);
#620 = CARTESIAN_POINT('',(-15.,-5.,-25.01));
#621 = DIRECTION('',(1.,0.,-0.));
#622 = DIRECTION('',(0.,0.,1.));
#623 = DEFINITIONAL_REPRESENTATION('',(#624),#628);
#624 = LINE('',#625,#626);
#625 = CARTESIAN_POINT('',(1.E-02,-2.5));
#626 = VECTOR('',#627,1.);
#627 = DIRECTION('',(0.,-1.));
#628 = ( GEOMETRIC_REPRESENTATION_CONTEXT(2) 
PARAMETRIC_REPRESENTATION_CONTEXT() REPRESENTATION_CONTEXT('2D SPACE',''
  ) );
#629 = ORIENTED_EDGE('',*,*,#630,.T.);
#630 = EDGE_CURVE('',#604,#631,#633,.T.);
#631 = VERTEX_POINT('',#632);
#632 = CARTESIAN_POINT('',(-18.,-5.,-25.));
#633 = SURFACE_CURVE('',#634,(#638,#644),.PCURVE_S1.);
#634 = LINE('',#635,#636);
#635 = CARTESIAN_POINT('',(-9.,-5.,-25.));
#636 = VECTOR('',#637,1.);
#637 = DIRECTION('',(-1.,-0.,0.));
#638 = PCURVE('',#154,#639);
#639 = DEFINITIONAL_REPRESENTATION('',(#640),#643);
#640 = B_SPLINE_CURVE_WITH_KNOTS('',1,(#641,#642),.UNSPECIFIED.,.F.,.F.,
  (2,2),(6.,9.),.PIECEWISE_BEZIER_KNOTS.);
#641 = CARTESIAN_POINT('',(-15.,-5.));
#642 = CARTESIAN_POINT('',(-18.,-5.));
#643 = ( GEOMETRIC_REPRESENTATION_CONTEXT(2) 
PARAMETRIC_REPRESENTATION_CONTEXT() REPRESENTATION_CONTEXT('2D SPACE',''
  ) );
#644 = PCURVE('',#645,#650);
#645 = PLANE('',#646);
#646 = AXIS2_PLACEMENT_3D('',#647,#648,#649);
#647 = CARTESIAN_POINT('',(-18.,-5.,-25.01));
#648 = DIRECTION('',(-0.,1.,0.));
#649 = DIRECTION('',(0.,0.,1.));
#650 = DEFINITIONAL_REPRESENTATION('',(#651),#654);
#651 = B_SPLINE_CURVE_WITH_KNOTS('',1,(#652,#653),.UNSPECIFIED.,.F.,.F.,
  (2,2),(6.,9.),.PIECEWISE_BEZIER_KNOTS.);
#652 = CARTESIAN_POINT('',(1.E-02,3.));
#653 = CARTESIAN_POINT('',(1.E-02,0.));
#654 = ( GEOMETRIC_REPRESENTATION_CONTEXT(2) 
PARAMETRIC_REPRESENTATION_CONTEXT() REPRESENTATION_CONTEXT('2D SPACE',''
  ) );
#655 = ORIENTED_EDGE('',*,*,#656,.T.);
#656 = EDGE_CURVE('',#631,#316,#657,.T.);
#657 = SURFACE_CURVE('',#658,(#662,#668),.PCURVE_S1.);
#658 = LINE('',#659,#660);
#659 = CARTESIAN_POINT('',(-18.,-2.5,-25.));
#660 = VECTOR('',#661,1.);
#661 = DIRECTION('',(-0.,1.,0.));
#662 = PCURVE('',#154,#663);
#663 = DEFINITIONAL_REPRESENTATION('',(#664),#667);
#664 = B_SPLINE_CURVE_WITH_KNOTS('',1,(#665,#666),.UNSPECIFIED.,.F.,.F.,
  (2,2),(-2.5,7.5),.PIECEWISE_BEZIER_KNOTS.);
#665 = CARTESIAN_POINT('',(-18.,-5.));
#666 = CARTESIAN_POINT('',(-18.,5.));
#667 = ( GEOMETRIC_REPRESENTATION_CONTEXT(2) 
PARAMETRIC_REPRESENTATION_CONTEXT() REPRESENTATION_CONTEXT('2D SPACE',''
  ) );
#668 = PCURVE('',#565,#669);
#669 = DEFINITIONAL_REPRESENTATION('',(#670),#674);
#670 = LINE('',#671,#672);
#671 = CARTESIAN_POINT('',(1.E-02,-2.5));
#672 = VECTOR('',#673,1.);
#673 = DIRECTION('',(0.,-1.));
#674 = ( GEOMETRIC_REPRESENTATION_CONTEXT(2) 
PARAMETRIC_REPRESENTATION_CONTEXT() REPRESENTATION_CONTEXT('2D SPACE',''
  ) );
#675 = FACE_BOUND('',#676,.T.);
#676 = EDGE_LOOP('',(#677));
#677 = ORIENTED_EDGE('',*,*,#678,.F.);
#678 = EDGE_CURVE('',#679,#679,#681,.T.);
#679 = VERTEX_POINT('',#680);
#680 = CARTESIAN_POINT('',(4.15,-1.016456843292E-15,-25.));
#681 = SURFACE_CURVE('',#682,(#687,#694),.PCURVE_S1.);
#682 = CIRCLE('',#683,4.15);
#683 = AXIS2_PLACEMENT_3D('',#684,#685,#686);
#684 = CARTESIAN_POINT('',(0.,0.,-25.));
#685 = DIRECTION('',(0.,0.,1.));
#686 = DIRECTION('',(1.,0.,-0.));
#687 = PCURVE('',#154,#688);
#688 = DEFINITIONAL_REPRESENTATION('',(#689),#693);
#689 = CIRCLE('',#690,4.15);
#690 = AXIS2_PLACEMENT_2D('',#691,#692);
#691 = CARTESIAN_POINT('',(0.,0.));
#692 = DIRECTION('',(1.,0.));
#693 = ( GEOMETRIC_REPRESENTATION_CONTEXT(2) 
PARAMETRIC_REPRESENTATION_CONTEXT() REPRESENTATION_CONTEXT('2D SPACE',''
  ) );
#694 = PCURVE('',#695,#700);
#695 = CYLINDRICAL_SURFACE('',#696,4.15);
#696 = AXIS2_PLACEMENT_3D('',#697,#698,#699);
#697 = CARTESIAN_POINT('',(0.,0.,-30.));
#698 = DIRECTION('',(0.,0.,1.));
#699 = DIRECTION('',(1.,0.,-0.));
#700 = DEFINITIONAL_REPRESENTATION('',(#701),#705);
#701 = LINE('',#702,#703);
#702 = CARTESIAN_POINT('',(0.,5.));
#703 = VECTOR('',#704,1.);
#704 = DIRECTION('',(1.,0.));
#705 = ( GEOMETRIC_REPRESENTATION_CONTEXT(2) 
PARAMETRIC_REPRESENTATION_CONTEXT() REPRESENTATION_CONTEXT('2D SPACE',''
  ) );
#706 = FACE_BOUND('',#707,.T.);
#707 = EDGE_LOOP('',(#708,#736,#765,#791,#817,#843,#869,#895,#921,#947,
    #973,#999,#1025,#1051,#1077,#1103,#1129,#1155,#1181,#1207,#1233,
    #1259,#1285,#1311,#1337,#1363,#1389,#1418,#1444,#1470,#1496,#1522,
    #1548,#1574,#1600,#1626,#1652,#1678,#1704,#1730,#1756,#1782,#1808,
    #1834,#1860,#1886,#1912,#1938,#1964,#1990));
#708 = ORIENTED_EDGE('',*,*,#709,.F.);
#709 = EDGE_CURVE('',#710,#712,#714,.T.);
#710 = VERTEX_POINT('',#711);
#711 = CARTESIAN_POINT('',(-5.198204619411,11.147585780551,-25.));
#712 = VERTEX_POINT('',#713);
#713 = CARTESIAN_POINT('',(-4.789520316444,11.329187752808,-25.));
#714 = SURFACE_CURVE('',#715,(#719,#725),.PCURVE_S1.);
#715 = LINE('',#716,#717);
#716 = CARTESIAN_POINT('',(-4.891691392186,11.283787259744,-25.));
#717 = VECTOR('',#718,1.);
#718 = DIRECTION('',(0.913841003286,0.406072186579,-0.));
#719 = PCURVE('',#154,#720);
#720 = DEFINITIONAL_REPRESENTATION('',(#721),#724);
#721 = B_SPLINE_CURVE_WITH_KNOTS('',1,(#722,#723),.UNSPECIFIED.,.F.,.F.,
  (2,2),(-0.335411987559,0.111803995853),.PIECEWISE_BEZIER_KNOTS.);
#722 = CARTESIAN_POINT('',(-5.198204619411,11.147585780551));
#723 = CARTESIAN_POINT('',(-4.789520316444,11.329187752808));
#724 = ( GEOMETRIC_REPRESENTATION_CONTEXT(2) 
PARAMETRIC_REPRESENTATION_CONTEXT() REPRESENTATION_CONTEXT('2D SPACE',''
  ) );
#725 = PCURVE('',#726,#731);
#726 = PLANE('',#727);
#727 = AXIS2_PLACEMENT_3D('',#728,#729,#730);
#728 = CARTESIAN_POINT('',(-4.789520316444,11.329187752808,-30.));
#729 = DIRECTION('',(0.406072186579,-0.913841003286,0.));
#730 = DIRECTION('',(-0.913841003286,-0.406072186579,0.));
#731 = DEFINITIONAL_REPRESENTATION('',(#732),#735);
#732 = B_SPLINE_CURVE_WITH_KNOTS('',1,(#733,#734),.UNSPECIFIED.,.F.,.F.,
  (2,2),(-0.335411987559,0.111803995853),.PIECEWISE_BEZIER_KNOTS.);
#733 = CARTESIAN_POINT('',(0.447215983412,-5.));
#734 = CARTESIAN_POINT('',(0.,-5.));
#735 = ( GEOMETRIC_REPRESENTATION_CONTEXT(2) 
PARAMETRIC_REPRESENTATION_CONTEXT() REPRESENTATION_CONTEXT('2D SPACE',''
  ) );
#736 = ORIENTED_EDGE('',*,*,#737,.F.);
#737 = EDGE_CURVE('',#738,#710,#740,.T.);
#738 = VERTEX_POINT('',#739);
#739 = CARTESIAN_POINT('',(-6.578621886968,14.254131716056,-25.));
#740 = SURFACE_CURVE('',#741,(#746,#753),.PCURVE_S1.);
#741 = CIRCLE('',#742,1.7);
#742 = AXIS2_PLACEMENT_3D('',#743,#744,#745);
#743 = CARTESIAN_POINT('',(-5.91665566437,12.688309018513,-25.));
#744 = DIRECTION('',(0.,0.,1.));
#745 = DIRECTION('',(1.,0.,-0.));
#746 = PCURVE('',#154,#747);
#747 = DEFINITIONAL_REPRESENTATION('',(#748),#752);
#748 = CIRCLE('',#749,1.7);
#749 = AXIS2_PLACEMENT_2D('',#750,#751);
#750 = CARTESIAN_POINT('',(-5.91665566437,12.688309018513));
#751 = DIRECTION('',(1.,0.));
#752 = ( GEOMETRIC_REPRESENTATION_CONTEXT(2) 
PARAMETRIC_REPRESENTATION_CONTEXT() REPRESENTATION_CONTEXT('2D SPACE',''
  ) );
#753 = PCURVE('',#754,#759);
#754 = CYLINDRICAL_SURFACE('',#755,1.7);
#755 = AXIS2_PLACEMENT_3D('',#756,#757,#758);
#756 = CARTESIAN_POINT('',(-5.91665566437,12.688309018513,-30.));
#757 = DIRECTION('',(0.,0.,1.));
#758 = DIRECTION('',(1.,0.,-0.));
#759 = DEFINITIONAL_REPRESENTATION('',(#760),#764);
#760 = LINE('',#761,#762);
#761 = CARTESIAN_POINT('',(0.,5.));
#762 = VECTOR('',#763,1.);
#763 = DIRECTION('',(1.,0.));
#764 = ( GEOMETRIC_REPRESENTATION_CONTEXT(2) 
PARAMETRIC_REPRESENTATION_CONTEXT() REPRESENTATION_CONTEXT('2D SPACE',''
  ) );
#765 = ORIENTED_EDGE('',*,*,#766,.F.);
#766 = EDGE_CURVE('',#767,#738,#769,.T.);
#767 = VERTEX_POINT('',#768);
#768 = CARTESIAN_POINT('',(-6.11345276164,14.460833147893,-25.));
#769 = SURFACE_CURVE('',#770,(#774,#780),.PCURVE_S1.);
#770 = LINE('',#771,#772);
#771 = CARTESIAN_POINT('',(-6.504693222407,14.28698247933,-25.));
#772 = VECTOR('',#773,1.);
#773 = DIRECTION('',(-0.913841003286,-0.406072186579,0.));
#774 = PCURVE('',#154,#775);
#775 = DEFINITIONAL_REPRESENTATION('',(#776),#779);
#776 = B_SPLINE_CURVE_WITH_KNOTS('',1,(#777,#778),.UNSPECIFIED.,.F.,.F.,
  (2,2),(-0.428127496315,8.089882626753E-02),.PIECEWISE_BEZIER_KNOTS.);
#777 = CARTESIAN_POINT('',(-6.11345276164,14.460833147893));
#778 = CARTESIAN_POINT('',(-6.578621886968,14.254131716056));
#779 = ( GEOMETRIC_REPRESENTATION_CONTEXT(2) 
PARAMETRIC_REPRESENTATION_CONTEXT() REPRESENTATION_CONTEXT('2D SPACE',''
  ) );
#780 = PCURVE('',#781,#786);
#781 = PLANE('',#782);
#782 = AXIS2_PLACEMENT_3D('',#783,#784,#785);
#783 = CARTESIAN_POINT('',(-6.635106709329,14.229032256475,-30.));
#784 = DIRECTION('',(-0.406072186579,0.913841003286,0.));
#785 = DIRECTION('',(0.913841003286,0.406072186579,0.));
#786 = DEFINITIONAL_REPRESENTATION('',(#787),#790);
#787 = B_SPLINE_CURVE_WITH_KNOTS('',1,(#788,#789),.UNSPECIFIED.,.F.,.F.,
  (2,2),(-0.428127496315,8.089882626753E-02),.PIECEWISE_BEZIER_KNOTS.);
#788 = CARTESIAN_POINT('',(0.570836661753,-5.));
#789 = CARTESIAN_POINT('',(6.181033917075E-02,-5.));
#790 = ( GEOMETRIC_REPRESENTATION_CONTEXT(2) 
PARAMETRIC_REPRESENTATION_CONTEXT() REPRESENTATION_CONTEXT('2D SPACE',''
  ) );
#791 = ORIENTED_EDGE('',*,*,#792,.F.);
#792 = EDGE_CURVE('',#793,#767,#795,.T.);
#793 = VERTEX_POINT('',#794);
#794 = CARTESIAN_POINT('',(-5.583716960494,14.673517127979,-25.));
#795 = SURFACE_CURVE('',#796,(#800,#806),.PCURVE_S1.);
#796 = LINE('',#797,#798);
#797 = CARTESIAN_POINT('',(-5.981018811353,14.514004142914,-25.));
#798 = VECTOR('',#799,1.);
#799 = DIRECTION('',(-0.927998912192,-0.372582902144,0.));
#800 = PCURVE('',#154,#801);
#801 = DEFINITIONAL_REPRESENTATION('',(#802),#805);
#802 = B_SPLINE_CURVE_WITH_KNOTS('',1,(#803,#804),.UNSPECIFIED.,.F.,.F.,
  (2,2),(-0.428127496315,0.142709165438),.PIECEWISE_BEZIER_KNOTS.);
#803 = CARTESIAN_POINT('',(-5.583716960494,14.673517127979));
#804 = CARTESIAN_POINT('',(-6.11345276164,14.460833147893));
#805 = ( GEOMETRIC_REPRESENTATION_CONTEXT(2) 
PARAMETRIC_REPRESENTATION_CONTEXT() REPRESENTATION_CONTEXT('2D SPACE',''
  ) );
#806 = PCURVE('',#807,#812);
#807 = PLANE('',#808);
#808 = AXIS2_PLACEMENT_3D('',#809,#810,#811);
#809 = CARTESIAN_POINT('',(-6.11345276164,14.460833147893,-30.));
#810 = DIRECTION('',(-0.372582902144,0.927998912192,0.));
#811 = DIRECTION('',(0.927998912192,0.372582902144,0.));
#812 = DEFINITIONAL_REPRESENTATION('',(#813),#816);
#813 = B_SPLINE_CURVE_WITH_KNOTS('',1,(#814,#815),.UNSPECIFIED.,.F.,.F.,
  (2,2),(-0.428127496315,0.142709165438),.PIECEWISE_BEZIER_KNOTS.);
#814 = CARTESIAN_POINT('',(0.570836661753,-5.));
#815 = CARTESIAN_POINT('',(0.,-5.));
#816 = ( GEOMETRIC_REPRESENTATION_CONTEXT(2) 
PARAMETRIC_REPRESENTATION_CONTEXT() REPRESENTATION_CONTEXT('2D SPACE',''
  ) );
#817 = ORIENTED_EDGE('',*,*,#818,.F.);
#818 = EDGE_CURVE('',#819,#793,#821,.T.);
#819 = VERTEX_POINT('',#820);
#820 = CARTESIAN_POINT('',(-5.04659960526,14.866803033073,-25.));
#821 = SURFACE_CURVE('',#822,(#826,#832),.PCURVE_S1.);
#822 = LINE('',#823,#824);
#823 = CARTESIAN_POINT('',(-5.449437621685,14.721838604253,-25.));
#824 = VECTOR('',#825,1.);
#825 = DIRECTION('',(-0.940930026436,-0.338601071102,0.));
#826 = PCURVE('',#154,#827);
#827 = DEFINITIONAL_REPRESENTATION('',(#828),#831);
#828 = B_SPLINE_CURVE_WITH_KNOTS('',1,(#829,#830),.UNSPECIFIED.,.F.,.F.,
  (2,2),(-0.428127496315,0.142709165438),.PIECEWISE_BEZIER_KNOTS.);
#829 = CARTESIAN_POINT('',(-5.04659960526,14.866803033073));
#830 = CARTESIAN_POINT('',(-5.583716960494,14.673517127979));
#831 = ( GEOMETRIC_REPRESENTATION_CONTEXT(2) 
PARAMETRIC_REPRESENTATION_CONTEXT() REPRESENTATION_CONTEXT('2D SPACE',''
  ) );
#832 = PCURVE('',#833,#838);
#833 = PLANE('',#834);
#834 = AXIS2_PLACEMENT_3D('',#835,#836,#837);
#835 = CARTESIAN_POINT('',(-5.583716960494,14.673517127979,-30.));
#836 = DIRECTION('',(-0.338601071102,0.940930026436,0.));
#837 = DIRECTION('',(0.940930026436,0.338601071102,0.));
#838 = DEFINITIONAL_REPRESENTATION('',(#839),#842);
#839 = B_SPLINE_CURVE_WITH_KNOTS('',1,(#840,#841),.UNSPECIFIED.,.F.,.F.,
  (2,2),(-0.428127496315,0.142709165438),.PIECEWISE_BEZIER_KNOTS.);
#840 = CARTESIAN_POINT('',(0.570836661753,-5.));
#841 = CARTESIAN_POINT('',(0.,-5.));
#842 = ( GEOMETRIC_REPRESENTATION_CONTEXT(2) 
PARAMETRIC_REPRESENTATION_CONTEXT() REPRESENTATION_CONTEXT('2D SPACE',''
  ) );
#843 = ORIENTED_EDGE('',*,*,#844,.F.);
#844 = EDGE_CURVE('',#845,#819,#847,.T.);
#845 = VERTEX_POINT('',#846);
#846 = CARTESIAN_POINT('',(-4.502810753564,15.040435343353,-25.));
#847 = SURFACE_CURVE('',#848,(#852,#858),.PCURVE_S1.);
#848 = LINE('',#849,#850);
#849 = CARTESIAN_POINT('',(-4.910652392336,14.910211110643,-25.));
#850 = VECTOR('',#851,1.);
#851 = DIRECTION('',(-0.952617251361,-0.304171616705,0.));
#852 = PCURVE('',#154,#853);
#853 = DEFINITIONAL_REPRESENTATION('',(#854),#857);
#854 = B_SPLINE_CURVE_WITH_KNOTS('',1,(#855,#856),.UNSPECIFIED.,.F.,.F.,
  (2,2),(-0.428127496315,0.142709165438),.PIECEWISE_BEZIER_KNOTS.);
#855 = CARTESIAN_POINT('',(-4.502810753564,15.040435343353));
#856 = CARTESIAN_POINT('',(-5.04659960526,14.866803033073));
#857 = ( GEOMETRIC_REPRESENTATION_CONTEXT(2) 
PARAMETRIC_REPRESENTATION_CONTEXT() REPRESENTATION_CONTEXT('2D SPACE',''
  ) );
#858 = PCURVE('',#859,#864);
#859 = PLANE('',#860);
#860 = AXIS2_PLACEMENT_3D('',#861,#862,#863);
#861 = CARTESIAN_POINT('',(-5.04659960526,14.866803033073,-30.));
#862 = DIRECTION('',(-0.304171616705,0.952617251361,0.));
#863 = DIRECTION('',(0.952617251361,0.304171616705,0.));
#864 = DEFINITIONAL_REPRESENTATION('',(#865),#868);
#865 = B_SPLINE_CURVE_WITH_KNOTS('',1,(#866,#867),.UNSPECIFIED.,.F.,.F.,
  (2,2),(-0.428127496315,0.142709165438),.PIECEWISE_BEZIER_KNOTS.);
#866 = CARTESIAN_POINT('',(0.570836661753,-5.));
#867 = CARTESIAN_POINT('',(0.,-5.));
#868 = ( GEOMETRIC_REPRESENTATION_CONTEXT(2) 
PARAMETRIC_REPRESENTATION_CONTEXT() REPRESENTATION_CONTEXT('2D SPACE',''
  ) );
#869 = ORIENTED_EDGE('',*,*,#870,.F.);
#870 = EDGE_CURVE('',#871,#845,#873,.T.);
#871 = VERTEX_POINT('',#872);
#872 = CARTESIAN_POINT('',(-3.953069282608,15.194184520628,-25.));
#873 = SURFACE_CURVE('',#874,(#878,#884),.PCURVE_S1.);
#874 = LINE('',#875,#876);
#875 = CARTESIAN_POINT('',(-4.365375385825,15.078872637672,-25.));
#876 = VECTOR('',#877,1.);
#877 = DIRECTION('',(-0.963045136708,-0.269340053953,0.));
#878 = PCURVE('',#154,#879);
#879 = DEFINITIONAL_REPRESENTATION('',(#880),#883);
#880 = B_SPLINE_CURVE_WITH_KNOTS('',1,(#881,#882),.UNSPECIFIED.,.F.,.F.,
  (2,2),(-0.428127496315,0.142709165438),.PIECEWISE_BEZIER_KNOTS.);
#881 = CARTESIAN_POINT('',(-3.953069282608,15.194184520628));
#882 = CARTESIAN_POINT('',(-4.502810753564,15.040435343353));
#883 = ( GEOMETRIC_REPRESENTATION_CONTEXT(2) 
PARAMETRIC_REPRESENTATION_CONTEXT() REPRESENTATION_CONTEXT('2D SPACE',''
  ) );
#884 = PCURVE('',#885,#890);
#885 = PLANE('',#886);
#886 = AXIS2_PLACEMENT_3D('',#887,#888,#889);
#887 = CARTESIAN_POINT('',(-4.502810753564,15.040435343353,-30.));
#888 = DIRECTION('',(-0.269340053953,0.963045136708,0.));
#889 = DIRECTION('',(0.963045136708,0.269340053953,0.));
#890 = DEFINITIONAL_REPRESENTATION('',(#891),#894);
#891 = B_SPLINE_CURVE_WITH_KNOTS('',1,(#892,#893),.UNSPECIFIED.,.F.,.F.,
  (2,2),(-0.428127496315,0.142709165438),.PIECEWISE_BEZIER_KNOTS.);
#892 = CARTESIAN_POINT('',(0.570836661753,-5.));
#893 = CARTESIAN_POINT('',(0.,-5.));
#894 = ( GEOMETRIC_REPRESENTATION_CONTEXT(2) 
PARAMETRIC_REPRESENTATION_CONTEXT() REPRESENTATION_CONTEXT('2D SPACE',''
  ) );
#895 = ORIENTED_EDGE('',*,*,#896,.F.);
#896 = EDGE_CURVE('',#897,#871,#899,.T.);
#897 = VERTEX_POINT('',#898);
#898 = CARTESIAN_POINT('',(-3.398101938828,15.327847311783,-25.));
#899 = SURFACE_CURVE('',#900,(#904,#910),.PCURVE_S1.);
#900 = LINE('',#901,#902);
#901 = CARTESIAN_POINT('',(-3.814327446663,15.227600218417,-25.));
#902 = VECTOR('',#903,1.);
#903 = DIRECTION('',(-0.972199897035,-0.234152429426,0.));
#904 = PCURVE('',#154,#905);
#905 = DEFINITIONAL_REPRESENTATION('',(#906),#909);
#906 = B_SPLINE_CURVE_WITH_KNOTS('',1,(#907,#908),.UNSPECIFIED.,.F.,.F.,
  (2,2),(-0.428127496315,0.142709165438),.PIECEWISE_BEZIER_KNOTS.);
#907 = CARTESIAN_POINT('',(-3.398101938828,15.327847311783));
#908 = CARTESIAN_POINT('',(-3.953069282608,15.194184520628));
#909 = ( GEOMETRIC_REPRESENTATION_CONTEXT(2) 
PARAMETRIC_REPRESENTATION_CONTEXT() REPRESENTATION_CONTEXT('2D SPACE',''
  ) );
#910 = PCURVE('',#911,#916);
#911 = PLANE('',#912);
#912 = AXIS2_PLACEMENT_3D('',#913,#914,#915);
#913 = CARTESIAN_POINT('',(-3.953069282608,15.194184520628,-30.));
#914 = DIRECTION('',(-0.234152429426,0.972199897035,0.));
#915 = DIRECTION('',(0.972199897035,0.234152429426,0.));
#916 = DEFINITIONAL_REPRESENTATION('',(#917),#920);
#917 = B_SPLINE_CURVE_WITH_KNOTS('',1,(#918,#919),.UNSPECIFIED.,.F.,.F.,
  (2,2),(-0.428127496315,0.142709165438),.PIECEWISE_BEZIER_KNOTS.);
#918 = CARTESIAN_POINT('',(0.570836661753,-5.));
#919 = CARTESIAN_POINT('',(0.,-5.));
#920 = ( GEOMETRIC_REPRESENTATION_CONTEXT(2) 
PARAMETRIC_REPRESENTATION_CONTEXT() REPRESENTATION_CONTEXT('2D SPACE',''
  ) );
#921 = ORIENTED_EDGE('',*,*,#922,.F.);
#922 = EDGE_CURVE('',#923,#897,#925,.T.);
#923 = VERTEX_POINT('',#924);
#924 = CARTESIAN_POINT('',(-2.838642377152,15.441247017474,-25.));
#925 = SURFACE_CURVE('',#926,(#930,#936),.PCURVE_S1.);
#926 = LINE('',#927,#928);
#927 = CARTESIAN_POINT('',(-3.258237048409,15.356197238206,-25.));
#928 = VECTOR('',#929,1.);
#929 = DIRECTION('',(-0.980069429945,-0.198655260407,0.));
#930 = PCURVE('',#154,#931);
#931 = DEFINITIONAL_REPRESENTATION('',(#932),#935);
#932 = B_SPLINE_CURVE_WITH_KNOTS('',1,(#933,#934),.UNSPECIFIED.,.F.,.F.,
  (2,2),(-0.428127496315,0.142709165438),.PIECEWISE_BEZIER_KNOTS.);
#933 = CARTESIAN_POINT('',(-2.838642377152,15.441247017474));
#934 = CARTESIAN_POINT('',(-3.398101938828,15.327847311783));
#935 = ( GEOMETRIC_REPRESENTATION_CONTEXT(2) 
PARAMETRIC_REPRESENTATION_CONTEXT() REPRESENTATION_CONTEXT('2D SPACE',''
  ) );
#936 = PCURVE('',#937,#942);
#937 = PLANE('',#938);
#938 = AXIS2_PLACEMENT_3D('',#939,#940,#941);
#939 = CARTESIAN_POINT('',(-3.398101938828,15.327847311783,-30.));
#940 = DIRECTION('',(-0.198655260407,0.980069429945,0.));
#941 = DIRECTION('',(0.980069429945,0.198655260407,0.));
#942 = DEFINITIONAL_REPRESENTATION('',(#943),#946);
#943 = B_SPLINE_CURVE_WITH_KNOTS('',1,(#944,#945),.UNSPECIFIED.,.F.,.F.,
  (2,2),(-0.428127496315,0.142709165438),.PIECEWISE_BEZIER_KNOTS.);
#944 = CARTESIAN_POINT('',(0.570836661753,-5.));
#945 = CARTESIAN_POINT('',(0.,-5.));
#946 = ( GEOMETRIC_REPRESENTATION_CONTEXT(2) 
PARAMETRIC_REPRESENTATION_CONTEXT() REPRESENTATION_CONTEXT('2D SPACE',''
  ) );
#947 = ORIENTED_EDGE('',*,*,#948,.F.);
#948 = EDGE_CURVE('',#949,#923,#951,.T.);
#949 = VERTEX_POINT('',#950);
#950 = CARTESIAN_POINT('',(-2.275430191124,15.534233725721,-25.));
#951 = SURFACE_CURVE('',#952,(#956,#962),.PCURVE_S1.);
#952 = LINE('',#953,#954);
#953 = CARTESIAN_POINT('',(-2.697839330645,15.464493694535,-25.));
#954 = VECTOR('',#955,1.);
#955 = DIRECTION('',(-0.986643332085,-0.162895473395,0.));
#956 = PCURVE('',#154,#957);
#957 = DEFINITIONAL_REPRESENTATION('',(#958),#961);
#958 = B_SPLINE_CURVE_WITH_KNOTS('',1,(#959,#960),.UNSPECIFIED.,.F.,.F.,
  (2,2),(-0.428127496315,0.142709165438),.PIECEWISE_BEZIER_KNOTS.);
#959 = CARTESIAN_POINT('',(-2.275430191124,15.534233725721));
#960 = CARTESIAN_POINT('',(-2.838642377152,15.441247017474));
#961 = ( GEOMETRIC_REPRESENTATION_CONTEXT(2) 
PARAMETRIC_REPRESENTATION_CONTEXT() REPRESENTATION_CONTEXT('2D SPACE',''
  ) );
#962 = PCURVE('',#963,#968);
#963 = PLANE('',#964);
#964 = AXIS2_PLACEMENT_3D('',#965,#966,#967);
#965 = CARTESIAN_POINT('',(-2.838642377152,15.441247017474,-30.));
#966 = DIRECTION('',(-0.162895473395,0.986643332085,0.));
#967 = DIRECTION('',(0.986643332085,0.162895473395,0.));
#968 = DEFINITIONAL_REPRESENTATION('',(#969),#972);
#969 = B_SPLINE_CURVE_WITH_KNOTS('',1,(#970,#971),.UNSPECIFIED.,.F.,.F.,
  (2,2),(-0.428127496315,0.142709165438),.PIECEWISE_BEZIER_KNOTS.);
#970 = CARTESIAN_POINT('',(0.570836661753,-5.));
#971 = CARTESIAN_POINT('',(0.,-5.));
#972 = ( GEOMETRIC_REPRESENTATION_CONTEXT(2) 
PARAMETRIC_REPRESENTATION_CONTEXT() REPRESENTATION_CONTEXT('2D SPACE',''
  ) );
#973 = ORIENTED_EDGE('',*,*,#974,.F.);
#974 = EDGE_CURVE('',#975,#949,#977,.T.);
#975 = VERTEX_POINT('',#976);
#976 = CARTESIAN_POINT('',(-1.709209935176,15.60668451009,-25.));
#977 = SURFACE_CURVE('',#978,(#982,#988),.PCURVE_S1.);
#978 = LINE('',#979,#980);
#979 = CARTESIAN_POINT('',(-2.133875127137,15.552346421813,-25.));
#980 = VECTOR('',#981,1.);
#981 = DIRECTION('',(-0.991912912897,-0.126920342059,0.));
#982 = PCURVE('',#154,#983);
#983 = DEFINITIONAL_REPRESENTATION('',(#984),#987);
#984 = B_SPLINE_CURVE_WITH_KNOTS('',1,(#985,#986),.UNSPECIFIED.,.F.,.F.,
  (2,2),(-0.428127496315,0.142709165438),.PIECEWISE_BEZIER_KNOTS.);
#985 = CARTESIAN_POINT('',(-1.709209935176,15.60668451009));
#986 = CARTESIAN_POINT('',(-2.275430191124,15.534233725721));
#987 = ( GEOMETRIC_REPRESENTATION_CONTEXT(2) 
PARAMETRIC_REPRESENTATION_CONTEXT() REPRESENTATION_CONTEXT('2D SPACE',''
  ) );
#988 = PCURVE('',#989,#994);
#989 = PLANE('',#990);
#990 = AXIS2_PLACEMENT_3D('',#991,#992,#993);
#991 = CARTESIAN_POINT('',(-2.275430191124,15.534233725721,-30.));
#992 = DIRECTION('',(-0.126920342059,0.991912912897,0.));
#993 = DIRECTION('',(0.991912912897,0.126920342059,0.));
#994 = DEFINITIONAL_REPRESENTATION('',(#995),#998);
#995 = B_SPLINE_CURVE_WITH_KNOTS('',1,(#996,#997),.UNSPECIFIED.,.F.,.F.,
  (2,2),(-0.428127496315,0.142709165438),.PIECEWISE_BEZIER_KNOTS.);
#996 = CARTESIAN_POINT('',(0.570836661753,-5.));
#997 = CARTESIAN_POINT('',(0.,-5.));
#998 = ( GEOMETRIC_REPRESENTATION_CONTEXT(2) 
PARAMETRIC_REPRESENTATION_CONTEXT() REPRESENTATION_CONTEXT('2D SPACE',''
  ) );
#999 = ORIENTED_EDGE('',*,*,#1000,.F.);
#1000 = EDGE_CURVE('',#1001,#975,#1003,.T.);
#1001 = VERTEX_POINT('',#1002);
#1002 = CARTESIAN_POINT('',(-1.140730140345,15.658503592199,-25.));
#1003 = SURFACE_CURVE('',#1004,(#1008,#1014),.PCURVE_S1.);
#1004 = LINE('',#1005,#1006);
#1005 = CARTESIAN_POINT('',(-1.567089986468,15.619639280618,-25.));
#1006 = VECTOR('',#1007,1.);
#1007 = DIRECTION('',(-0.995871206108,-9.077742475302E-02,0.));
#1008 = PCURVE('',#154,#1009);
#1009 = DEFINITIONAL_REPRESENTATION('',(#1010),#1013);
#1010 = B_SPLINE_CURVE_WITH_KNOTS('',1,(#1011,#1012),.UNSPECIFIED.,.F.,
  .F.,(2,2),(-0.428127496315,0.142709165438),.PIECEWISE_BEZIER_KNOTS.);
#1011 = CARTESIAN_POINT('',(-1.140730140345,15.658503592199));
#1012 = CARTESIAN_POINT('',(-1.709209935176,15.60668451009));
#1013 = ( GEOMETRIC_REPRESENTATION_CONTEXT(2) 
PARAMETRIC_REPRESENTATION_CONTEXT() REPRESENTATION_CONTEXT('2D SPACE',''
  ) );
#1014 = PCURVE('',#1015,#1020);
#1015 = PLANE('',#1016);
#1016 = AXIS2_PLACEMENT_3D('',#1017,#1018,#1019);
#1017 = CARTESIAN_POINT('',(-1.709209935176,15.60668451009,-30.));
#1018 = DIRECTION('',(-9.077742475302E-02,0.995871206108,0.));
#1019 = DIRECTION('',(0.995871206108,9.077742475302E-02,0.));
#1020 = DEFINITIONAL_REPRESENTATION('',(#1021),#1024);
#1021 = B_SPLINE_CURVE_WITH_KNOTS('',1,(#1022,#1023),.UNSPECIFIED.,.F.,
  .F.,(2,2),(-0.428127496315,0.142709165438),.PIECEWISE_BEZIER_KNOTS.);
#1022 = CARTESIAN_POINT('',(0.570836661753,-5.));
#1023 = CARTESIAN_POINT('',(0.,-5.));
#1024 = ( GEOMETRIC_REPRESENTATION_CONTEXT(2) 
PARAMETRIC_REPRESENTATION_CONTEXT() REPRESENTATION_CONTEXT('2D SPACE',''
  ) );
#1025 = ORIENTED_EDGE('',*,*,#1026,.F.);
#1026 = EDGE_CURVE('',#1027,#1001,#1029,.T.);
#1027 = VERTEX_POINT('',#1028);
#1028 = CARTESIAN_POINT('',(-0.57074232473,15.689622468331,-25.));
#1029 = SURFACE_CURVE('',#1030,(#1034,#1040),.PCURVE_S1.);
#1030 = LINE('',#1031,#1032);
#1031 = CARTESIAN_POINT('',(-0.998233186441,15.666283311232,-25.));
#1032 = VECTOR('',#1033,1.);
#1033 = DIRECTION('',(-0.99851297894,-5.451450163801E-02,0.));
#1034 = PCURVE('',#154,#1035);
#1035 = DEFINITIONAL_REPRESENTATION('',(#1036),#1039);
#1036 = B_SPLINE_CURVE_WITH_KNOTS('',1,(#1037,#1038),.UNSPECIFIED.,.F.,
  .F.,(2,2),(-0.428127496315,0.142709165438),.PIECEWISE_BEZIER_KNOTS.);
#1037 = CARTESIAN_POINT('',(-0.57074232473,15.689622468331));
#1038 = CARTESIAN_POINT('',(-1.140730140345,15.658503592199));
#1039 = ( GEOMETRIC_REPRESENTATION_CONTEXT(2) 
PARAMETRIC_REPRESENTATION_CONTEXT() REPRESENTATION_CONTEXT('2D SPACE',''
  ) );
#1040 = PCURVE('',#1041,#1046);
#1041 = PLANE('',#1042);
#1042 = AXIS2_PLACEMENT_3D('',#1043,#1044,#1045);
#1043 = CARTESIAN_POINT('',(-1.140730140345,15.658503592199,-30.));
#1044 = DIRECTION('',(-5.451450163801E-02,0.99851297894,0.));
#1045 = DIRECTION('',(0.99851297894,5.451450163801E-02,0.));
#1046 = DEFINITIONAL_REPRESENTATION('',(#1047),#1050);
#1047 = B_SPLINE_CURVE_WITH_KNOTS('',1,(#1048,#1049),.UNSPECIFIED.,.F.,
  .F.,(2,2),(-0.428127496315,0.142709165438),.PIECEWISE_BEZIER_KNOTS.);
#1048 = CARTESIAN_POINT('',(0.570836661753,-5.));
#1049 = CARTESIAN_POINT('',(0.,-5.));
#1050 = ( GEOMETRIC_REPRESENTATION_CONTEXT(2) 
PARAMETRIC_REPRESENTATION_CONTEXT() REPRESENTATION_CONTEXT('2D SPACE',''
  ) );
#1051 = ORIENTED_EDGE('',*,*,#1052,.F.);
#1052 = EDGE_CURVE('',#1053,#1027,#1055,.T.);
#1053 = VERTEX_POINT('',#1054);
#1054 = CARTESIAN_POINT('',(0.,15.7,-25.));
#1055 = SURFACE_CURVE('',#1056,(#1060,#1066),.PCURVE_S1.);
#1056 = LINE('',#1057,#1058);
#1057 = CARTESIAN_POINT('',(-0.428056743547,15.692216851248,-25.));
#1058 = VECTOR('',#1059,1.);
#1059 = DIRECTION('',(-0.999834739025,-1.81795115208E-02,0.));
#1060 = PCURVE('',#154,#1061);
#1061 = DEFINITIONAL_REPRESENTATION('',(#1062),#1065);
#1062 = B_SPLINE_CURVE_WITH_KNOTS('',1,(#1063,#1064),.UNSPECIFIED.,.F.,
  .F.,(2,2),(-0.428127496315,0.142709165438),.PIECEWISE_BEZIER_KNOTS.);
#1063 = CARTESIAN_POINT('',(-5.551115123126E-17,15.7));
#1064 = CARTESIAN_POINT('',(-0.57074232473,15.689622468331));
#1065 = ( GEOMETRIC_REPRESENTATION_CONTEXT(2) 
PARAMETRIC_REPRESENTATION_CONTEXT() REPRESENTATION_CONTEXT('2D SPACE',''
  ) );
#1066 = PCURVE('',#1067,#1072);
#1067 = PLANE('',#1068);
#1068 = AXIS2_PLACEMENT_3D('',#1069,#1070,#1071);
#1069 = CARTESIAN_POINT('',(-0.57074232473,15.689622468331,-30.));
#1070 = DIRECTION('',(-1.81795115208E-02,0.999834739025,0.));
#1071 = DIRECTION('',(0.999834739025,1.81795115208E-02,0.));
#1072 = DEFINITIONAL_REPRESENTATION('',(#1073),#1076);
#1073 = B_SPLINE_CURVE_WITH_KNOTS('',1,(#1074,#1075),.UNSPECIFIED.,.F.,
  .F.,(2,2),(-0.428127496315,0.142709165438),.PIECEWISE_BEZIER_KNOTS.);
#1074 = CARTESIAN_POINT('',(0.570836661753,-5.));
#1075 = CARTESIAN_POINT('',(0.,-5.));
#1076 = ( GEOMETRIC_REPRESENTATION_CONTEXT(2) 
PARAMETRIC_REPRESENTATION_CONTEXT() REPRESENTATION_CONTEXT('2D SPACE',''
  ) );
#1077 = ORIENTED_EDGE('',*,*,#1078,.F.);
#1078 = EDGE_CURVE('',#1079,#1053,#1081,.T.);
#1079 = VERTEX_POINT('',#1080);
#1080 = CARTESIAN_POINT('',(0.57074232473,15.689622468331,-25.));
#1081 = SURFACE_CURVE('',#1082,(#1086,#1092),.PCURVE_S1.);
#1082 = LINE('',#1083,#1084);
#1083 = CARTESIAN_POINT('',(0.142685581182,15.697405617083,-25.));
#1084 = VECTOR('',#1085,1.);
#1085 = DIRECTION('',(-0.999834739025,1.81795115208E-02,0.));
#1086 = PCURVE('',#154,#1087);
#1087 = DEFINITIONAL_REPRESENTATION('',(#1088),#1091);
#1088 = B_SPLINE_CURVE_WITH_KNOTS('',1,(#1089,#1090),.UNSPECIFIED.,.F.,
  .F.,(2,2),(-0.428127496315,0.142709165438),.PIECEWISE_BEZIER_KNOTS.);
#1089 = CARTESIAN_POINT('',(0.57074232473,15.689622468331));
#1090 = CARTESIAN_POINT('',(0.,15.7));
#1091 = ( GEOMETRIC_REPRESENTATION_CONTEXT(2) 
PARAMETRIC_REPRESENTATION_CONTEXT() REPRESENTATION_CONTEXT('2D SPACE',''
  ) );
#1092 = PCURVE('',#1093,#1098);
#1093 = PLANE('',#1094);
#1094 = AXIS2_PLACEMENT_3D('',#1095,#1096,#1097);
#1095 = CARTESIAN_POINT('',(0.,15.7,-30.));
#1096 = DIRECTION('',(1.81795115208E-02,0.999834739025,-0.));
#1097 = DIRECTION('',(0.999834739025,-1.81795115208E-02,0.));
#1098 = DEFINITIONAL_REPRESENTATION('',(#1099),#1102);
#1099 = B_SPLINE_CURVE_WITH_KNOTS('',1,(#1100,#1101),.UNSPECIFIED.,.F.,
  .F.,(2,2),(-0.428127496315,0.142709165438),.PIECEWISE_BEZIER_KNOTS.);
#1100 = CARTESIAN_POINT('',(0.570836661753,-5.));
#1101 = CARTESIAN_POINT('',(0.,-5.));
#1102 = ( GEOMETRIC_REPRESENTATION_CONTEXT(2) 
PARAMETRIC_REPRESENTATION_CONTEXT() REPRESENTATION_CONTEXT('2D SPACE',''
  ) );
#1103 = ORIENTED_EDGE('',*,*,#1104,.F.);
#1104 = EDGE_CURVE('',#1105,#1079,#1107,.T.);
#1105 = VERTEX_POINT('',#1106);
#1106 = CARTESIAN_POINT('',(1.140730140345,15.658503592199,-25.));
#1107 = SURFACE_CURVE('',#1108,(#1112,#1118),.PCURVE_S1.);
#1108 = LINE('',#1109,#1110);
#1109 = CARTESIAN_POINT('',(0.713239278634,15.681842749298,-25.));
#1110 = VECTOR('',#1111,1.);
#1111 = DIRECTION('',(-0.99851297894,5.451450163801E-02,0.));
#1112 = PCURVE('',#154,#1113);
#1113 = DEFINITIONAL_REPRESENTATION('',(#1114),#1117);
#1114 = B_SPLINE_CURVE_WITH_KNOTS('',1,(#1115,#1116),.UNSPECIFIED.,.F.,
  .F.,(2,2),(-0.428127496315,0.142709165438),.PIECEWISE_BEZIER_KNOTS.);
#1115 = CARTESIAN_POINT('',(1.140730140345,15.658503592199));
#1116 = CARTESIAN_POINT('',(0.57074232473,15.689622468331));
#1117 = ( GEOMETRIC_REPRESENTATION_CONTEXT(2) 
PARAMETRIC_REPRESENTATION_CONTEXT() REPRESENTATION_CONTEXT('2D SPACE',''
  ) );
#1118 = PCURVE('',#1119,#1124);
#1119 = PLANE('',#1120);
#1120 = AXIS2_PLACEMENT_3D('',#1121,#1122,#1123);
#1121 = CARTESIAN_POINT('',(0.57074232473,15.689622468331,-30.));
#1122 = DIRECTION('',(5.451450163801E-02,0.99851297894,-0.));
#1123 = DIRECTION('',(0.99851297894,-5.451450163801E-02,0.));
#1124 = DEFINITIONAL_REPRESENTATION('',(#1125),#1128);
#1125 = B_SPLINE_CURVE_WITH_KNOTS('',1,(#1126,#1127),.UNSPECIFIED.,.F.,
  .F.,(2,2),(-0.428127496315,0.142709165438),.PIECEWISE_BEZIER_KNOTS.);
#1126 = CARTESIAN_POINT('',(0.570836661753,-5.));
#1127 = CARTESIAN_POINT('',(0.,-5.));
#1128 = ( GEOMETRIC_REPRESENTATION_CONTEXT(2) 
PARAMETRIC_REPRESENTATION_CONTEXT() REPRESENTATION_CONTEXT('2D SPACE',''
  ) );
#1129 = ORIENTED_EDGE('',*,*,#1130,.F.);
#1130 = EDGE_CURVE('',#1131,#1105,#1133,.T.);
#1131 = VERTEX_POINT('',#1132);
#1132 = CARTESIAN_POINT('',(1.709209935176,15.60668451009,-25.));
#1133 = SURFACE_CURVE('',#1134,(#1138,#1144),.PCURVE_S1.);
#1134 = LINE('',#1135,#1136);
#1135 = CARTESIAN_POINT('',(1.282850089053,15.645548821672,-25.));
#1136 = VECTOR('',#1137,1.);
#1137 = DIRECTION('',(-0.995871206108,9.077742475302E-02,0.));
#1138 = PCURVE('',#154,#1139);
#1139 = DEFINITIONAL_REPRESENTATION('',(#1140),#1143);
#1140 = B_SPLINE_CURVE_WITH_KNOTS('',1,(#1141,#1142),.UNSPECIFIED.,.F.,
  .F.,(2,2),(-0.428127496315,0.142709165438),.PIECEWISE_BEZIER_KNOTS.);
#1141 = CARTESIAN_POINT('',(1.709209935176,15.60668451009));
#1142 = CARTESIAN_POINT('',(1.140730140345,15.658503592199));
#1143 = ( GEOMETRIC_REPRESENTATION_CONTEXT(2) 
PARAMETRIC_REPRESENTATION_CONTEXT() REPRESENTATION_CONTEXT('2D SPACE',''
  ) );
#1144 = PCURVE('',#1145,#1150);
#1145 = PLANE('',#1146);
#1146 = AXIS2_PLACEMENT_3D('',#1147,#1148,#1149);
#1147 = CARTESIAN_POINT('',(1.140730140345,15.658503592199,-30.));
#1148 = DIRECTION('',(9.077742475302E-02,0.995871206108,-0.));
#1149 = DIRECTION('',(0.995871206108,-9.077742475302E-02,0.));
#1150 = DEFINITIONAL_REPRESENTATION('',(#1151),#1154);
#1151 = B_SPLINE_CURVE_WITH_KNOTS('',1,(#1152,#1153),.UNSPECIFIED.,.F.,
  .F.,(2,2),(-0.428127496315,0.142709165438),.PIECEWISE_BEZIER_KNOTS.);
#1152 = CARTESIAN_POINT('',(0.570836661753,-5.));
#1153 = CARTESIAN_POINT('',(0.,-5.));
#1154 = ( GEOMETRIC_REPRESENTATION_CONTEXT(2) 
PARAMETRIC_REPRESENTATION_CONTEXT() REPRESENTATION_CONTEXT('2D SPACE',''
  ) );
#1155 = ORIENTED_EDGE('',*,*,#1156,.F.);
#1156 = EDGE_CURVE('',#1157,#1131,#1159,.T.);
#1157 = VERTEX_POINT('',#1158);
#1158 = CARTESIAN_POINT('',(2.275430191124,15.534233725721,-25.));
#1159 = SURFACE_CURVE('',#1160,(#1164,#1170),.PCURVE_S1.);
#1160 = LINE('',#1161,#1162);
#1161 = CARTESIAN_POINT('',(1.850764999163,15.588571813998,-25.));
#1162 = VECTOR('',#1163,1.);
#1163 = DIRECTION('',(-0.991912912897,0.126920342059,0.));
#1164 = PCURVE('',#154,#1165);
#1165 = DEFINITIONAL_REPRESENTATION('',(#1166),#1169);
#1166 = B_SPLINE_CURVE_WITH_KNOTS('',1,(#1167,#1168),.UNSPECIFIED.,.F.,
  .F.,(2,2),(-0.428127496315,0.142709165438),.PIECEWISE_BEZIER_KNOTS.);
#1167 = CARTESIAN_POINT('',(2.275430191124,15.534233725721));
#1168 = CARTESIAN_POINT('',(1.709209935176,15.60668451009));
#1169 = ( GEOMETRIC_REPRESENTATION_CONTEXT(2) 
PARAMETRIC_REPRESENTATION_CONTEXT() REPRESENTATION_CONTEXT('2D SPACE',''
  ) );
#1170 = PCURVE('',#1171,#1176);
#1171 = PLANE('',#1172);
#1172 = AXIS2_PLACEMENT_3D('',#1173,#1174,#1175);
#1173 = CARTESIAN_POINT('',(1.709209935176,15.60668451009,-30.));
#1174 = DIRECTION('',(0.126920342059,0.991912912897,-0.));
#1175 = DIRECTION('',(0.991912912897,-0.126920342059,0.));
#1176 = DEFINITIONAL_REPRESENTATION('',(#1177),#1180);
#1177 = B_SPLINE_CURVE_WITH_KNOTS('',1,(#1178,#1179),.UNSPECIFIED.,.F.,
  .F.,(2,2),(-0.428127496315,0.142709165438),.PIECEWISE_BEZIER_KNOTS.);
#1178 = CARTESIAN_POINT('',(0.570836661753,-5.));
#1179 = CARTESIAN_POINT('',(0.,-5.));
#1180 = ( GEOMETRIC_REPRESENTATION_CONTEXT(2) 
PARAMETRIC_REPRESENTATION_CONTEXT() REPRESENTATION_CONTEXT('2D SPACE',''
  ) );
#1181 = ORIENTED_EDGE('',*,*,#1182,.F.);
#1182 = EDGE_CURVE('',#1183,#1157,#1185,.T.);
#1183 = VERTEX_POINT('',#1184);
#1184 = CARTESIAN_POINT('',(2.838642377152,15.441247017474,-25.));
#1185 = SURFACE_CURVE('',#1186,(#1190,#1196),.PCURVE_S1.);
#1186 = LINE('',#1187,#1188);
#1187 = CARTESIAN_POINT('',(2.416233237631,15.510987048659,-25.));
#1188 = VECTOR('',#1189,1.);
#1189 = DIRECTION('',(-0.986643332085,0.162895473395,0.));
#1190 = PCURVE('',#154,#1191);
#1191 = DEFINITIONAL_REPRESENTATION('',(#1192),#1195);
#1192 = B_SPLINE_CURVE_WITH_KNOTS('',1,(#1193,#1194),.UNSPECIFIED.,.F.,
  .F.,(2,2),(-0.428127496315,0.142709165438),.PIECEWISE_BEZIER_KNOTS.);
#1193 = CARTESIAN_POINT('',(2.838642377152,15.441247017474));
#1194 = CARTESIAN_POINT('',(2.275430191124,15.534233725721));
#1195 = ( GEOMETRIC_REPRESENTATION_CONTEXT(2) 
PARAMETRIC_REPRESENTATION_CONTEXT() REPRESENTATION_CONTEXT('2D SPACE',''
  ) );
#1196 = PCURVE('',#1197,#1202);
#1197 = PLANE('',#1198);
#1198 = AXIS2_PLACEMENT_3D('',#1199,#1200,#1201);
#1199 = CARTESIAN_POINT('',(2.275430191124,15.534233725721,-30.));
#1200 = DIRECTION('',(0.162895473395,0.986643332085,-0.));
#1201 = DIRECTION('',(0.986643332085,-0.162895473395,0.));
#1202 = DEFINITIONAL_REPRESENTATION('',(#1203),#1206);
#1203 = B_SPLINE_CURVE_WITH_KNOTS('',1,(#1204,#1205),.UNSPECIFIED.,.F.,
  .F.,(2,2),(-0.428127496315,0.142709165438),.PIECEWISE_BEZIER_KNOTS.);
#1204 = CARTESIAN_POINT('',(0.570836661753,-5.));
#1205 = CARTESIAN_POINT('',(0.,-5.));
#1206 = ( GEOMETRIC_REPRESENTATION_CONTEXT(2) 
PARAMETRIC_REPRESENTATION_CONTEXT() REPRESENTATION_CONTEXT('2D SPACE',''
  ) );
#1207 = ORIENTED_EDGE('',*,*,#1208,.F.);
#1208 = EDGE_CURVE('',#1209,#1183,#1211,.T.);
#1209 = VERTEX_POINT('',#1210);
#1210 = CARTESIAN_POINT('',(3.398101938828,15.327847311783,-25.));
#1211 = SURFACE_CURVE('',#1212,(#1216,#1222),.PCURVE_S1.);
#1212 = LINE('',#1213,#1214);
#1213 = CARTESIAN_POINT('',(2.978507267571,15.412897091051,-25.));
#1214 = VECTOR('',#1215,1.);
#1215 = DIRECTION('',(-0.980069429945,0.198655260407,0.));
#1216 = PCURVE('',#154,#1217);
#1217 = DEFINITIONAL_REPRESENTATION('',(#1218),#1221);
#1218 = B_SPLINE_CURVE_WITH_KNOTS('',1,(#1219,#1220),.UNSPECIFIED.,.F.,
  .F.,(2,2),(-0.428127496315,0.142709165438),.PIECEWISE_BEZIER_KNOTS.);
#1219 = CARTESIAN_POINT('',(3.398101938828,15.327847311783));
#1220 = CARTESIAN_POINT('',(2.838642377152,15.441247017474));
#1221 = ( GEOMETRIC_REPRESENTATION_CONTEXT(2) 
PARAMETRIC_REPRESENTATION_CONTEXT() REPRESENTATION_CONTEXT('2D SPACE',''
  ) );
#1222 = PCURVE('',#1223,#1228);
#1223 = PLANE('',#1224);
#1224 = AXIS2_PLACEMENT_3D('',#1225,#1226,#1227);
#1225 = CARTESIAN_POINT('',(2.838642377152,15.441247017474,-30.));
#1226 = DIRECTION('',(0.198655260407,0.980069429945,-0.));
#1227 = DIRECTION('',(0.980069429945,-0.198655260407,0.));
#1228 = DEFINITIONAL_REPRESENTATION('',(#1229),#1232);
#1229 = B_SPLINE_CURVE_WITH_KNOTS('',1,(#1230,#1231),.UNSPECIFIED.,.F.,
  .F.,(2,2),(-0.428127496315,0.142709165438),.PIECEWISE_BEZIER_KNOTS.);
#1230 = CARTESIAN_POINT('',(0.570836661753,-5.));
#1231 = CARTESIAN_POINT('',(0.,-5.));
#1232 = ( GEOMETRIC_REPRESENTATION_CONTEXT(2) 
PARAMETRIC_REPRESENTATION_CONTEXT() REPRESENTATION_CONTEXT('2D SPACE',''
  ) );
#1233 = ORIENTED_EDGE('',*,*,#1234,.F.);
#1234 = EDGE_CURVE('',#1235,#1209,#1237,.T.);
#1235 = VERTEX_POINT('',#1236);
#1236 = CARTESIAN_POINT('',(3.953069282608,15.194184520628,-25.));
#1237 = SURFACE_CURVE('',#1238,(#1242,#1248),.PCURVE_S1.);
#1238 = LINE('',#1239,#1240);
#1239 = CARTESIAN_POINT('',(3.536843774773,15.294431613994,-25.));
#1240 = VECTOR('',#1241,1.);
#1241 = DIRECTION('',(-0.972199897035,0.234152429426,0.));
#1242 = PCURVE('',#154,#1243);
#1243 = DEFINITIONAL_REPRESENTATION('',(#1244),#1247);
#1244 = B_SPLINE_CURVE_WITH_KNOTS('',1,(#1245,#1246),.UNSPECIFIED.,.F.,
  .F.,(2,2),(-0.428127496315,0.142709165438),.PIECEWISE_BEZIER_KNOTS.);
#1245 = CARTESIAN_POINT('',(3.953069282608,15.194184520628));
#1246 = CARTESIAN_POINT('',(3.398101938828,15.327847311783));
#1247 = ( GEOMETRIC_REPRESENTATION_CONTEXT(2) 
PARAMETRIC_REPRESENTATION_CONTEXT() REPRESENTATION_CONTEXT('2D SPACE',''
  ) );
#1248 = PCURVE('',#1249,#1254);
#1249 = PLANE('',#1250);
#1250 = AXIS2_PLACEMENT_3D('',#1251,#1252,#1253);
#1251 = CARTESIAN_POINT('',(3.398101938828,15.327847311783,-30.));
#1252 = DIRECTION('',(0.234152429426,0.972199897035,-0.));
#1253 = DIRECTION('',(0.972199897035,-0.234152429426,0.));
#1254 = DEFINITIONAL_REPRESENTATION('',(#1255),#1258);
#1255 = B_SPLINE_CURVE_WITH_KNOTS('',1,(#1256,#1257),.UNSPECIFIED.,.F.,
  .F.,(2,2),(-0.428127496315,0.142709165438),.PIECEWISE_BEZIER_KNOTS.);
#1256 = CARTESIAN_POINT('',(0.570836661753,-5.));
#1257 = CARTESIAN_POINT('',(0.,-5.));
#1258 = ( GEOMETRIC_REPRESENTATION_CONTEXT(2) 
PARAMETRIC_REPRESENTATION_CONTEXT() REPRESENTATION_CONTEXT('2D SPACE',''
  ) );
#1259 = ORIENTED_EDGE('',*,*,#1260,.F.);
#1260 = EDGE_CURVE('',#1261,#1235,#1263,.T.);
#1261 = VERTEX_POINT('',#1262);
#1262 = CARTESIAN_POINT('',(4.502810753564,15.040435343353,-25.));
#1263 = SURFACE_CURVE('',#1264,(#1268,#1274),.PCURVE_S1.);
#1264 = LINE('',#1265,#1266);
#1265 = CARTESIAN_POINT('',(4.090504650347,15.155747226309,-25.));
#1266 = VECTOR('',#1267,1.);
#1267 = DIRECTION('',(-0.963045136708,0.269340053953,0.));
#1268 = PCURVE('',#154,#1269);
#1269 = DEFINITIONAL_REPRESENTATION('',(#1270),#1273);
#1270 = B_SPLINE_CURVE_WITH_KNOTS('',1,(#1271,#1272),.UNSPECIFIED.,.F.,
  .F.,(2,2),(-0.428127496315,0.142709165438),.PIECEWISE_BEZIER_KNOTS.);
#1271 = CARTESIAN_POINT('',(4.502810753564,15.040435343353));
#1272 = CARTESIAN_POINT('',(3.953069282608,15.194184520628));
#1273 = ( GEOMETRIC_REPRESENTATION_CONTEXT(2) 
PARAMETRIC_REPRESENTATION_CONTEXT() REPRESENTATION_CONTEXT('2D SPACE',''
  ) );
#1274 = PCURVE('',#1275,#1280);
#1275 = PLANE('',#1276);
#1276 = AXIS2_PLACEMENT_3D('',#1277,#1278,#1279);
#1277 = CARTESIAN_POINT('',(3.953069282608,15.194184520628,-30.));
#1278 = DIRECTION('',(0.269340053953,0.963045136708,-0.));
#1279 = DIRECTION('',(0.963045136708,-0.269340053953,0.));
#1280 = DEFINITIONAL_REPRESENTATION('',(#1281),#1284);
#1281 = B_SPLINE_CURVE_WITH_KNOTS('',1,(#1282,#1283),.UNSPECIFIED.,.F.,
  .F.,(2,2),(-0.428127496315,0.142709165438),.PIECEWISE_BEZIER_KNOTS.);
#1282 = CARTESIAN_POINT('',(0.570836661753,-5.));
#1283 = CARTESIAN_POINT('',(0.,-5.));
#1284 = ( GEOMETRIC_REPRESENTATION_CONTEXT(2) 
PARAMETRIC_REPRESENTATION_CONTEXT() REPRESENTATION_CONTEXT('2D SPACE',''
  ) );
#1285 = ORIENTED_EDGE('',*,*,#1286,.F.);
#1286 = EDGE_CURVE('',#1287,#1261,#1289,.T.);
#1287 = VERTEX_POINT('',#1288);
#1288 = CARTESIAN_POINT('',(5.04659960526,14.866803033073,-25.));
#1289 = SURFACE_CURVE('',#1290,(#1294,#1300),.PCURVE_S1.);
#1290 = LINE('',#1291,#1292);
#1291 = CARTESIAN_POINT('',(4.638757966488,14.997027265783,-25.));
#1292 = VECTOR('',#1293,1.);
#1293 = DIRECTION('',(-0.952617251361,0.304171616705,0.));
#1294 = PCURVE('',#154,#1295);
#1295 = DEFINITIONAL_REPRESENTATION('',(#1296),#1299);
#1296 = B_SPLINE_CURVE_WITH_KNOTS('',1,(#1297,#1298),.UNSPECIFIED.,.F.,
  .F.,(2,2),(-0.428127496315,0.142709165438),.PIECEWISE_BEZIER_KNOTS.);
#1297 = CARTESIAN_POINT('',(5.04659960526,14.866803033073));
#1298 = CARTESIAN_POINT('',(4.502810753564,15.040435343353));
#1299 = ( GEOMETRIC_REPRESENTATION_CONTEXT(2) 
PARAMETRIC_REPRESENTATION_CONTEXT() REPRESENTATION_CONTEXT('2D SPACE',''
  ) );
#1300 = PCURVE('',#1301,#1306);
#1301 = PLANE('',#1302);
#1302 = AXIS2_PLACEMENT_3D('',#1303,#1304,#1305);
#1303 = CARTESIAN_POINT('',(4.502810753564,15.040435343353,-30.));
#1304 = DIRECTION('',(0.304171616705,0.952617251361,-0.));
#1305 = DIRECTION('',(0.952617251361,-0.304171616705,0.));
#1306 = DEFINITIONAL_REPRESENTATION('',(#1307),#1310);
#1307 = B_SPLINE_CURVE_WITH_KNOTS('',1,(#1308,#1309),.UNSPECIFIED.,.F.,
  .F.,(2,2),(-0.428127496315,0.142709165438),.PIECEWISE_BEZIER_KNOTS.);
#1308 = CARTESIAN_POINT('',(0.570836661753,-5.));
#1309 = CARTESIAN_POINT('',(0.,-5.));
#1310 = ( GEOMETRIC_REPRESENTATION_CONTEXT(2) 
PARAMETRIC_REPRESENTATION_CONTEXT() REPRESENTATION_CONTEXT('2D SPACE',''
  ) );
#1311 = ORIENTED_EDGE('',*,*,#1312,.F.);
#1312 = EDGE_CURVE('',#1313,#1287,#1315,.T.);
#1313 = VERTEX_POINT('',#1314);
#1314 = CARTESIAN_POINT('',(5.583716960494,14.673517127979,-25.));
#1315 = SURFACE_CURVE('',#1316,(#1320,#1326),.PCURVE_S1.);
#1316 = LINE('',#1317,#1318);
#1317 = CARTESIAN_POINT('',(5.180878944068,14.8184815568,-25.));
#1318 = VECTOR('',#1319,1.);
#1319 = DIRECTION('',(-0.940930026436,0.338601071102,0.));
#1320 = PCURVE('',#154,#1321);
#1321 = DEFINITIONAL_REPRESENTATION('',(#1322),#1325);
#1322 = B_SPLINE_CURVE_WITH_KNOTS('',1,(#1323,#1324),.UNSPECIFIED.,.F.,
  .F.,(2,2),(-0.428127496315,0.142709165438),.PIECEWISE_BEZIER_KNOTS.);
#1323 = CARTESIAN_POINT('',(5.583716960494,14.673517127979));
#1324 = CARTESIAN_POINT('',(5.04659960526,14.866803033073));
#1325 = ( GEOMETRIC_REPRESENTATION_CONTEXT(2) 
PARAMETRIC_REPRESENTATION_CONTEXT() REPRESENTATION_CONTEXT('2D SPACE',''
  ) );
#1326 = PCURVE('',#1327,#1332);
#1327 = PLANE('',#1328);
#1328 = AXIS2_PLACEMENT_3D('',#1329,#1330,#1331);
#1329 = CARTESIAN_POINT('',(5.04659960526,14.866803033073,-30.));
#1330 = DIRECTION('',(0.338601071102,0.940930026436,-0.));
#1331 = DIRECTION('',(0.940930026436,-0.338601071102,0.));
#1332 = DEFINITIONAL_REPRESENTATION('',(#1333),#1336);
#1333 = B_SPLINE_CURVE_WITH_KNOTS('',1,(#1334,#1335),.UNSPECIFIED.,.F.,
  .F.,(2,2),(-0.428127496315,0.142709165438),.PIECEWISE_BEZIER_KNOTS.);
#1334 = CARTESIAN_POINT('',(0.570836661753,-5.));
#1335 = CARTESIAN_POINT('',(0.,-5.));
#1336 = ( GEOMETRIC_REPRESENTATION_CONTEXT(2) 
PARAMETRIC_REPRESENTATION_CONTEXT() REPRESENTATION_CONTEXT('2D SPACE',''
  ) );
#1337 = ORIENTED_EDGE('',*,*,#1338,.F.);
#1338 = EDGE_CURVE('',#1339,#1313,#1341,.T.);
#1339 = VERTEX_POINT('',#1340);
#1340 = CARTESIAN_POINT('',(6.11345276164,14.460833147893,-25.));
#1341 = SURFACE_CURVE('',#1342,(#1346,#1352),.PCURVE_S1.);
#1342 = LINE('',#1343,#1344);
#1343 = CARTESIAN_POINT('',(5.71615091078,14.620346132958,-25.));
#1344 = VECTOR('',#1345,1.);
#1345 = DIRECTION('',(-0.927998912192,0.372582902144,0.));
#1346 = PCURVE('',#154,#1347);
#1347 = DEFINITIONAL_REPRESENTATION('',(#1348),#1351);
#1348 = B_SPLINE_CURVE_WITH_KNOTS('',1,(#1349,#1350),.UNSPECIFIED.,.F.,
  .F.,(2,2),(-0.428127496315,0.142709165438),.PIECEWISE_BEZIER_KNOTS.);
#1349 = CARTESIAN_POINT('',(6.11345276164,14.460833147893));
#1350 = CARTESIAN_POINT('',(5.583716960494,14.673517127979));
#1351 = ( GEOMETRIC_REPRESENTATION_CONTEXT(2) 
PARAMETRIC_REPRESENTATION_CONTEXT() REPRESENTATION_CONTEXT('2D SPACE',''
  ) );
#1352 = PCURVE('',#1353,#1358);
#1353 = PLANE('',#1354);
#1354 = AXIS2_PLACEMENT_3D('',#1355,#1356,#1357);
#1355 = CARTESIAN_POINT('',(5.583716960494,14.673517127979,-30.));
#1356 = DIRECTION('',(0.372582902144,0.927998912192,-0.));
#1357 = DIRECTION('',(0.927998912192,-0.372582902144,0.));
#1358 = DEFINITIONAL_REPRESENTATION('',(#1359),#1362);
#1359 = B_SPLINE_CURVE_WITH_KNOTS('',1,(#1360,#1361),.UNSPECIFIED.,.F.,
  .F.,(2,2),(-0.428127496315,0.142709165438),.PIECEWISE_BEZIER_KNOTS.);
#1360 = CARTESIAN_POINT('',(0.570836661753,-5.));
#1361 = CARTESIAN_POINT('',(0.,-5.));
#1362 = ( GEOMETRIC_REPRESENTATION_CONTEXT(2) 
PARAMETRIC_REPRESENTATION_CONTEXT() REPRESENTATION_CONTEXT('2D SPACE',''
  ) );
#1363 = ORIENTED_EDGE('',*,*,#1364,.F.);
#1364 = EDGE_CURVE('',#1365,#1339,#1367,.T.);
#1365 = VERTEX_POINT('',#1366);
#1366 = CARTESIAN_POINT('',(6.578621886968,14.254131716056,-25.));
#1367 = SURFACE_CURVE('',#1368,(#1372,#1378),.PCURVE_S1.);
#1368 = LINE('',#1369,#1370);
#1369 = CARTESIAN_POINT('',(6.243866248562,14.402882925038,-25.));
#1370 = VECTOR('',#1371,1.);
#1371 = DIRECTION('',(-0.913841003286,0.406072186579,0.));
#1372 = PCURVE('',#154,#1373);
#1373 = DEFINITIONAL_REPRESENTATION('',(#1374),#1377);
#1374 = B_SPLINE_CURVE_WITH_KNOTS('',1,(#1375,#1376),.UNSPECIFIED.,.F.,
  .F.,(2,2),(-0.366317157144,0.142709165438),.PIECEWISE_BEZIER_KNOTS.);
#1375 = CARTESIAN_POINT('',(6.578621886968,14.254131716056));
#1376 = CARTESIAN_POINT('',(6.11345276164,14.460833147893));
#1377 = ( GEOMETRIC_REPRESENTATION_CONTEXT(2) 
PARAMETRIC_REPRESENTATION_CONTEXT() REPRESENTATION_CONTEXT('2D SPACE',''
  ) );
#1378 = PCURVE('',#1379,#1384);
#1379 = PLANE('',#1380);
#1380 = AXIS2_PLACEMENT_3D('',#1381,#1382,#1383);
#1381 = CARTESIAN_POINT('',(6.11345276164,14.460833147893,-30.));
#1382 = DIRECTION('',(0.406072186579,0.913841003286,-0.));
#1383 = DIRECTION('',(0.913841003286,-0.406072186579,0.));
#1384 = DEFINITIONAL_REPRESENTATION('',(#1385),#1388);
#1385 = B_SPLINE_CURVE_WITH_KNOTS('',1,(#1386,#1387),.UNSPECIFIED.,.F.,
  .F.,(2,2),(-0.366317157144,0.142709165438),.PIECEWISE_BEZIER_KNOTS.);
#1386 = CARTESIAN_POINT('',(0.509026322582,-5.));
#1387 = CARTESIAN_POINT('',(0.,-5.));
#1388 = ( GEOMETRIC_REPRESENTATION_CONTEXT(2) 
PARAMETRIC_REPRESENTATION_CONTEXT() REPRESENTATION_CONTEXT('2D SPACE',''
  ) );
#1389 = ORIENTED_EDGE('',*,*,#1390,.F.);
#1390 = EDGE_CURVE('',#1391,#1365,#1393,.T.);
#1391 = VERTEX_POINT('',#1392);
#1392 = CARTESIAN_POINT('',(5.198204619411,11.147585780551,-25.));
#1393 = SURFACE_CURVE('',#1394,(#1399,#1406),.PCURVE_S1.);
#1394 = CIRCLE('',#1395,1.7);
#1395 = AXIS2_PLACEMENT_3D('',#1396,#1397,#1398);
#1396 = CARTESIAN_POINT('',(5.91665566437,12.688309018513,-25.));
#1397 = DIRECTION('',(0.,0.,1.));
#1398 = DIRECTION('',(1.,0.,-0.));
#1399 = PCURVE('',#154,#1400);
#1400 = DEFINITIONAL_REPRESENTATION('',(#1401),#1405);
#1401 = CIRCLE('',#1402,1.7);
#1402 = AXIS2_PLACEMENT_2D('',#1403,#1404);
#1403 = CARTESIAN_POINT('',(5.91665566437,12.688309018513));
#1404 = DIRECTION('',(1.,0.));
#1405 = ( GEOMETRIC_REPRESENTATION_CONTEXT(2) 
PARAMETRIC_REPRESENTATION_CONTEXT() REPRESENTATION_CONTEXT('2D SPACE',''
  ) );
#1406 = PCURVE('',#1407,#1412);
#1407 = CYLINDRICAL_SURFACE('',#1408,1.7);
#1408 = AXIS2_PLACEMENT_3D('',#1409,#1410,#1411);
#1409 = CARTESIAN_POINT('',(5.91665566437,12.688309018513,-30.));
#1410 = DIRECTION('',(0.,0.,1.));
#1411 = DIRECTION('',(1.,0.,-0.));
#1412 = DEFINITIONAL_REPRESENTATION('',(#1413),#1417);
#1413 = LINE('',#1414,#1415);
#1414 = CARTESIAN_POINT('',(1.7763568394E-15,5.));
#1415 = VECTOR('',#1416,1.);
#1416 = DIRECTION('',(1.,0.));
#1417 = ( GEOMETRIC_REPRESENTATION_CONTEXT(2) 
PARAMETRIC_REPRESENTATION_CONTEXT() REPRESENTATION_CONTEXT('2D SPACE',''
  ) );
#1418 = ORIENTED_EDGE('',*,*,#1419,.F.);
#1419 = EDGE_CURVE('',#1420,#1391,#1422,.T.);
#1420 = VERTEX_POINT('',#1421);
#1421 = CARTESIAN_POINT('',(4.789520316444,11.329187752808,-25.));
#1422 = SURFACE_CURVE('',#1423,(#1427,#1433),.PCURVE_S1.);
#1423 = LINE('',#1424,#1425);
#1424 = CARTESIAN_POINT('',(5.096033543669,11.192986273615,-25.));
#1425 = VECTOR('',#1426,1.);
#1426 = DIRECTION('',(0.913841003286,-0.406072186579,0.));
#1427 = PCURVE('',#154,#1428);
#1428 = DEFINITIONAL_REPRESENTATION('',(#1429),#1432);
#1429 = B_SPLINE_CURVE_WITH_KNOTS('',1,(#1430,#1431),.UNSPECIFIED.,.F.,
  .F.,(2,2),(-0.335411987559,0.111803995853),.PIECEWISE_BEZIER_KNOTS.);
#1430 = CARTESIAN_POINT('',(4.789520316444,11.329187752808));
#1431 = CARTESIAN_POINT('',(5.198204619411,11.147585780551));
#1432 = ( GEOMETRIC_REPRESENTATION_CONTEXT(2) 
PARAMETRIC_REPRESENTATION_CONTEXT() REPRESENTATION_CONTEXT('2D SPACE',''
  ) );
#1433 = PCURVE('',#1434,#1439);
#1434 = PLANE('',#1435);
#1435 = AXIS2_PLACEMENT_3D('',#1436,#1437,#1438);
#1436 = CARTESIAN_POINT('',(5.198204619411,11.147585780551,-30.));
#1437 = DIRECTION('',(-0.406072186579,-0.913841003286,0.));
#1438 = DIRECTION('',(-0.913841003286,0.406072186579,0.));
#1439 = DEFINITIONAL_REPRESENTATION('',(#1440),#1443);
#1440 = B_SPLINE_CURVE_WITH_KNOTS('',1,(#1441,#1442),.UNSPECIFIED.,.F.,
  .F.,(2,2),(-0.335411987559,0.111803995853),.PIECEWISE_BEZIER_KNOTS.);
#1441 = CARTESIAN_POINT('',(0.447215983412,-5.));
#1442 = CARTESIAN_POINT('',(0.,-5.));
#1443 = ( GEOMETRIC_REPRESENTATION_CONTEXT(2) 
PARAMETRIC_REPRESENTATION_CONTEXT() REPRESENTATION_CONTEXT('2D SPACE',''
  ) );
#1444 = ORIENTED_EDGE('',*,*,#1445,.F.);
#1445 = EDGE_CURVE('',#1446,#1420,#1448,.T.);
#1446 = VERTEX_POINT('',#1447);
#1447 = CARTESIAN_POINT('',(4.374504370323,11.495812781793,-25.));
#1448 = SURFACE_CURVE('',#1449,(#1453,#1459),.PCURVE_S1.);
#1449 = LINE('',#1450,#1451);
#1450 = CARTESIAN_POINT('',(4.685766329914,11.370844010054,-25.));
#1451 = VECTOR('',#1452,1.);
#1452 = DIRECTION('',(0.927998912192,-0.372582902144,0.));
#1453 = PCURVE('',#154,#1454);
#1454 = DEFINITIONAL_REPRESENTATION('',(#1455),#1458);
#1455 = B_SPLINE_CURVE_WITH_KNOTS('',1,(#1456,#1457),.UNSPECIFIED.,.F.,
  .F.,(2,2),(-0.335411987559,0.111803995853),.PIECEWISE_BEZIER_KNOTS.);
#1456 = CARTESIAN_POINT('',(4.374504370323,11.495812781793));
#1457 = CARTESIAN_POINT('',(4.789520316444,11.329187752808));
#1458 = ( GEOMETRIC_REPRESENTATION_CONTEXT(2) 
PARAMETRIC_REPRESENTATION_CONTEXT() REPRESENTATION_CONTEXT('2D SPACE',''
  ) );
#1459 = PCURVE('',#1460,#1465);
#1460 = PLANE('',#1461);
#1461 = AXIS2_PLACEMENT_3D('',#1462,#1463,#1464);
#1462 = CARTESIAN_POINT('',(4.789520316444,11.329187752808,-30.));
#1463 = DIRECTION('',(-0.372582902144,-0.927998912192,0.));
#1464 = DIRECTION('',(-0.927998912192,0.372582902144,0.));
#1465 = DEFINITIONAL_REPRESENTATION('',(#1466),#1469);
#1466 = B_SPLINE_CURVE_WITH_KNOTS('',1,(#1467,#1468),.UNSPECIFIED.,.F.,
  .F.,(2,2),(-0.335411987559,0.111803995853),.PIECEWISE_BEZIER_KNOTS.);
#1467 = CARTESIAN_POINT('',(0.447215983412,-5.));
#1468 = CARTESIAN_POINT('',(0.,-5.));
#1469 = ( GEOMETRIC_REPRESENTATION_CONTEXT(2) 
PARAMETRIC_REPRESENTATION_CONTEXT() REPRESENTATION_CONTEXT('2D SPACE',''
  ) );
#1470 = ORIENTED_EDGE('',*,*,#1471,.F.);
#1471 = EDGE_CURVE('',#1472,#1446,#1474,.T.);
#1472 = VERTEX_POINT('',#1473);
#1473 = CARTESIAN_POINT('',(3.953705423229,11.64724059279,-25.));
#1474 = SURFACE_CURVE('',#1475,(#1479,#1485),.PCURVE_S1.);
#1475 = LINE('',#1476,#1477);
#1476 = CARTESIAN_POINT('',(4.269304633549,11.533669734542,-25.));
#1477 = VECTOR('',#1478,1.);
#1478 = DIRECTION('',(0.940930026436,-0.338601071102,0.));
#1479 = PCURVE('',#154,#1480);
#1480 = DEFINITIONAL_REPRESENTATION('',(#1481),#1484);
#1481 = B_SPLINE_CURVE_WITH_KNOTS('',1,(#1482,#1483),.UNSPECIFIED.,.F.,
  .F.,(2,2),(-0.335411987559,0.111803995853),.PIECEWISE_BEZIER_KNOTS.);
#1482 = CARTESIAN_POINT('',(3.953705423229,11.64724059279));
#1483 = CARTESIAN_POINT('',(4.374504370323,11.495812781793));
#1484 = ( GEOMETRIC_REPRESENTATION_CONTEXT(2) 
PARAMETRIC_REPRESENTATION_CONTEXT() REPRESENTATION_CONTEXT('2D SPACE',''
  ) );
#1485 = PCURVE('',#1486,#1491);
#1486 = PLANE('',#1487);
#1487 = AXIS2_PLACEMENT_3D('',#1488,#1489,#1490);
#1488 = CARTESIAN_POINT('',(4.374504370323,11.495812781793,-30.));
#1489 = DIRECTION('',(-0.338601071102,-0.940930026436,0.));
#1490 = DIRECTION('',(-0.940930026436,0.338601071102,0.));
#1491 = DEFINITIONAL_REPRESENTATION('',(#1492),#1495);
#1492 = B_SPLINE_CURVE_WITH_KNOTS('',1,(#1493,#1494),.UNSPECIFIED.,.F.,
  .F.,(2,2),(-0.335411987559,0.111803995853),.PIECEWISE_BEZIER_KNOTS.);
#1493 = CARTESIAN_POINT('',(0.447215983412,-5.));
#1494 = CARTESIAN_POINT('',(0.,-5.));
#1495 = ( GEOMETRIC_REPRESENTATION_CONTEXT(2) 
PARAMETRIC_REPRESENTATION_CONTEXT() REPRESENTATION_CONTEXT('2D SPACE',''
  ) );
#1496 = ORIENTED_EDGE('',*,*,#1497,.F.);
#1497 = EDGE_CURVE('',#1498,#1472,#1500,.T.);
#1498 = VERTEX_POINT('',#1499);
#1499 = CARTESIAN_POINT('',(3.527679762346,11.783271001481,-25.));
#1500 = SURFACE_CURVE('',#1501,(#1505,#1511),.PCURVE_S1.);
#1501 = LINE('',#1502,#1503);
#1502 = CARTESIAN_POINT('',(3.847199008008,11.681248194962,-25.));
#1503 = VECTOR('',#1504,1.);
#1504 = DIRECTION('',(0.952617251361,-0.304171616705,0.));
#1505 = PCURVE('',#154,#1506);
#1506 = DEFINITIONAL_REPRESENTATION('',(#1507),#1510);
#1507 = B_SPLINE_CURVE_WITH_KNOTS('',1,(#1508,#1509),.UNSPECIFIED.,.F.,
  .F.,(2,2),(-0.335411987559,0.111803995853),.PIECEWISE_BEZIER_KNOTS.);
#1508 = CARTESIAN_POINT('',(3.527679762346,11.783271001481));
#1509 = CARTESIAN_POINT('',(3.953705423229,11.64724059279));
#1510 = ( GEOMETRIC_REPRESENTATION_CONTEXT(2) 
PARAMETRIC_REPRESENTATION_CONTEXT() REPRESENTATION_CONTEXT('2D SPACE',''
  ) );
#1511 = PCURVE('',#1512,#1517);
#1512 = PLANE('',#1513);
#1513 = AXIS2_PLACEMENT_3D('',#1514,#1515,#1516);
#1514 = CARTESIAN_POINT('',(3.953705423229,11.64724059279,-30.));
#1515 = DIRECTION('',(-0.304171616705,-0.952617251361,0.));
#1516 = DIRECTION('',(-0.952617251361,0.304171616705,0.));
#1517 = DEFINITIONAL_REPRESENTATION('',(#1518),#1521);
#1518 = B_SPLINE_CURVE_WITH_KNOTS('',1,(#1519,#1520),.UNSPECIFIED.,.F.,
  .F.,(2,2),(-0.335411987559,0.111803995853),.PIECEWISE_BEZIER_KNOTS.);
#1519 = CARTESIAN_POINT('',(0.447215983412,-5.));
#1520 = CARTESIAN_POINT('',(0.,-5.));
#1521 = ( GEOMETRIC_REPRESENTATION_CONTEXT(2) 
PARAMETRIC_REPRESENTATION_CONTEXT() REPRESENTATION_CONTEXT('2D SPACE',''
  ) );
#1522 = ORIENTED_EDGE('',*,*,#1523,.F.);
#1523 = EDGE_CURVE('',#1524,#1498,#1526,.T.);
#1524 = VERTEX_POINT('',#1525);
#1525 = CARTESIAN_POINT('',(3.096990584464,11.903724178581,-25.));
#1526 = SURFACE_CURVE('',#1527,(#1531,#1537),.PCURVE_S1.);
#1527 = LINE('',#1528,#1529);
#1528 = CARTESIAN_POINT('',(3.420007467876,11.813384295756,-25.));
#1529 = VECTOR('',#1530,1.);
#1530 = DIRECTION('',(0.963045136708,-0.269340053953,0.));
#1531 = PCURVE('',#154,#1532);
#1532 = DEFINITIONAL_REPRESENTATION('',(#1533),#1536);
#1533 = B_SPLINE_CURVE_WITH_KNOTS('',1,(#1534,#1535),.UNSPECIFIED.,.F.,
  .F.,(2,2),(-0.335411987559,0.111803995853),.PIECEWISE_BEZIER_KNOTS.);
#1534 = CARTESIAN_POINT('',(3.096990584464,11.903724178581));
#1535 = CARTESIAN_POINT('',(3.527679762346,11.783271001481));
#1536 = ( GEOMETRIC_REPRESENTATION_CONTEXT(2) 
PARAMETRIC_REPRESENTATION_CONTEXT() REPRESENTATION_CONTEXT('2D SPACE',''
  ) );
#1537 = PCURVE('',#1538,#1543);
#1538 = PLANE('',#1539);
#1539 = AXIS2_PLACEMENT_3D('',#1540,#1541,#1542);
#1540 = CARTESIAN_POINT('',(3.527679762346,11.783271001481,-30.));
#1541 = DIRECTION('',(-0.269340053953,-0.963045136708,0.));
#1542 = DIRECTION('',(-0.963045136708,0.269340053953,0.));
#1543 = DEFINITIONAL_REPRESENTATION('',(#1544),#1547);
#1544 = B_SPLINE_CURVE_WITH_KNOTS('',1,(#1545,#1546),.UNSPECIFIED.,.F.,
  .F.,(2,2),(-0.335411987559,0.111803995853),.PIECEWISE_BEZIER_KNOTS.);
#1545 = CARTESIAN_POINT('',(0.447215983412,-5.));
#1546 = CARTESIAN_POINT('',(0.,-5.));
#1547 = ( GEOMETRIC_REPRESENTATION_CONTEXT(2) 
PARAMETRIC_REPRESENTATION_CONTEXT() REPRESENTATION_CONTEXT('2D SPACE',''
  ) );
#1548 = ORIENTED_EDGE('',*,*,#1549,.F.);
#1549 = EDGE_CURVE('',#1550,#1524,#1552,.T.);
#1550 = VERTEX_POINT('',#1551);
#1551 = CARTESIAN_POINT('',(2.662207251439,12.008440887575,-25.));
#1552 = SURFACE_CURVE('',#1553,(#1557,#1563),.PCURVE_S1.);
#1553 = LINE('',#1554,#1555);
#1554 = CARTESIAN_POINT('',(2.988294751207,11.92990335583,-25.));
#1555 = VECTOR('',#1556,1.);
#1556 = DIRECTION('',(0.972199897035,-0.234152429426,0.));
#1557 = PCURVE('',#154,#1558);
#1558 = DEFINITIONAL_REPRESENTATION('',(#1559),#1562);
#1559 = B_SPLINE_CURVE_WITH_KNOTS('',1,(#1560,#1561),.UNSPECIFIED.,.F.,
  .F.,(2,2),(-0.335411987559,0.111803995853),.PIECEWISE_BEZIER_KNOTS.);
#1560 = CARTESIAN_POINT('',(2.662207251439,12.008440887575));
#1561 = CARTESIAN_POINT('',(3.096990584464,11.903724178581));
#1562 = ( GEOMETRIC_REPRESENTATION_CONTEXT(2) 
PARAMETRIC_REPRESENTATION_CONTEXT() REPRESENTATION_CONTEXT('2D SPACE',''
  ) );
#1563 = PCURVE('',#1564,#1569);
#1564 = PLANE('',#1565);
#1565 = AXIS2_PLACEMENT_3D('',#1566,#1567,#1568);
#1566 = CARTESIAN_POINT('',(3.096990584464,11.903724178581,-30.));
#1567 = DIRECTION('',(-0.234152429426,-0.972199897035,0.));
#1568 = DIRECTION('',(-0.972199897035,0.234152429426,0.));
#1569 = DEFINITIONAL_REPRESENTATION('',(#1570),#1573);
#1570 = B_SPLINE_CURVE_WITH_KNOTS('',1,(#1571,#1572),.UNSPECIFIED.,.F.,
  .F.,(2,2),(-0.335411987559,0.111803995853),.PIECEWISE_BEZIER_KNOTS.);
#1571 = CARTESIAN_POINT('',(0.447215983412,-5.));
#1572 = CARTESIAN_POINT('',(0.,-5.));
#1573 = ( GEOMETRIC_REPRESENTATION_CONTEXT(2) 
PARAMETRIC_REPRESENTATION_CONTEXT() REPRESENTATION_CONTEXT('2D SPACE',''
  ) );
#1574 = ORIENTED_EDGE('',*,*,#1575,.F.);
#1575 = EDGE_CURVE('',#1576,#1550,#1578,.T.);
#1576 = VERTEX_POINT('',#1577);
#1577 = CARTESIAN_POINT('',(2.223904537514,12.097282695218,-25.));
#1578 = SURFACE_CURVE('',#1579,(#1583,#1589),.PCURVE_S1.);
#1579 = LINE('',#1580,#1581);
#1580 = CARTESIAN_POINT('',(2.552631572958,12.030651339486,-25.));
#1581 = VECTOR('',#1582,1.);
#1582 = DIRECTION('',(0.980069429945,-0.198655260407,0.));
#1583 = PCURVE('',#154,#1584);
#1584 = DEFINITIONAL_REPRESENTATION('',(#1585),#1588);
#1585 = B_SPLINE_CURVE_WITH_KNOTS('',1,(#1586,#1587),.UNSPECIFIED.,.F.,
  .F.,(2,2),(-0.335411987559,0.111803995853),.PIECEWISE_BEZIER_KNOTS.);
#1586 = CARTESIAN_POINT('',(2.223904537514,12.097282695218));
#1587 = CARTESIAN_POINT('',(2.662207251439,12.008440887575));
#1588 = ( GEOMETRIC_REPRESENTATION_CONTEXT(2) 
PARAMETRIC_REPRESENTATION_CONTEXT() REPRESENTATION_CONTEXT('2D SPACE',''
  ) );
#1589 = PCURVE('',#1590,#1595);
#1590 = PLANE('',#1591);
#1591 = AXIS2_PLACEMENT_3D('',#1592,#1593,#1594);
#1592 = CARTESIAN_POINT('',(2.662207251439,12.008440887575,-30.));
#1593 = DIRECTION('',(-0.198655260407,-0.980069429945,0.));
#1594 = DIRECTION('',(-0.980069429945,0.198655260407,0.));
#1595 = DEFINITIONAL_REPRESENTATION('',(#1596),#1599);
#1596 = B_SPLINE_CURVE_WITH_KNOTS('',1,(#1597,#1598),.UNSPECIFIED.,.F.,
  .F.,(2,2),(-0.335411987559,0.111803995853),.PIECEWISE_BEZIER_KNOTS.);
#1597 = CARTESIAN_POINT('',(0.447215983412,-5.));
#1598 = CARTESIAN_POINT('',(0.,-5.));
#1599 = ( GEOMETRIC_REPRESENTATION_CONTEXT(2) 
PARAMETRIC_REPRESENTATION_CONTEXT() REPRESENTATION_CONTEXT('2D SPACE',''
  ) );
#1600 = ORIENTED_EDGE('',*,*,#1601,.F.);
#1601 = EDGE_CURVE('',#1602,#1576,#1604,.T.);
#1602 = VERTEX_POINT('',#1603);
#1603 = CARTESIAN_POINT('',(1.782661869479,12.170132154546,-25.));
#1604 = SURFACE_CURVE('',#1605,(#1609,#1615),.PCURVE_S1.);
#1605 = LINE('',#1606,#1607);
#1606 = CARTESIAN_POINT('',(2.113593870505,12.11549506005,-25.));
#1607 = VECTOR('',#1608,1.);
#1608 = DIRECTION('',(0.986643332085,-0.162895473395,0.));
#1609 = PCURVE('',#154,#1610);
#1610 = DEFINITIONAL_REPRESENTATION('',(#1611),#1614);
#1611 = B_SPLINE_CURVE_WITH_KNOTS('',1,(#1612,#1613),.UNSPECIFIED.,.F.,
  .F.,(2,2),(-0.335411987559,0.111803995853),.PIECEWISE_BEZIER_KNOTS.);
#1612 = CARTESIAN_POINT('',(1.782661869479,12.170132154546));
#1613 = CARTESIAN_POINT('',(2.223904537514,12.097282695218));
#1614 = ( GEOMETRIC_REPRESENTATION_CONTEXT(2) 
PARAMETRIC_REPRESENTATION_CONTEXT() REPRESENTATION_CONTEXT('2D SPACE',''
  ) );
#1615 = PCURVE('',#1616,#1621);
#1616 = PLANE('',#1617);
#1617 = AXIS2_PLACEMENT_3D('',#1618,#1619,#1620);
#1618 = CARTESIAN_POINT('',(2.223904537514,12.097282695218,-30.));
#1619 = DIRECTION('',(-0.162895473395,-0.986643332085,0.));
#1620 = DIRECTION('',(-0.986643332085,0.162895473395,0.));
#1621 = DEFINITIONAL_REPRESENTATION('',(#1622),#1625);
#1622 = B_SPLINE_CURVE_WITH_KNOTS('',1,(#1623,#1624),.UNSPECIFIED.,.F.,
  .F.,(2,2),(-0.335411987559,0.111803995853),.PIECEWISE_BEZIER_KNOTS.);
#1623 = CARTESIAN_POINT('',(0.447215983412,-5.));
#1624 = CARTESIAN_POINT('',(0.,-5.));
#1625 = ( GEOMETRIC_REPRESENTATION_CONTEXT(2) 
PARAMETRIC_REPRESENTATION_CONTEXT() REPRESENTATION_CONTEXT('2D SPACE',''
  ) );
#1626 = ORIENTED_EDGE('',*,*,#1627,.F.);
#1627 = EDGE_CURVE('',#1628,#1602,#1630,.T.);
#1628 = VERTEX_POINT('',#1629);
#1629 = CARTESIAN_POINT('',(1.339062560679,12.226892960135,-25.));
#1630 = SURFACE_CURVE('',#1631,(#1635,#1641),.PCURVE_S1.);
#1631 = LINE('',#1632,#1633);
#1632 = CARTESIAN_POINT('',(1.671762042279,12.184322355943,-25.));
#1633 = VECTOR('',#1634,1.);
#1634 = DIRECTION('',(0.991912912897,-0.126920342059,0.));
#1635 = PCURVE('',#154,#1636);
#1636 = DEFINITIONAL_REPRESENTATION('',(#1637),#1640);
#1637 = B_SPLINE_CURVE_WITH_KNOTS('',1,(#1638,#1639),.UNSPECIFIED.,.F.,
  .F.,(2,2),(-0.335411987559,0.111803995853),.PIECEWISE_BEZIER_KNOTS.);
#1638 = CARTESIAN_POINT('',(1.339062560679,12.226892960135));
#1639 = CARTESIAN_POINT('',(1.782661869479,12.170132154546));
#1640 = ( GEOMETRIC_REPRESENTATION_CONTEXT(2) 
PARAMETRIC_REPRESENTATION_CONTEXT() REPRESENTATION_CONTEXT('2D SPACE',''
  ) );
#1641 = PCURVE('',#1642,#1647);
#1642 = PLANE('',#1643);
#1643 = AXIS2_PLACEMENT_3D('',#1644,#1645,#1646);
#1644 = CARTESIAN_POINT('',(1.782661869479,12.170132154546,-30.));
#1645 = DIRECTION('',(-0.126920342059,-0.991912912897,0.));
#1646 = DIRECTION('',(-0.991912912897,0.126920342059,0.));
#1647 = DEFINITIONAL_REPRESENTATION('',(#1648),#1651);
#1648 = B_SPLINE_CURVE_WITH_KNOTS('',1,(#1649,#1650),.UNSPECIFIED.,.F.,
  .F.,(2,2),(-0.335411987559,0.111803995853),.PIECEWISE_BEZIER_KNOTS.);
#1649 = CARTESIAN_POINT('',(0.447215983412,-5.));
#1650 = CARTESIAN_POINT('',(0.,-5.));
#1651 = ( GEOMETRIC_REPRESENTATION_CONTEXT(2) 
PARAMETRIC_REPRESENTATION_CONTEXT() REPRESENTATION_CONTEXT('2D SPACE',''
  ) );
#1652 = ORIENTED_EDGE('',*,*,#1653,.F.);
#1653 = EDGE_CURVE('',#1654,#1628,#1656,.T.);
#1654 = VERTEX_POINT('',#1655);
#1655 = CARTESIAN_POINT('',(0.893693039888,12.267490075417,-25.));
#1656 = SURFACE_CURVE('',#1657,(#1661,#1667),.PCURVE_S1.);
#1657 = LINE('',#1658,#1659);
#1658 = CARTESIAN_POINT('',(1.227720180481,12.237042238955,-25.));
#1659 = VECTOR('',#1660,1.);
#1660 = DIRECTION('',(0.995871206108,-9.077742475302E-02,0.));
#1661 = PCURVE('',#154,#1662);
#1662 = DEFINITIONAL_REPRESENTATION('',(#1663),#1666);
#1663 = B_SPLINE_CURVE_WITH_KNOTS('',1,(#1664,#1665),.UNSPECIFIED.,.F.,
  .F.,(2,2),(-0.335411987559,0.111803995853),.PIECEWISE_BEZIER_KNOTS.);
#1664 = CARTESIAN_POINT('',(0.893693039888,12.267490075417));
#1665 = CARTESIAN_POINT('',(1.339062560679,12.226892960135));
#1666 = ( GEOMETRIC_REPRESENTATION_CONTEXT(2) 
PARAMETRIC_REPRESENTATION_CONTEXT() REPRESENTATION_CONTEXT('2D SPACE',''
  ) );
#1667 = PCURVE('',#1668,#1673);
#1668 = PLANE('',#1669);
#1669 = AXIS2_PLACEMENT_3D('',#1670,#1671,#1672);
#1670 = CARTESIAN_POINT('',(1.339062560679,12.226892960135,-30.));
#1671 = DIRECTION('',(-9.077742475302E-02,-0.995871206108,0.));
#1672 = DIRECTION('',(-0.995871206108,9.077742475302E-02,0.));
#1673 = DEFINITIONAL_REPRESENTATION('',(#1674),#1677);
#1674 = B_SPLINE_CURVE_WITH_KNOTS('',1,(#1675,#1676),.UNSPECIFIED.,.F.,
  .F.,(2,2),(-0.335411987559,0.111803995853),.PIECEWISE_BEZIER_KNOTS.);
#1675 = CARTESIAN_POINT('',(0.447215983412,-5.));
#1676 = CARTESIAN_POINT('',(0.,-5.));
#1677 = ( GEOMETRIC_REPRESENTATION_CONTEXT(2) 
PARAMETRIC_REPRESENTATION_CONTEXT() REPRESENTATION_CONTEXT('2D SPACE',''
  ) );
#1678 = ORIENTED_EDGE('',*,*,#1679,.F.);
#1679 = EDGE_CURVE('',#1680,#1654,#1682,.T.);
#1680 = VERTEX_POINT('',#1681);
#1681 = CARTESIAN_POINT('',(0.447142076062,12.291869831877,-25.));
#1682 = SURFACE_CURVE('',#1683,(#1687,#1693),.PCURVE_S1.);
#1683 = LINE('',#1684,#1685);
#1684 = CARTESIAN_POINT('',(0.782055298932,12.273585014532,-25.));
#1685 = VECTOR('',#1686,1.);
#1686 = DIRECTION('',(0.99851297894,-5.4514501638E-02,0.));
#1687 = PCURVE('',#154,#1688);
#1688 = DEFINITIONAL_REPRESENTATION('',(#1689),#1692);
#1689 = B_SPLINE_CURVE_WITH_KNOTS('',1,(#1690,#1691),.UNSPECIFIED.,.F.,
  .F.,(2,2),(-0.335411987559,0.111803995853),.PIECEWISE_BEZIER_KNOTS.);
#1690 = CARTESIAN_POINT('',(0.447142076062,12.291869831877));
#1691 = CARTESIAN_POINT('',(0.893693039888,12.267490075417));
#1692 = ( GEOMETRIC_REPRESENTATION_CONTEXT(2) 
PARAMETRIC_REPRESENTATION_CONTEXT() REPRESENTATION_CONTEXT('2D SPACE',''
  ) );
#1693 = PCURVE('',#1694,#1699);
#1694 = PLANE('',#1695);
#1695 = AXIS2_PLACEMENT_3D('',#1696,#1697,#1698);
#1696 = CARTESIAN_POINT('',(0.893693039888,12.267490075417,-30.));
#1697 = DIRECTION('',(-5.4514501638E-02,-0.99851297894,0.));
#1698 = DIRECTION('',(-0.99851297894,5.4514501638E-02,0.));
#1699 = DEFINITIONAL_REPRESENTATION('',(#1700),#1703);
#1700 = B_SPLINE_CURVE_WITH_KNOTS('',1,(#1701,#1702),.UNSPECIFIED.,.F.,
  .F.,(2,2),(-0.335411987559,0.111803995853),.PIECEWISE_BEZIER_KNOTS.);
#1701 = CARTESIAN_POINT('',(0.447215983412,-5.));
#1702 = CARTESIAN_POINT('',(0.,-5.));
#1703 = ( GEOMETRIC_REPRESENTATION_CONTEXT(2) 
PARAMETRIC_REPRESENTATION_CONTEXT() REPRESENTATION_CONTEXT('2D SPACE',''
  ) );
#1704 = ORIENTED_EDGE('',*,*,#1705,.F.);
#1705 = EDGE_CURVE('',#1706,#1680,#1708,.T.);
#1706 = VERTEX_POINT('',#1707);
#1707 = CARTESIAN_POINT('',(0.,12.3,-25.));
#1708 = SURFACE_CURVE('',#1709,(#1713,#1719),.PCURVE_S1.);
#1709 = LINE('',#1710,#1711);
#1710 = CARTESIAN_POINT('',(0.335356557047,12.293902373908,-25.));
#1711 = VECTOR('',#1712,1.);
#1712 = DIRECTION('',(0.999834739025,-1.81795115208E-02,0.));
#1713 = PCURVE('',#154,#1714);
#1714 = DEFINITIONAL_REPRESENTATION('',(#1715),#1718);
#1715 = B_SPLINE_CURVE_WITH_KNOTS('',1,(#1716,#1717),.UNSPECIFIED.,.F.,
  .F.,(2,2),(-0.335411987559,0.111803995853),.PIECEWISE_BEZIER_KNOTS.);
#1716 = CARTESIAN_POINT('',(-5.551115123126E-17,12.3));
#1717 = CARTESIAN_POINT('',(0.447142076062,12.291869831877));
#1718 = ( GEOMETRIC_REPRESENTATION_CONTEXT(2) 
PARAMETRIC_REPRESENTATION_CONTEXT() REPRESENTATION_CONTEXT('2D SPACE',''
  ) );
#1719 = PCURVE('',#1720,#1725);
#1720 = PLANE('',#1721);
#1721 = AXIS2_PLACEMENT_3D('',#1722,#1723,#1724);
#1722 = CARTESIAN_POINT('',(0.447142076062,12.291869831877,-30.));
#1723 = DIRECTION('',(-1.81795115208E-02,-0.999834739025,0.));
#1724 = DIRECTION('',(-0.999834739025,1.81795115208E-02,0.));
#1725 = DEFINITIONAL_REPRESENTATION('',(#1726),#1729);
#1726 = B_SPLINE_CURVE_WITH_KNOTS('',1,(#1727,#1728),.UNSPECIFIED.,.F.,
  .F.,(2,2),(-0.335411987559,0.111803995853),.PIECEWISE_BEZIER_KNOTS.);
#1727 = CARTESIAN_POINT('',(0.447215983412,-5.));
#1728 = CARTESIAN_POINT('',(0.,-5.));
#1729 = ( GEOMETRIC_REPRESENTATION_CONTEXT(2) 
PARAMETRIC_REPRESENTATION_CONTEXT() REPRESENTATION_CONTEXT('2D SPACE',''
  ) );
#1730 = ORIENTED_EDGE('',*,*,#1731,.F.);
#1731 = EDGE_CURVE('',#1732,#1706,#1734,.T.);
#1732 = VERTEX_POINT('',#1733);
#1733 = CARTESIAN_POINT('',(-0.447142076062,12.291869831877,-25.));
#1734 = SURFACE_CURVE('',#1735,(#1739,#1745),.PCURVE_S1.);
#1735 = LINE('',#1736,#1737);
#1736 = CARTESIAN_POINT('',(-0.111785519016,12.297967457969,-25.));
#1737 = VECTOR('',#1738,1.);
#1738 = DIRECTION('',(0.999834739025,1.81795115208E-02,-0.));
#1739 = PCURVE('',#154,#1740);
#1740 = DEFINITIONAL_REPRESENTATION('',(#1741),#1744);
#1741 = B_SPLINE_CURVE_WITH_KNOTS('',1,(#1742,#1743),.UNSPECIFIED.,.F.,
  .F.,(2,2),(-0.335411987559,0.111803995853),.PIECEWISE_BEZIER_KNOTS.);
#1742 = CARTESIAN_POINT('',(-0.447142076062,12.291869831877));
#1743 = CARTESIAN_POINT('',(0.,12.3));
#1744 = ( GEOMETRIC_REPRESENTATION_CONTEXT(2) 
PARAMETRIC_REPRESENTATION_CONTEXT() REPRESENTATION_CONTEXT('2D SPACE',''
  ) );
#1745 = PCURVE('',#1746,#1751);
#1746 = PLANE('',#1747);
#1747 = AXIS2_PLACEMENT_3D('',#1748,#1749,#1750);
#1748 = CARTESIAN_POINT('',(0.,12.3,-30.));
#1749 = DIRECTION('',(1.81795115208E-02,-0.999834739025,0.));
#1750 = DIRECTION('',(-0.999834739025,-1.81795115208E-02,0.));
#1751 = DEFINITIONAL_REPRESENTATION('',(#1752),#1755);
#1752 = B_SPLINE_CURVE_WITH_KNOTS('',1,(#1753,#1754),.UNSPECIFIED.,.F.,
  .F.,(2,2),(-0.335411987559,0.111803995853),.PIECEWISE_BEZIER_KNOTS.);
#1753 = CARTESIAN_POINT('',(0.447215983412,-5.));
#1754 = CARTESIAN_POINT('',(0.,-5.));
#1755 = ( GEOMETRIC_REPRESENTATION_CONTEXT(2) 
PARAMETRIC_REPRESENTATION_CONTEXT() REPRESENTATION_CONTEXT('2D SPACE',''
  ) );
#1756 = ORIENTED_EDGE('',*,*,#1757,.F.);
#1757 = EDGE_CURVE('',#1758,#1732,#1760,.T.);
#1758 = VERTEX_POINT('',#1759);
#1759 = CARTESIAN_POINT('',(-0.893693039888,12.267490075417,-25.));
#1760 = SURFACE_CURVE('',#1761,(#1765,#1771),.PCURVE_S1.);
#1761 = LINE('',#1762,#1763);
#1762 = CARTESIAN_POINT('',(-0.558779817019,12.285774892762,-25.));
#1763 = VECTOR('',#1764,1.);
#1764 = DIRECTION('',(0.99851297894,5.4514501638E-02,-0.));
#1765 = PCURVE('',#154,#1766);
#1766 = DEFINITIONAL_REPRESENTATION('',(#1767),#1770);
#1767 = B_SPLINE_CURVE_WITH_KNOTS('',1,(#1768,#1769),.UNSPECIFIED.,.F.,
  .F.,(2,2),(-0.335411987559,0.111803995853),.PIECEWISE_BEZIER_KNOTS.);
#1768 = CARTESIAN_POINT('',(-0.893693039888,12.267490075417));
#1769 = CARTESIAN_POINT('',(-0.447142076062,12.291869831877));
#1770 = ( GEOMETRIC_REPRESENTATION_CONTEXT(2) 
PARAMETRIC_REPRESENTATION_CONTEXT() REPRESENTATION_CONTEXT('2D SPACE',''
  ) );
#1771 = PCURVE('',#1772,#1777);
#1772 = PLANE('',#1773);
#1773 = AXIS2_PLACEMENT_3D('',#1774,#1775,#1776);
#1774 = CARTESIAN_POINT('',(-0.447142076062,12.291869831877,-30.));
#1775 = DIRECTION('',(5.4514501638E-02,-0.99851297894,0.));
#1776 = DIRECTION('',(-0.99851297894,-5.4514501638E-02,0.));
#1777 = DEFINITIONAL_REPRESENTATION('',(#1778),#1781);
#1778 = B_SPLINE_CURVE_WITH_KNOTS('',1,(#1779,#1780),.UNSPECIFIED.,.F.,
  .F.,(2,2),(-0.335411987559,0.111803995853),.PIECEWISE_BEZIER_KNOTS.);
#1779 = CARTESIAN_POINT('',(0.447215983412,-5.));
#1780 = CARTESIAN_POINT('',(0.,-5.));
#1781 = ( GEOMETRIC_REPRESENTATION_CONTEXT(2) 
PARAMETRIC_REPRESENTATION_CONTEXT() REPRESENTATION_CONTEXT('2D SPACE',''
  ) );
#1782 = ORIENTED_EDGE('',*,*,#1783,.F.);
#1783 = EDGE_CURVE('',#1784,#1758,#1786,.T.);
#1784 = VERTEX_POINT('',#1785);
#1785 = CARTESIAN_POINT('',(-1.339062560679,12.226892960135,-25.));
#1786 = SURFACE_CURVE('',#1787,(#1791,#1797),.PCURVE_S1.);
#1787 = LINE('',#1788,#1789);
#1788 = CARTESIAN_POINT('',(-1.005035420086,12.257340796596,-25.));
#1789 = VECTOR('',#1790,1.);
#1790 = DIRECTION('',(0.995871206108,9.077742475302E-02,-0.));
#1791 = PCURVE('',#154,#1792);
#1792 = DEFINITIONAL_REPRESENTATION('',(#1793),#1796);
#1793 = B_SPLINE_CURVE_WITH_KNOTS('',1,(#1794,#1795),.UNSPECIFIED.,.F.,
  .F.,(2,2),(-0.335411987559,0.111803995853),.PIECEWISE_BEZIER_KNOTS.);
#1794 = CARTESIAN_POINT('',(-1.339062560679,12.226892960135));
#1795 = CARTESIAN_POINT('',(-0.893693039888,12.267490075417));
#1796 = ( GEOMETRIC_REPRESENTATION_CONTEXT(2) 
PARAMETRIC_REPRESENTATION_CONTEXT() REPRESENTATION_CONTEXT('2D SPACE',''
  ) );
#1797 = PCURVE('',#1798,#1803);
#1798 = PLANE('',#1799);
#1799 = AXIS2_PLACEMENT_3D('',#1800,#1801,#1802);
#1800 = CARTESIAN_POINT('',(-0.893693039888,12.267490075417,-30.));
#1801 = DIRECTION('',(9.077742475302E-02,-0.995871206108,0.));
#1802 = DIRECTION('',(-0.995871206108,-9.077742475302E-02,0.));
#1803 = DEFINITIONAL_REPRESENTATION('',(#1804),#1807);
#1804 = B_SPLINE_CURVE_WITH_KNOTS('',1,(#1805,#1806),.UNSPECIFIED.,.F.,
  .F.,(2,2),(-0.335411987559,0.111803995853),.PIECEWISE_BEZIER_KNOTS.);
#1805 = CARTESIAN_POINT('',(0.447215983412,-5.));
#1806 = CARTESIAN_POINT('',(0.,-5.));
#1807 = ( GEOMETRIC_REPRESENTATION_CONTEXT(2) 
PARAMETRIC_REPRESENTATION_CONTEXT() REPRESENTATION_CONTEXT('2D SPACE',''
  ) );
#1808 = ORIENTED_EDGE('',*,*,#1809,.F.);
#1809 = EDGE_CURVE('',#1810,#1784,#1812,.T.);
#1810 = VERTEX_POINT('',#1811);
#1811 = CARTESIAN_POINT('',(-1.782661869479,12.170132154546,-25.));
#1812 = SURFACE_CURVE('',#1813,(#1817,#1823),.PCURVE_S1.);
#1813 = LINE('',#1814,#1815);
#1814 = CARTESIAN_POINT('',(-1.449962387879,12.212702758737,-25.));
#1815 = VECTOR('',#1816,1.);
#1816 = DIRECTION('',(0.991912912897,0.126920342059,-0.));
#1817 = PCURVE('',#154,#1818);
#1818 = DEFINITIONAL_REPRESENTATION('',(#1819),#1822);
#1819 = B_SPLINE_CURVE_WITH_KNOTS('',1,(#1820,#1821),.UNSPECIFIED.,.F.,
  .F.,(2,2),(-0.335411987559,0.111803995853),.PIECEWISE_BEZIER_KNOTS.);
#1820 = CARTESIAN_POINT('',(-1.782661869479,12.170132154546));
#1821 = CARTESIAN_POINT('',(-1.339062560679,12.226892960135));
#1822 = ( GEOMETRIC_REPRESENTATION_CONTEXT(2) 
PARAMETRIC_REPRESENTATION_CONTEXT() REPRESENTATION_CONTEXT('2D SPACE',''
  ) );
#1823 = PCURVE('',#1824,#1829);
#1824 = PLANE('',#1825);
#1825 = AXIS2_PLACEMENT_3D('',#1826,#1827,#1828);
#1826 = CARTESIAN_POINT('',(-1.339062560679,12.226892960135,-30.));
#1827 = DIRECTION('',(0.126920342059,-0.991912912897,0.));
#1828 = DIRECTION('',(-0.991912912897,-0.126920342059,0.));
#1829 = DEFINITIONAL_REPRESENTATION('',(#1830),#1833);
#1830 = B_SPLINE_CURVE_WITH_KNOTS('',1,(#1831,#1832),.UNSPECIFIED.,.F.,
  .F.,(2,2),(-0.335411987559,0.111803995853),.PIECEWISE_BEZIER_KNOTS.);
#1831 = CARTESIAN_POINT('',(0.447215983412,-5.));
#1832 = CARTESIAN_POINT('',(0.,-5.));
#1833 = ( GEOMETRIC_REPRESENTATION_CONTEXT(2) 
PARAMETRIC_REPRESENTATION_CONTEXT() REPRESENTATION_CONTEXT('2D SPACE',''
  ) );
#1834 = ORIENTED_EDGE('',*,*,#1835,.F.);
#1835 = EDGE_CURVE('',#1836,#1810,#1838,.T.);
#1836 = VERTEX_POINT('',#1837);
#1837 = CARTESIAN_POINT('',(-2.223904537514,12.097282695218,-25.));
#1838 = SURFACE_CURVE('',#1839,(#1843,#1849),.PCURVE_S1.);
#1839 = LINE('',#1840,#1841);
#1840 = CARTESIAN_POINT('',(-1.892972536488,12.151919789714,-25.));
#1841 = VECTOR('',#1842,1.);
#1842 = DIRECTION('',(0.986643332085,0.162895473395,-0.));
#1843 = PCURVE('',#154,#1844);
#1844 = DEFINITIONAL_REPRESENTATION('',(#1845),#1848);
#1845 = B_SPLINE_CURVE_WITH_KNOTS('',1,(#1846,#1847),.UNSPECIFIED.,.F.,
  .F.,(2,2),(-0.335411987559,0.111803995853),.PIECEWISE_BEZIER_KNOTS.);
#1846 = CARTESIAN_POINT('',(-2.223904537514,12.097282695218));
#1847 = CARTESIAN_POINT('',(-1.782661869479,12.170132154546));
#1848 = ( GEOMETRIC_REPRESENTATION_CONTEXT(2) 
PARAMETRIC_REPRESENTATION_CONTEXT() REPRESENTATION_CONTEXT('2D SPACE',''
  ) );
#1849 = PCURVE('',#1850,#1855);
#1850 = PLANE('',#1851);
#1851 = AXIS2_PLACEMENT_3D('',#1852,#1853,#1854);
#1852 = CARTESIAN_POINT('',(-1.782661869479,12.170132154546,-30.));
#1853 = DIRECTION('',(0.162895473395,-0.986643332085,0.));
#1854 = DIRECTION('',(-0.986643332085,-0.162895473395,0.));
#1855 = DEFINITIONAL_REPRESENTATION('',(#1856),#1859);
#1856 = B_SPLINE_CURVE_WITH_KNOTS('',1,(#1857,#1858),.UNSPECIFIED.,.F.,
  .F.,(2,2),(-0.335411987559,0.111803995853),.PIECEWISE_BEZIER_KNOTS.);
#1857 = CARTESIAN_POINT('',(0.447215983412,-5.));
#1858 = CARTESIAN_POINT('',(0.,-5.));
#1859 = ( GEOMETRIC_REPRESENTATION_CONTEXT(2) 
PARAMETRIC_REPRESENTATION_CONTEXT() REPRESENTATION_CONTEXT('2D SPACE',''
  ) );
#1860 = ORIENTED_EDGE('',*,*,#1861,.F.);
#1861 = EDGE_CURVE('',#1862,#1836,#1864,.T.);
#1862 = VERTEX_POINT('',#1863);
#1863 = CARTESIAN_POINT('',(-2.662207251439,12.008440887575,-25.));
#1864 = SURFACE_CURVE('',#1865,(#1869,#1875),.PCURVE_S1.);
#1865 = LINE('',#1866,#1867);
#1866 = CARTESIAN_POINT('',(-2.333480215995,12.075072243307,-25.));
#1867 = VECTOR('',#1868,1.);
#1868 = DIRECTION('',(0.980069429945,0.198655260407,-0.));
#1869 = PCURVE('',#154,#1870);
#1870 = DEFINITIONAL_REPRESENTATION('',(#1871),#1874);
#1871 = B_SPLINE_CURVE_WITH_KNOTS('',1,(#1872,#1873),.UNSPECIFIED.,.F.,
  .F.,(2,2),(-0.335411987559,0.111803995853),.PIECEWISE_BEZIER_KNOTS.);
#1872 = CARTESIAN_POINT('',(-2.662207251439,12.008440887575));
#1873 = CARTESIAN_POINT('',(-2.223904537514,12.097282695218));
#1874 = ( GEOMETRIC_REPRESENTATION_CONTEXT(2) 
PARAMETRIC_REPRESENTATION_CONTEXT() REPRESENTATION_CONTEXT('2D SPACE',''
  ) );
#1875 = PCURVE('',#1876,#1881);
#1876 = PLANE('',#1877);
#1877 = AXIS2_PLACEMENT_3D('',#1878,#1879,#1880);
#1878 = CARTESIAN_POINT('',(-2.223904537514,12.097282695218,-30.));
#1879 = DIRECTION('',(0.198655260407,-0.980069429945,0.));
#1880 = DIRECTION('',(-0.980069429945,-0.198655260407,0.));
#1881 = DEFINITIONAL_REPRESENTATION('',(#1882),#1885);
#1882 = B_SPLINE_CURVE_WITH_KNOTS('',1,(#1883,#1884),.UNSPECIFIED.,.F.,
  .F.,(2,2),(-0.335411987559,0.111803995853),.PIECEWISE_BEZIER_KNOTS.);
#1883 = CARTESIAN_POINT('',(0.447215983412,-5.));
#1884 = CARTESIAN_POINT('',(0.,-5.));
#1885 = ( GEOMETRIC_REPRESENTATION_CONTEXT(2) 
PARAMETRIC_REPRESENTATION_CONTEXT() REPRESENTATION_CONTEXT('2D SPACE',''
  ) );
#1886 = ORIENTED_EDGE('',*,*,#1887,.F.);
#1887 = EDGE_CURVE('',#1888,#1862,#1890,.T.);
#1888 = VERTEX_POINT('',#1889);
#1889 = CARTESIAN_POINT('',(-3.096990584464,11.903724178581,-25.));
#1890 = SURFACE_CURVE('',#1891,(#1895,#1901),.PCURVE_S1.);
#1891 = LINE('',#1892,#1893);
#1892 = CARTESIAN_POINT('',(-2.770903084695,11.982261710327,-25.));
#1893 = VECTOR('',#1894,1.);
#1894 = DIRECTION('',(0.972199897035,0.234152429426,-0.));
#1895 = PCURVE('',#154,#1896);
#1896 = DEFINITIONAL_REPRESENTATION('',(#1897),#1900);
#1897 = B_SPLINE_CURVE_WITH_KNOTS('',1,(#1898,#1899),.UNSPECIFIED.,.F.,
  .F.,(2,2),(-0.335411987559,0.111803995853),.PIECEWISE_BEZIER_KNOTS.);
#1898 = CARTESIAN_POINT('',(-3.096990584464,11.903724178581));
#1899 = CARTESIAN_POINT('',(-2.662207251439,12.008440887575));
#1900 = ( GEOMETRIC_REPRESENTATION_CONTEXT(2) 
PARAMETRIC_REPRESENTATION_CONTEXT() REPRESENTATION_CONTEXT('2D SPACE',''
  ) );
#1901 = PCURVE('',#1902,#1907);
#1902 = PLANE('',#1903);
#1903 = AXIS2_PLACEMENT_3D('',#1904,#1905,#1906);
#1904 = CARTESIAN_POINT('',(-2.662207251439,12.008440887575,-30.));
#1905 = DIRECTION('',(0.234152429426,-0.972199897035,0.));
#1906 = DIRECTION('',(-0.972199897035,-0.234152429426,0.));
#1907 = DEFINITIONAL_REPRESENTATION('',(#1908),#1911);
#1908 = B_SPLINE_CURVE_WITH_KNOTS('',1,(#1909,#1910),.UNSPECIFIED.,.F.,
  .F.,(2,2),(-0.335411987559,0.111803995853),.PIECEWISE_BEZIER_KNOTS.);
#1909 = CARTESIAN_POINT('',(0.447215983412,-5.));
#1910 = CARTESIAN_POINT('',(0.,-5.));
#1911 = ( GEOMETRIC_REPRESENTATION_CONTEXT(2) 
PARAMETRIC_REPRESENTATION_CONTEXT() REPRESENTATION_CONTEXT('2D SPACE',''
  ) );
#1912 = ORIENTED_EDGE('',*,*,#1913,.F.);
#1913 = EDGE_CURVE('',#1914,#1888,#1916,.T.);
#1914 = VERTEX_POINT('',#1915);
#1915 = CARTESIAN_POINT('',(-3.527679762346,11.783271001481,-25.));
#1916 = SURFACE_CURVE('',#1917,(#1921,#1927),.PCURVE_S1.);
#1917 = LINE('',#1918,#1919);
#1918 = CARTESIAN_POINT('',(-3.204662878934,11.873610884306,-25.));
#1919 = VECTOR('',#1920,1.);
#1920 = DIRECTION('',(0.963045136708,0.269340053953,-0.));
#1921 = PCURVE('',#154,#1922);
#1922 = DEFINITIONAL_REPRESENTATION('',(#1923),#1926);
#1923 = B_SPLINE_CURVE_WITH_KNOTS('',1,(#1924,#1925),.UNSPECIFIED.,.F.,
  .F.,(2,2),(-0.335411987559,0.111803995853),.PIECEWISE_BEZIER_KNOTS.);
#1924 = CARTESIAN_POINT('',(-3.527679762346,11.783271001481));
#1925 = CARTESIAN_POINT('',(-3.096990584464,11.903724178581));
#1926 = ( GEOMETRIC_REPRESENTATION_CONTEXT(2) 
PARAMETRIC_REPRESENTATION_CONTEXT() REPRESENTATION_CONTEXT('2D SPACE',''
  ) );
#1927 = PCURVE('',#1928,#1933);
#1928 = PLANE('',#1929);
#1929 = AXIS2_PLACEMENT_3D('',#1930,#1931,#1932);
#1930 = CARTESIAN_POINT('',(-3.096990584464,11.903724178581,-30.));
#1931 = DIRECTION('',(0.269340053953,-0.963045136708,0.));
#1932 = DIRECTION('',(-0.963045136708,-0.269340053953,0.));
#1933 = DEFINITIONAL_REPRESENTATION('',(#1934),#1937);
#1934 = B_SPLINE_CURVE_WITH_KNOTS('',1,(#1935,#1936),.UNSPECIFIED.,.F.,
  .F.,(2,2),(-0.335411987559,0.111803995853),.PIECEWISE_BEZIER_KNOTS.);
#1935 = CARTESIAN_POINT('',(0.447215983412,-5.));
#1936 = CARTESIAN_POINT('',(0.,-5.));
#1937 = ( GEOMETRIC_REPRESENTATION_CONTEXT(2) 
PARAMETRIC_REPRESENTATION_CONTEXT() REPRESENTATION_CONTEXT('2D SPACE',''
  ) );
#1938 = ORIENTED_EDGE('',*,*,#1939,.F.);
#1939 = EDGE_CURVE('',#1940,#1914,#1942,.T.);
#1940 = VERTEX_POINT('',#1941);
#1941 = CARTESIAN_POINT('',(-3.953705423229,11.64724059279,-25.));
#1942 = SURFACE_CURVE('',#1943,(#1947,#1953),.PCURVE_S1.);
#1943 = LINE('',#1944,#1945);
#1944 = CARTESIAN_POINT('',(-3.634186177567,11.749263399308,-25.));
#1945 = VECTOR('',#1946,1.);
#1946 = DIRECTION('',(0.952617251361,0.304171616705,-0.));
#1947 = PCURVE('',#154,#1948);
#1948 = DEFINITIONAL_REPRESENTATION('',(#1949),#1952);
#1949 = B_SPLINE_CURVE_WITH_KNOTS('',1,(#1950,#1951),.UNSPECIFIED.,.F.,
  .F.,(2,2),(-0.335411987559,0.111803995853),.PIECEWISE_BEZIER_KNOTS.);
#1950 = CARTESIAN_POINT('',(-3.953705423229,11.64724059279));
#1951 = CARTESIAN_POINT('',(-3.527679762346,11.783271001481));
#1952 = ( GEOMETRIC_REPRESENTATION_CONTEXT(2) 
PARAMETRIC_REPRESENTATION_CONTEXT() REPRESENTATION_CONTEXT('2D SPACE',''
  ) );
#1953 = PCURVE('',#1954,#1959);
#1954 = PLANE('',#1955);
#1955 = AXIS2_PLACEMENT_3D('',#1956,#1957,#1958);
#1956 = CARTESIAN_POINT('',(-3.527679762346,11.783271001481,-30.));
#1957 = DIRECTION('',(0.304171616705,-0.952617251361,0.));
#1958 = DIRECTION('',(-0.952617251361,-0.304171616705,0.));
#1959 = DEFINITIONAL_REPRESENTATION('',(#1960),#1963);
#1960 = B_SPLINE_CURVE_WITH_KNOTS('',1,(#1961,#1962),.UNSPECIFIED.,.F.,
  .F.,(2,2),(-0.335411987559,0.111803995853),.PIECEWISE_BEZIER_KNOTS.);
#1961 = CARTESIAN_POINT('',(0.447215983412,-5.));
#1962 = CARTESIAN_POINT('',(0.,-5.));
#1963 = ( GEOMETRIC_REPRESENTATION_CONTEXT(2) 
PARAMETRIC_REPRESENTATION_CONTEXT() REPRESENTATION_CONTEXT('2D SPACE',''
  ) );
#1964 = ORIENTED_EDGE('',*,*,#1965,.F.);
#1965 = EDGE_CURVE('',#1966,#1940,#1968,.T.);
#1966 = VERTEX_POINT('',#1967);
#1967 = CARTESIAN_POINT('',(-4.374504370323,11.495812781793,-25.));
#1968 = SURFACE_CURVE('',#1969,(#1973,#1979),.PCURVE_S1.);
#1969 = LINE('',#1970,#1971);
#1970 = CARTESIAN_POINT('',(-4.058905160002,11.60938364004,-25.));
#1971 = VECTOR('',#1972,1.);
#1972 = DIRECTION('',(0.940930026436,0.338601071102,-0.));
#1973 = PCURVE('',#154,#1974);
#1974 = DEFINITIONAL_REPRESENTATION('',(#1975),#1978);
#1975 = B_SPLINE_CURVE_WITH_KNOTS('',1,(#1976,#1977),.UNSPECIFIED.,.F.,
  .F.,(2,2),(-0.335411987559,0.111803995853),.PIECEWISE_BEZIER_KNOTS.);
#1976 = CARTESIAN_POINT('',(-4.374504370323,11.495812781793));
#1977 = CARTESIAN_POINT('',(-3.953705423229,11.64724059279));
#1978 = ( GEOMETRIC_REPRESENTATION_CONTEXT(2) 
PARAMETRIC_REPRESENTATION_CONTEXT() REPRESENTATION_CONTEXT('2D SPACE',''
  ) );
#1979 = PCURVE('',#1980,#1985);
#1980 = PLANE('',#1981);
#1981 = AXIS2_PLACEMENT_3D('',#1982,#1983,#1984);
#1982 = CARTESIAN_POINT('',(-3.953705423229,11.64724059279,-30.));
#1983 = DIRECTION('',(0.338601071102,-0.940930026436,0.));
#1984 = DIRECTION('',(-0.940930026436,-0.338601071102,0.));
#1985 = DEFINITIONAL_REPRESENTATION('',(#1986),#1989);
#1986 = B_SPLINE_CURVE_WITH_KNOTS('',1,(#1987,#1988),.UNSPECIFIED.,.F.,
  .F.,(2,2),(-0.335411987559,0.111803995853),.PIECEWISE_BEZIER_KNOTS.);
#1987 = CARTESIAN_POINT('',(0.447215983412,-5.));
#1988 = CARTESIAN_POINT('',(0.,-5.));
#1989 = ( GEOMETRIC_REPRESENTATION_CONTEXT(2) 
PARAMETRIC_REPRESENTATION_CONTEXT() REPRESENTATION_CONTEXT('2D SPACE',''
  ) );
#1990 = ORIENTED_EDGE('',*,*,#1991,.F.);
#1991 = EDGE_CURVE('',#712,#1966,#1992,.T.);
#1992 = SURFACE_CURVE('',#1993,(#1997,#2003),.PCURVE_S1.);
#1993 = LINE('',#1994,#1995);
#1994 = CARTESIAN_POINT('',(-4.478258356853,11.454156524546,-25.));
#1995 = VECTOR('',#1996,1.);
#1996 = DIRECTION('',(0.927998912192,0.372582902144,-0.));
#1997 = PCURVE('',#154,#1998);
#1998 = DEFINITIONAL_REPRESENTATION('',(#1999),#2002);
#1999 = B_SPLINE_CURVE_WITH_KNOTS('',1,(#2000,#2001),.UNSPECIFIED.,.F.,
  .F.,(2,2),(-0.335411987559,0.111803995853),.PIECEWISE_BEZIER_KNOTS.);
#2000 = CARTESIAN_POINT('',(-4.789520316444,11.329187752808));
#2001 = CARTESIAN_POINT('',(-4.374504370323,11.495812781793));
#2002 = ( GEOMETRIC_REPRESENTATION_CONTEXT(2) 
PARAMETRIC_REPRESENTATION_CONTEXT() REPRESENTATION_CONTEXT('2D SPACE',''
  ) );
#2003 = PCURVE('',#2004,#2009);
#2004 = PLANE('',#2005);
#2005 = AXIS2_PLACEMENT_3D('',#2006,#2007,#2008);
#2006 = CARTESIAN_POINT('',(-4.374504370323,11.495812781793,-30.));
#2007 = DIRECTION('',(0.372582902144,-0.927998912192,0.));
#2008 = DIRECTION('',(-0.927998912192,-0.372582902144,0.));
#2009 = DEFINITIONAL_REPRESENTATION('',(#2010),#2013);
#2010 = B_SPLINE_CURVE_WITH_KNOTS('',1,(#2011,#2012),.UNSPECIFIED.,.F.,
  .F.,(2,2),(-0.335411987559,0.111803995853),.PIECEWISE_BEZIER_KNOTS.);
#2011 = CARTESIAN_POINT('',(0.447215983412,-5.));
#2012 = CARTESIAN_POINT('',(0.,-5.));
#2013 = ( GEOMETRIC_REPRESENTATION_CONTEXT(2) 
PARAMETRIC_REPRESENTATION_CONTEXT() REPRESENTATION_CONTEXT('2D SPACE',''
  ) );
#2014 = ADVANCED_FACE('',(#2015),#216,.T.);
#2015 = FACE_BOUND('',#2016,.T.);
#2016 = EDGE_LOOP('',(#2017,#2018,#2046));
#2017 = ORIENTED_EDGE('',*,*,#199,.T.);
#2018 = ORIENTED_EDGE('',*,*,#2019,.T.);
#2019 = EDGE_CURVE('',#167,#2020,#2022,.T.);
#2020 = VERTEX_POINT('',#2021);
#2021 = CARTESIAN_POINT('',(-21.,1.5,-25.));
#2022 = SURFACE_CURVE('',#2023,(#2027,#2034),.PCURVE_S1.);
#2023 = LINE('',#2024,#2025);
#2024 = CARTESIAN_POINT('',(-21.,-1.5,-25.));
#2025 = VECTOR('',#2026,1.);
#2026 = DIRECTION('',(0.,1.,0.));
#2027 = PCURVE('',#216,#2028);
#2028 = DEFINITIONAL_REPRESENTATION('',(#2029),#2033);
#2029 = LINE('',#2030,#2031);
#2030 = CARTESIAN_POINT('',(3.,-1.5));
#2031 = VECTOR('',#2032,1.);
#2032 = DIRECTION('',(0.,1.));
#2033 = ( GEOMETRIC_REPRESENTATION_CONTEXT(2) 
PARAMETRIC_REPRESENTATION_CONTEXT() REPRESENTATION_CONTEXT('2D SPACE',''
  ) );
#2034 = PCURVE('',#2035,#2040);
#2035 = PLANE('',#2036);
#2036 = AXIS2_PLACEMENT_3D('',#2037,#2038,#2039);
#2037 = CARTESIAN_POINT('',(-21.,0.,-25.));
#2038 = DIRECTION('',(-0.957826285221,0.,0.287347885566));
#2039 = DIRECTION('',(0.287347885566,0.,0.957826285221));
#2040 = DEFINITIONAL_REPRESENTATION('',(#2041),#2045);
#2041 = LINE('',#2042,#2043);
#2042 = CARTESIAN_POINT('',(0.,-1.5));
#2043 = VECTOR('',#2044,1.);
#2044 = DIRECTION('',(0.,1.));
#2045 = ( GEOMETRIC_REPRESENTATION_CONTEXT(2) 
PARAMETRIC_REPRESENTATION_CONTEXT() REPRESENTATION_CONTEXT('2D SPACE',''
  ) );
#2046 = ORIENTED_EDGE('',*,*,#2047,.F.);
#2047 = EDGE_CURVE('',#200,#2020,#2048,.T.);
#2048 = SURFACE_CURVE('',#2049,(#2053,#2060),.PCURVE_S1.);
#2049 = LINE('',#2050,#2051);
#2050 = CARTESIAN_POINT('',(-18.,1.5,-25.));
#2051 = VECTOR('',#2052,1.);
#2052 = DIRECTION('',(-1.,0.,0.));
#2053 = PCURVE('',#216,#2054);
#2054 = DEFINITIONAL_REPRESENTATION('',(#2055),#2059);
#2055 = LINE('',#2056,#2057);
#2056 = CARTESIAN_POINT('',(0.,1.5));
#2057 = VECTOR('',#2058,1.);
#2058 = DIRECTION('',(1.,0.));
#2059 = ( GEOMETRIC_REPRESENTATION_CONTEXT(2) 
PARAMETRIC_REPRESENTATION_CONTEXT() REPRESENTATION_CONTEXT('2D SPACE',''
  ) );
#2060 = PCURVE('',#538,#2061);
#2061 = DEFINITIONAL_REPRESENTATION('',(#2062),#2066);
#2062 = LINE('',#2063,#2064);
#2063 = CARTESIAN_POINT('',(-4.360076627228,0.860076627228));
#2064 = VECTOR('',#2065,1.);
#2065 = DIRECTION('',(0.,-1.));
#2066 = ( GEOMETRIC_REPRESENTATION_CONTEXT(2) 
PARAMETRIC_REPRESENTATION_CONTEXT() REPRESENTATION_CONTEXT('2D SPACE',''
  ) );
#2067 = ADVANCED_FACE('',(#2068),#183,.T.);
#2068 = FACE_BOUND('',#2069,.T.);
#2069 = EDGE_LOOP('',(#2070,#2071,#2094));
#2070 = ORIENTED_EDGE('',*,*,#166,.T.);
#2071 = ORIENTED_EDGE('',*,*,#2072,.T.);
#2072 = EDGE_CURVE('',#138,#2073,#2075,.T.);
#2073 = VERTEX_POINT('',#2074);
#2074 = CARTESIAN_POINT('',(-21.,-1.5,-25.));
#2075 = SURFACE_CURVE('',#2076,(#2080,#2087),.PCURVE_S1.);
#2076 = LINE('',#2077,#2078);
#2077 = CARTESIAN_POINT('',(-18.,-1.5,-25.));
#2078 = VECTOR('',#2079,1.);
#2079 = DIRECTION('',(-1.,0.,0.));
#2080 = PCURVE('',#183,#2081);
#2081 = DEFINITIONAL_REPRESENTATION('',(#2082),#2086);
#2082 = LINE('',#2083,#2084);
#2083 = CARTESIAN_POINT('',(0.,-1.5));
#2084 = VECTOR('',#2085,1.);
#2085 = DIRECTION('',(1.,0.));
#2086 = ( GEOMETRIC_REPRESENTATION_CONTEXT(2) 
PARAMETRIC_REPRESENTATION_CONTEXT() REPRESENTATION_CONTEXT('2D SPACE',''
  ) );
#2087 = PCURVE('',#331,#2088);
#2088 = DEFINITIONAL_REPRESENTATION('',(#2089),#2093);
#2089 = LINE('',#2090,#2091);
#2090 = CARTESIAN_POINT('',(-4.360076627228,0.860076627228));
#2091 = VECTOR('',#2092,1.);
#2092 = DIRECTION('',(0.,-1.));
#2093 = ( GEOMETRIC_REPRESENTATION_CONTEXT(2) 
PARAMETRIC_REPRESENTATION_CONTEXT() REPRESENTATION_CONTEXT('2D SPACE',''
  ) );
#2094 = ORIENTED_EDGE('',*,*,#2095,.T.);
#2095 = EDGE_CURVE('',#2073,#167,#2096,.T.);
#2096 = SURFACE_CURVE('',#2097,(#2101,#2108),.PCURVE_S1.);
#2097 = LINE('',#2098,#2099);
#2098 = CARTESIAN_POINT('',(-21.,-1.5,-25.));
#2099 = VECTOR('',#2100,1.);
#2100 = DIRECTION('',(0.,1.,0.));
#2101 = PCURVE('',#183,#2102);
#2102 = DEFINITIONAL_REPRESENTATION('',(#2103),#2107);
#2103 = LINE('',#2104,#2105);
#2104 = CARTESIAN_POINT('',(3.,-1.5));
#2105 = VECTOR('',#2106,1.);
#2106 = DIRECTION('',(0.,1.));
#2107 = ( GEOMETRIC_REPRESENTATION_CONTEXT(2) 
PARAMETRIC_REPRESENTATION_CONTEXT() REPRESENTATION_CONTEXT('2D SPACE',''
  ) );
#2108 = PCURVE('',#2035,#2109);
#2109 = DEFINITIONAL_REPRESENTATION('',(#2110),#2114);
#2110 = LINE('',#2111,#2112);
#2111 = CARTESIAN_POINT('',(0.,-1.5));
#2112 = VECTOR('',#2113,1.);
#2113 = DIRECTION('',(0.,1.));
#2114 = ( GEOMETRIC_REPRESENTATION_CONTEXT(2) 
PARAMETRIC_REPRESENTATION_CONTEXT() REPRESENTATION_CONTEXT('2D SPACE',''
  ) );
#2115 = ADVANCED_FACE('',(#2116),#125,.F.);
#2116 = FACE_BOUND('',#2117,.F.);
#2117 = EDGE_LOOP('',(#2118,#2119,#2142));
#2118 = ORIENTED_EDGE('',*,*,#108,.F.);
#2119 = ORIENTED_EDGE('',*,*,#2120,.T.);
#2120 = EDGE_CURVE('',#109,#2121,#2123,.T.);
#2121 = VERTEX_POINT('',#2122);
#2122 = CARTESIAN_POINT('',(21.,-1.5,-25.));
#2123 = SURFACE_CURVE('',#2124,(#2128,#2135),.PCURVE_S1.);
#2124 = LINE('',#2125,#2126);
#2125 = CARTESIAN_POINT('',(18.,-1.5,-25.));
#2126 = VECTOR('',#2127,1.);
#2127 = DIRECTION('',(1.,0.,0.));
#2128 = PCURVE('',#125,#2129);
#2129 = DEFINITIONAL_REPRESENTATION('',(#2130),#2134);
#2130 = LINE('',#2131,#2132);
#2131 = CARTESIAN_POINT('',(0.,-1.5));
#2132 = VECTOR('',#2133,1.);
#2133 = DIRECTION('',(1.,0.));
#2134 = ( GEOMETRIC_REPRESENTATION_CONTEXT(2) 
PARAMETRIC_REPRESENTATION_CONTEXT() REPRESENTATION_CONTEXT('2D SPACE',''
  ) );
#2135 = PCURVE('',#360,#2136);
#2136 = DEFINITIONAL_REPRESENTATION('',(#2137),#2141);
#2137 = LINE('',#2138,#2139);
#2138 = CARTESIAN_POINT('',(4.360076627228,-0.860076627228));
#2139 = VECTOR('',#2140,1.);
#2140 = DIRECTION('',(0.,1.));
#2141 = ( GEOMETRIC_REPRESENTATION_CONTEXT(2) 
PARAMETRIC_REPRESENTATION_CONTEXT() REPRESENTATION_CONTEXT('2D SPACE',''
  ) );
#2142 = ORIENTED_EDGE('',*,*,#2143,.F.);
#2143 = EDGE_CURVE('',#22,#2121,#2144,.T.);
#2144 = SURFACE_CURVE('',#2145,(#2149,#2156),.PCURVE_S1.);
#2145 = LINE('',#2146,#2147);
#2146 = CARTESIAN_POINT('',(21.,1.5,-25.));
#2147 = VECTOR('',#2148,1.);
#2148 = DIRECTION('',(0.,-1.,0.));
#2149 = PCURVE('',#125,#2150);
#2150 = DEFINITIONAL_REPRESENTATION('',(#2151),#2155);
#2151 = LINE('',#2152,#2153);
#2152 = CARTESIAN_POINT('',(3.,1.5));
#2153 = VECTOR('',#2154,1.);
#2154 = DIRECTION('',(0.,-1.));
#2155 = ( GEOMETRIC_REPRESENTATION_CONTEXT(2) 
PARAMETRIC_REPRESENTATION_CONTEXT() REPRESENTATION_CONTEXT('2D SPACE',''
  ) );
#2156 = PCURVE('',#300,#2157);
#2157 = DEFINITIONAL_REPRESENTATION('',(#2158),#2162);
#2158 = LINE('',#2159,#2160);
#2159 = CARTESIAN_POINT('',(0.,1.5));
#2160 = VECTOR('',#2161,1.);
#2161 = DIRECTION('',(0.,-1.));
#2162 = ( GEOMETRIC_REPRESENTATION_CONTEXT(2) 
PARAMETRIC_REPRESENTATION_CONTEXT() REPRESENTATION_CONTEXT('2D SPACE',''
  ) );
#2163 = ADVANCED_FACE('',(#2164,#2167,#2193),#95,.F.);
#2164 = FACE_BOUND('',#2165,.F.);
#2165 = EDGE_LOOP('',(#2166));
#2166 = ORIENTED_EDGE('',*,*,#80,.T.);
#2167 = FACE_BOUND('',#2168,.F.);
#2168 = EDGE_LOOP('',(#2169));
#2169 = ORIENTED_EDGE('',*,*,#2170,.F.);
#2170 = EDGE_CURVE('',#2171,#2171,#2173,.T.);
#2171 = VERTEX_POINT('',#2172);
#2172 = CARTESIAN_POINT('',(4.15,-1.016456843292E-15,-29.));
#2173 = SURFACE_CURVE('',#2174,(#2179,#2186),.PCURVE_S1.);
#2174 = CIRCLE('',#2175,4.15);
#2175 = AXIS2_PLACEMENT_3D('',#2176,#2177,#2178);
#2176 = CARTESIAN_POINT('',(0.,0.,-29.));
#2177 = DIRECTION('',(0.,0.,1.));
#2178 = DIRECTION('',(1.,0.,-0.));
#2179 = PCURVE('',#95,#2180);
#2180 = DEFINITIONAL_REPRESENTATION('',(#2181),#2185);
#2181 = CIRCLE('',#2182,4.15);
#2182 = AXIS2_PLACEMENT_2D('',#2183,#2184);
#2183 = CARTESIAN_POINT('',(0.,0.));
#2184 = DIRECTION('',(1.,0.));
#2185 = ( GEOMETRIC_REPRESENTATION_CONTEXT(2) 
PARAMETRIC_REPRESENTATION_CONTEXT() REPRESENTATION_CONTEXT('2D SPACE',''
  ) );
#2186 = PCURVE('',#695,#2187);
#2187 = DEFINITIONAL_REPRESENTATION('',(#2188),#2192);
#2188 = LINE('',#2189,#2190);
#2189 = CARTESIAN_POINT('',(0.,1.));
#2190 = VECTOR('',#2191,1.);
#2191 = DIRECTION('',(1.,0.));
#2192 = ( GEOMETRIC_REPRESENTATION_CONTEXT(2) 
PARAMETRIC_REPRESENTATION_CONTEXT() REPRESENTATION_CONTEXT('2D SPACE',''
  ) );
#2193 = FACE_BOUND('',#2194,.F.);
#2194 = EDGE_LOOP('',(#2195,#2218,#2242,#2263,#2284,#2305,#2326,#2347,
    #2368,#2389,#2410,#2431,#2452,#2473,#2494,#2515,#2536,#2557,#2578,
    #2599,#2620,#2641,#2662,#2683,#2704,#2725,#2746,#2770,#2791,#2812,
    #2833,#2854,#2875,#2896,#2917,#2938,#2959,#2980,#3001,#3022,#3043,
    #3064,#3085,#3106,#3127,#3148,#3169,#3190,#3211,#3232));
#2195 = ORIENTED_EDGE('',*,*,#2196,.F.);
#2196 = EDGE_CURVE('',#2197,#2199,#2201,.T.);
#2197 = VERTEX_POINT('',#2198);
#2198 = CARTESIAN_POINT('',(-5.198204619411,11.147585780551,-29.));
#2199 = VERTEX_POINT('',#2200);
#2200 = CARTESIAN_POINT('',(-4.789520316444,11.329187752808,-29.));
#2201 = SURFACE_CURVE('',#2202,(#2206,#2212),.PCURVE_S1.);
#2202 = LINE('',#2203,#2204);
#2203 = CARTESIAN_POINT('',(-4.891691392186,11.283787259744,-29.));
#2204 = VECTOR('',#2205,1.);
#2205 = DIRECTION('',(0.913841003286,0.406072186579,-0.));
#2206 = PCURVE('',#95,#2207);
#2207 = DEFINITIONAL_REPRESENTATION('',(#2208),#2211);
#2208 = B_SPLINE_CURVE_WITH_KNOTS('',1,(#2209,#2210),.UNSPECIFIED.,.F.,
  .F.,(2,2),(-0.335411987559,0.111803995853),.PIECEWISE_BEZIER_KNOTS.);
#2209 = CARTESIAN_POINT('',(-5.198204619411,11.147585780551));
#2210 = CARTESIAN_POINT('',(-4.789520316444,11.329187752808));
#2211 = ( GEOMETRIC_REPRESENTATION_CONTEXT(2) 
PARAMETRIC_REPRESENTATION_CONTEXT() REPRESENTATION_CONTEXT('2D SPACE',''
  ) );
#2212 = PCURVE('',#726,#2213);
#2213 = DEFINITIONAL_REPRESENTATION('',(#2214),#2217);
#2214 = B_SPLINE_CURVE_WITH_KNOTS('',1,(#2215,#2216),.UNSPECIFIED.,.F.,
  .F.,(2,2),(-0.335411987559,0.111803995853),.PIECEWISE_BEZIER_KNOTS.);
#2215 = CARTESIAN_POINT('',(0.447215983412,-1.));
#2216 = CARTESIAN_POINT('',(0.,-1.));
#2217 = ( GEOMETRIC_REPRESENTATION_CONTEXT(2) 
PARAMETRIC_REPRESENTATION_CONTEXT() REPRESENTATION_CONTEXT('2D SPACE',''
  ) );
#2218 = ORIENTED_EDGE('',*,*,#2219,.F.);
#2219 = EDGE_CURVE('',#2220,#2197,#2222,.T.);
#2220 = VERTEX_POINT('',#2221);
#2221 = CARTESIAN_POINT('',(-6.578621886968,14.254131716056,-29.));
#2222 = SURFACE_CURVE('',#2223,(#2228,#2235),.PCURVE_S1.);
#2223 = CIRCLE('',#2224,1.7);
#2224 = AXIS2_PLACEMENT_3D('',#2225,#2226,#2227);
#2225 = CARTESIAN_POINT('',(-5.91665566437,12.688309018513,-29.));
#2226 = DIRECTION('',(0.,0.,1.));
#2227 = DIRECTION('',(1.,0.,-0.));
#2228 = PCURVE('',#95,#2229);
#2229 = DEFINITIONAL_REPRESENTATION('',(#2230),#2234);
#2230 = CIRCLE('',#2231,1.7);
#2231 = AXIS2_PLACEMENT_2D('',#2232,#2233);
#2232 = CARTESIAN_POINT('',(-5.91665566437,12.688309018513));
#2233 = DIRECTION('',(1.,0.));
#2234 = ( GEOMETRIC_REPRESENTATION_CONTEXT(2) 
PARAMETRIC_REPRESENTATION_CONTEXT() REPRESENTATION_CONTEXT('2D SPACE',''
  ) );
#2235 = PCURVE('',#754,#2236);
#2236 = DEFINITIONAL_REPRESENTATION('',(#2237),#2241);
#2237 = LINE('',#2238,#2239);
#2238 = CARTESIAN_POINT('',(0.,1.));
#2239 = VECTOR('',#2240,1.);
#2240 = DIRECTION('',(1.,0.));
#2241 = ( GEOMETRIC_REPRESENTATION_CONTEXT(2) 
PARAMETRIC_REPRESENTATION_CONTEXT() REPRESENTATION_CONTEXT('2D SPACE',''
  ) );
#2242 = ORIENTED_EDGE('',*,*,#2243,.F.);
#2243 = EDGE_CURVE('',#2244,#2220,#2246,.T.);
#2244 = VERTEX_POINT('',#2245);
#2245 = CARTESIAN_POINT('',(-6.11345276164,14.460833147893,-29.));
#2246 = SURFACE_CURVE('',#2247,(#2251,#2257),.PCURVE_S1.);
#2247 = LINE('',#2248,#2249);
#2248 = CARTESIAN_POINT('',(-6.504693222407,14.28698247933,-29.));
#2249 = VECTOR('',#2250,1.);
#2250 = DIRECTION('',(-0.913841003286,-0.406072186579,0.));
#2251 = PCURVE('',#95,#2252);
#2252 = DEFINITIONAL_REPRESENTATION('',(#2253),#2256);
#2253 = B_SPLINE_CURVE_WITH_KNOTS('',1,(#2254,#2255),.UNSPECIFIED.,.F.,
  .F.,(2,2),(-0.428127496315,8.089882626753E-02),
  .PIECEWISE_BEZIER_KNOTS.);
#2254 = CARTESIAN_POINT('',(-6.11345276164,14.460833147893));
#2255 = CARTESIAN_POINT('',(-6.578621886968,14.254131716056));
#2256 = ( GEOMETRIC_REPRESENTATION_CONTEXT(2) 
PARAMETRIC_REPRESENTATION_CONTEXT() REPRESENTATION_CONTEXT('2D SPACE',''
  ) );
#2257 = PCURVE('',#781,#2258);
#2258 = DEFINITIONAL_REPRESENTATION('',(#2259),#2262);
#2259 = B_SPLINE_CURVE_WITH_KNOTS('',1,(#2260,#2261),.UNSPECIFIED.,.F.,
  .F.,(2,2),(-0.428127496315,8.089882626753E-02),
  .PIECEWISE_BEZIER_KNOTS.);
#2260 = CARTESIAN_POINT('',(0.570836661753,-1.));
#2261 = CARTESIAN_POINT('',(6.181033917075E-02,-1.));
#2262 = ( GEOMETRIC_REPRESENTATION_CONTEXT(2) 
PARAMETRIC_REPRESENTATION_CONTEXT() REPRESENTATION_CONTEXT('2D SPACE',''
  ) );
#2263 = ORIENTED_EDGE('',*,*,#2264,.F.);
#2264 = EDGE_CURVE('',#2265,#2244,#2267,.T.);
#2265 = VERTEX_POINT('',#2266);
#2266 = CARTESIAN_POINT('',(-5.583716960494,14.673517127979,-29.));
#2267 = SURFACE_CURVE('',#2268,(#2272,#2278),.PCURVE_S1.);
#2268 = LINE('',#2269,#2270);
#2269 = CARTESIAN_POINT('',(-5.981018811353,14.514004142914,-29.));
#2270 = VECTOR('',#2271,1.);
#2271 = DIRECTION('',(-0.927998912192,-0.372582902144,0.));
#2272 = PCURVE('',#95,#2273);
#2273 = DEFINITIONAL_REPRESENTATION('',(#2274),#2277);
#2274 = B_SPLINE_CURVE_WITH_KNOTS('',1,(#2275,#2276),.UNSPECIFIED.,.F.,
  .F.,(2,2),(-0.428127496315,0.142709165438),.PIECEWISE_BEZIER_KNOTS.);
#2275 = CARTESIAN_POINT('',(-5.583716960494,14.673517127979));
#2276 = CARTESIAN_POINT('',(-6.11345276164,14.460833147893));
#2277 = ( GEOMETRIC_REPRESENTATION_CONTEXT(2) 
PARAMETRIC_REPRESENTATION_CONTEXT() REPRESENTATION_CONTEXT('2D SPACE',''
  ) );
#2278 = PCURVE('',#807,#2279);
#2279 = DEFINITIONAL_REPRESENTATION('',(#2280),#2283);
#2280 = B_SPLINE_CURVE_WITH_KNOTS('',1,(#2281,#2282),.UNSPECIFIED.,.F.,
  .F.,(2,2),(-0.428127496315,0.142709165438),.PIECEWISE_BEZIER_KNOTS.);
#2281 = CARTESIAN_POINT('',(0.570836661753,-1.));
#2282 = CARTESIAN_POINT('',(0.,-1.));
#2283 = ( GEOMETRIC_REPRESENTATION_CONTEXT(2) 
PARAMETRIC_REPRESENTATION_CONTEXT() REPRESENTATION_CONTEXT('2D SPACE',''
  ) );
#2284 = ORIENTED_EDGE('',*,*,#2285,.F.);
#2285 = EDGE_CURVE('',#2286,#2265,#2288,.T.);
#2286 = VERTEX_POINT('',#2287);
#2287 = CARTESIAN_POINT('',(-5.04659960526,14.866803033073,-29.));
#2288 = SURFACE_CURVE('',#2289,(#2293,#2299),.PCURVE_S1.);
#2289 = LINE('',#2290,#2291);
#2290 = CARTESIAN_POINT('',(-5.449437621685,14.721838604253,-29.));
#2291 = VECTOR('',#2292,1.);
#2292 = DIRECTION('',(-0.940930026436,-0.338601071102,0.));
#2293 = PCURVE('',#95,#2294);
#2294 = DEFINITIONAL_REPRESENTATION('',(#2295),#2298);
#2295 = B_SPLINE_CURVE_WITH_KNOTS('',1,(#2296,#2297),.UNSPECIFIED.,.F.,
  .F.,(2,2),(-0.428127496315,0.142709165438),.PIECEWISE_BEZIER_KNOTS.);
#2296 = CARTESIAN_POINT('',(-5.04659960526,14.866803033073));
#2297 = CARTESIAN_POINT('',(-5.583716960494,14.673517127979));
#2298 = ( GEOMETRIC_REPRESENTATION_CONTEXT(2) 
PARAMETRIC_REPRESENTATION_CONTEXT() REPRESENTATION_CONTEXT('2D SPACE',''
  ) );
#2299 = PCURVE('',#833,#2300);
#2300 = DEFINITIONAL_REPRESENTATION('',(#2301),#2304);
#2301 = B_SPLINE_CURVE_WITH_KNOTS('',1,(#2302,#2303),.UNSPECIFIED.,.F.,
  .F.,(2,2),(-0.428127496315,0.142709165438),.PIECEWISE_BEZIER_KNOTS.);
#2302 = CARTESIAN_POINT('',(0.570836661753,-1.));
#2303 = CARTESIAN_POINT('',(0.,-1.));
#2304 = ( GEOMETRIC_REPRESENTATION_CONTEXT(2) 
PARAMETRIC_REPRESENTATION_CONTEXT() REPRESENTATION_CONTEXT('2D SPACE',''
  ) );
#2305 = ORIENTED_EDGE('',*,*,#2306,.F.);
#2306 = EDGE_CURVE('',#2307,#2286,#2309,.T.);
#2307 = VERTEX_POINT('',#2308);
#2308 = CARTESIAN_POINT('',(-4.502810753564,15.040435343353,-29.));
#2309 = SURFACE_CURVE('',#2310,(#2314,#2320),.PCURVE_S1.);
#2310 = LINE('',#2311,#2312);
#2311 = CARTESIAN_POINT('',(-4.910652392336,14.910211110643,-29.));
#2312 = VECTOR('',#2313,1.);
#2313 = DIRECTION('',(-0.952617251361,-0.304171616705,0.));
#2314 = PCURVE('',#95,#2315);
#2315 = DEFINITIONAL_REPRESENTATION('',(#2316),#2319);
#2316 = B_SPLINE_CURVE_WITH_KNOTS('',1,(#2317,#2318),.UNSPECIFIED.,.F.,
  .F.,(2,2),(-0.428127496315,0.142709165438),.PIECEWISE_BEZIER_KNOTS.);
#2317 = CARTESIAN_POINT('',(-4.502810753564,15.040435343353));
#2318 = CARTESIAN_POINT('',(-5.04659960526,14.866803033073));
#2319 = ( GEOMETRIC_REPRESENTATION_CONTEXT(2) 
PARAMETRIC_REPRESENTATION_CONTEXT() REPRESENTATION_CONTEXT('2D SPACE',''
  ) );
#2320 = PCURVE('',#859,#2321);
#2321 = DEFINITIONAL_REPRESENTATION('',(#2322),#2325);
#2322 = B_SPLINE_CURVE_WITH_KNOTS('',1,(#2323,#2324),.UNSPECIFIED.,.F.,
  .F.,(2,2),(-0.428127496315,0.142709165438),.PIECEWISE_BEZIER_KNOTS.);
#2323 = CARTESIAN_POINT('',(0.570836661753,-1.));
#2324 = CARTESIAN_POINT('',(0.,-1.));
#2325 = ( GEOMETRIC_REPRESENTATION_CONTEXT(2) 
PARAMETRIC_REPRESENTATION_CONTEXT() REPRESENTATION_CONTEXT('2D SPACE',''
  ) );
#2326 = ORIENTED_EDGE('',*,*,#2327,.F.);
#2327 = EDGE_CURVE('',#2328,#2307,#2330,.T.);
#2328 = VERTEX_POINT('',#2329);
#2329 = CARTESIAN_POINT('',(-3.953069282608,15.194184520628,-29.));
#2330 = SURFACE_CURVE('',#2331,(#2335,#2341),.PCURVE_S1.);
#2331 = LINE('',#2332,#2333);
#2332 = CARTESIAN_POINT('',(-4.365375385825,15.078872637672,-29.));
#2333 = VECTOR('',#2334,1.);
#2334 = DIRECTION('',(-0.963045136708,-0.269340053953,0.));
#2335 = PCURVE('',#95,#2336);
#2336 = DEFINITIONAL_REPRESENTATION('',(#2337),#2340);
#2337 = B_SPLINE_CURVE_WITH_KNOTS('',1,(#2338,#2339),.UNSPECIFIED.,.F.,
  .F.,(2,2),(-0.428127496315,0.142709165438),.PIECEWISE_BEZIER_KNOTS.);
#2338 = CARTESIAN_POINT('',(-3.953069282608,15.194184520628));
#2339 = CARTESIAN_POINT('',(-4.502810753564,15.040435343353));
#2340 = ( GEOMETRIC_REPRESENTATION_CONTEXT(2) 
PARAMETRIC_REPRESENTATION_CONTEXT() REPRESENTATION_CONTEXT('2D SPACE',''
  ) );
#2341 = PCURVE('',#885,#2342);
#2342 = DEFINITIONAL_REPRESENTATION('',(#2343),#2346);
#2343 = B_SPLINE_CURVE_WITH_KNOTS('',1,(#2344,#2345),.UNSPECIFIED.,.F.,
  .F.,(2,2),(-0.428127496315,0.142709165438),.PIECEWISE_BEZIER_KNOTS.);
#2344 = CARTESIAN_POINT('',(0.570836661753,-1.));
#2345 = CARTESIAN_POINT('',(0.,-1.));
#2346 = ( GEOMETRIC_REPRESENTATION_CONTEXT(2) 
PARAMETRIC_REPRESENTATION_CONTEXT() REPRESENTATION_CONTEXT('2D SPACE',''
  ) );
#2347 = ORIENTED_EDGE('',*,*,#2348,.F.);
#2348 = EDGE_CURVE('',#2349,#2328,#2351,.T.);
#2349 = VERTEX_POINT('',#2350);
#2350 = CARTESIAN_POINT('',(-3.398101938828,15.327847311783,-29.));
#2351 = SURFACE_CURVE('',#2352,(#2356,#2362),.PCURVE_S1.);
#2352 = LINE('',#2353,#2354);
#2353 = CARTESIAN_POINT('',(-3.814327446663,15.227600218417,-29.));
#2354 = VECTOR('',#2355,1.);
#2355 = DIRECTION('',(-0.972199897035,-0.234152429426,0.));
#2356 = PCURVE('',#95,#2357);
#2357 = DEFINITIONAL_REPRESENTATION('',(#2358),#2361);
#2358 = B_SPLINE_CURVE_WITH_KNOTS('',1,(#2359,#2360),.UNSPECIFIED.,.F.,
  .F.,(2,2),(-0.428127496315,0.142709165438),.PIECEWISE_BEZIER_KNOTS.);
#2359 = CARTESIAN_POINT('',(-3.398101938828,15.327847311783));
#2360 = CARTESIAN_POINT('',(-3.953069282608,15.194184520628));
#2361 = ( GEOMETRIC_REPRESENTATION_CONTEXT(2) 
PARAMETRIC_REPRESENTATION_CONTEXT() REPRESENTATION_CONTEXT('2D SPACE',''
  ) );
#2362 = PCURVE('',#911,#2363);
#2363 = DEFINITIONAL_REPRESENTATION('',(#2364),#2367);
#2364 = B_SPLINE_CURVE_WITH_KNOTS('',1,(#2365,#2366),.UNSPECIFIED.,.F.,
  .F.,(2,2),(-0.428127496315,0.142709165438),.PIECEWISE_BEZIER_KNOTS.);
#2365 = CARTESIAN_POINT('',(0.570836661753,-1.));
#2366 = CARTESIAN_POINT('',(0.,-1.));
#2367 = ( GEOMETRIC_REPRESENTATION_CONTEXT(2) 
PARAMETRIC_REPRESENTATION_CONTEXT() REPRESENTATION_CONTEXT('2D SPACE',''
  ) );
#2368 = ORIENTED_EDGE('',*,*,#2369,.F.);
#2369 = EDGE_CURVE('',#2370,#2349,#2372,.T.);
#2370 = VERTEX_POINT('',#2371);
#2371 = CARTESIAN_POINT('',(-2.838642377152,15.441247017474,-29.));
#2372 = SURFACE_CURVE('',#2373,(#2377,#2383),.PCURVE_S1.);
#2373 = LINE('',#2374,#2375);
#2374 = CARTESIAN_POINT('',(-3.258237048409,15.356197238206,-29.));
#2375 = VECTOR('',#2376,1.);
#2376 = DIRECTION('',(-0.980069429945,-0.198655260407,0.));
#2377 = PCURVE('',#95,#2378);
#2378 = DEFINITIONAL_REPRESENTATION('',(#2379),#2382);
#2379 = B_SPLINE_CURVE_WITH_KNOTS('',1,(#2380,#2381),.UNSPECIFIED.,.F.,
  .F.,(2,2),(-0.428127496315,0.142709165438),.PIECEWISE_BEZIER_KNOTS.);
#2380 = CARTESIAN_POINT('',(-2.838642377152,15.441247017474));
#2381 = CARTESIAN_POINT('',(-3.398101938828,15.327847311783));
#2382 = ( GEOMETRIC_REPRESENTATION_CONTEXT(2) 
PARAMETRIC_REPRESENTATION_CONTEXT() REPRESENTATION_CONTEXT('2D SPACE',''
  ) );
#2383 = PCURVE('',#937,#2384);
#2384 = DEFINITIONAL_REPRESENTATION('',(#2385),#2388);
#2385 = B_SPLINE_CURVE_WITH_KNOTS('',1,(#2386,#2387),.UNSPECIFIED.,.F.,
  .F.,(2,2),(-0.428127496315,0.142709165438),.PIECEWISE_BEZIER_KNOTS.);
#2386 = CARTESIAN_POINT('',(0.570836661753,-1.));
#2387 = CARTESIAN_POINT('',(0.,-1.));
#2388 = ( GEOMETRIC_REPRESENTATION_CONTEXT(2) 
PARAMETRIC_REPRESENTATION_CONTEXT() REPRESENTATION_CONTEXT('2D SPACE',''
  ) );
#2389 = ORIENTED_EDGE('',*,*,#2390,.F.);
#2390 = EDGE_CURVE('',#2391,#2370,#2393,.T.);
#2391 = VERTEX_POINT('',#2392);
#2392 = CARTESIAN_POINT('',(-2.275430191124,15.534233725721,-29.));
#2393 = SURFACE_CURVE('',#2394,(#2398,#2404),.PCURVE_S1.);
#2394 = LINE('',#2395,#2396);
#2395 = CARTESIAN_POINT('',(-2.697839330645,15.464493694535,-29.));
#2396 = VECTOR('',#2397,1.);
#2397 = DIRECTION('',(-0.986643332085,-0.162895473395,0.));
#2398 = PCURVE('',#95,#2399);
#2399 = DEFINITIONAL_REPRESENTATION('',(#2400),#2403);
#2400 = B_SPLINE_CURVE_WITH_KNOTS('',1,(#2401,#2402),.UNSPECIFIED.,.F.,
  .F.,(2,2),(-0.428127496315,0.142709165438),.PIECEWISE_BEZIER_KNOTS.);
#2401 = CARTESIAN_POINT('',(-2.275430191124,15.534233725721));
#2402 = CARTESIAN_POINT('',(-2.838642377152,15.441247017474));
#2403 = ( GEOMETRIC_REPRESENTATION_CONTEXT(2) 
PARAMETRIC_REPRESENTATION_CONTEXT() REPRESENTATION_CONTEXT('2D SPACE',''
  ) );
#2404 = PCURVE('',#963,#2405);
#2405 = DEFINITIONAL_REPRESENTATION('',(#2406),#2409);
#2406 = B_SPLINE_CURVE_WITH_KNOTS('',1,(#2407,#2408),.UNSPECIFIED.,.F.,
  .F.,(2,2),(-0.428127496315,0.142709165438),.PIECEWISE_BEZIER_KNOTS.);
#2407 = CARTESIAN_POINT('',(0.570836661753,-1.));
#2408 = CARTESIAN_POINT('',(0.,-1.));
#2409 = ( GEOMETRIC_REPRESENTATION_CONTEXT(2) 
PARAMETRIC_REPRESENTATION_CONTEXT() REPRESENTATION_CONTEXT('2D SPACE',''
  ) );
#2410 = ORIENTED_EDGE('',*,*,#2411,.F.);
#2411 = EDGE_CURVE('',#2412,#2391,#2414,.T.);
#2412 = VERTEX_POINT('',#2413);
#2413 = CARTESIAN_POINT('',(-1.709209935176,15.60668451009,-29.));
#2414 = SURFACE_CURVE('',#2415,(#2419,#2425),.PCURVE_S1.);
#2415 = LINE('',#2416,#2417);
#2416 = CARTESIAN_POINT('',(-2.133875127137,15.552346421813,-29.));
#2417 = VECTOR('',#2418,1.);
#2418 = DIRECTION('',(-0.991912912897,-0.126920342059,0.));
#2419 = PCURVE('',#95,#2420);
#2420 = DEFINITIONAL_REPRESENTATION('',(#2421),#2424);
#2421 = B_SPLINE_CURVE_WITH_KNOTS('',1,(#2422,#2423),.UNSPECIFIED.,.F.,
  .F.,(2,2),(-0.428127496315,0.142709165438),.PIECEWISE_BEZIER_KNOTS.);
#2422 = CARTESIAN_POINT('',(-1.709209935176,15.60668451009));
#2423 = CARTESIAN_POINT('',(-2.275430191124,15.534233725721));
#2424 = ( GEOMETRIC_REPRESENTATION_CONTEXT(2) 
PARAMETRIC_REPRESENTATION_CONTEXT() REPRESENTATION_CONTEXT('2D SPACE',''
  ) );
#2425 = PCURVE('',#989,#2426);
#2426 = DEFINITIONAL_REPRESENTATION('',(#2427),#2430);
#2427 = B_SPLINE_CURVE_WITH_KNOTS('',1,(#2428,#2429),.UNSPECIFIED.,.F.,
  .F.,(2,2),(-0.428127496315,0.142709165438),.PIECEWISE_BEZIER_KNOTS.);
#2428 = CARTESIAN_POINT('',(0.570836661753,-1.));
#2429 = CARTESIAN_POINT('',(0.,-1.));
#2430 = ( GEOMETRIC_REPRESENTATION_CONTEXT(2) 
PARAMETRIC_REPRESENTATION_CONTEXT() REPRESENTATION_CONTEXT('2D SPACE',''
  ) );
#2431 = ORIENTED_EDGE('',*,*,#2432,.F.);
#2432 = EDGE_CURVE('',#2433,#2412,#2435,.T.);
#2433 = VERTEX_POINT('',#2434);
#2434 = CARTESIAN_POINT('',(-1.140730140345,15.658503592199,-29.));
#2435 = SURFACE_CURVE('',#2436,(#2440,#2446),.PCURVE_S1.);
#2436 = LINE('',#2437,#2438);
#2437 = CARTESIAN_POINT('',(-1.567089986468,15.619639280618,-29.));
#2438 = VECTOR('',#2439,1.);
#2439 = DIRECTION('',(-0.995871206108,-9.077742475302E-02,0.));
#2440 = PCURVE('',#95,#2441);
#2441 = DEFINITIONAL_REPRESENTATION('',(#2442),#2445);
#2442 = B_SPLINE_CURVE_WITH_KNOTS('',1,(#2443,#2444),.UNSPECIFIED.,.F.,
  .F.,(2,2),(-0.428127496315,0.142709165438),.PIECEWISE_BEZIER_KNOTS.);
#2443 = CARTESIAN_POINT('',(-1.140730140345,15.658503592199));
#2444 = CARTESIAN_POINT('',(-1.709209935176,15.60668451009));
#2445 = ( GEOMETRIC_REPRESENTATION_CONTEXT(2) 
PARAMETRIC_REPRESENTATION_CONTEXT() REPRESENTATION_CONTEXT('2D SPACE',''
  ) );
#2446 = PCURVE('',#1015,#2447);
#2447 = DEFINITIONAL_REPRESENTATION('',(#2448),#2451);
#2448 = B_SPLINE_CURVE_WITH_KNOTS('',1,(#2449,#2450),.UNSPECIFIED.,.F.,
  .F.,(2,2),(-0.428127496315,0.142709165438),.PIECEWISE_BEZIER_KNOTS.);
#2449 = CARTESIAN_POINT('',(0.570836661753,-1.));
#2450 = CARTESIAN_POINT('',(0.,-1.));
#2451 = ( GEOMETRIC_REPRESENTATION_CONTEXT(2) 
PARAMETRIC_REPRESENTATION_CONTEXT() REPRESENTATION_CONTEXT('2D SPACE',''
  ) );
#2452 = ORIENTED_EDGE('',*,*,#2453,.F.);
#2453 = EDGE_CURVE('',#2454,#2433,#2456,.T.);
#2454 = VERTEX_POINT('',#2455);
#2455 = CARTESIAN_POINT('',(-0.57074232473,15.689622468331,-29.));
#2456 = SURFACE_CURVE('',#2457,(#2461,#2467),.PCURVE_S1.);
#2457 = LINE('',#2458,#2459);
#2458 = CARTESIAN_POINT('',(-0.998233186441,15.666283311232,-29.));
#2459 = VECTOR('',#2460,1.);
#2460 = DIRECTION('',(-0.99851297894,-5.451450163801E-02,0.));
#2461 = PCURVE('',#95,#2462);
#2462 = DEFINITIONAL_REPRESENTATION('',(#2463),#2466);
#2463 = B_SPLINE_CURVE_WITH_KNOTS('',1,(#2464,#2465),.UNSPECIFIED.,.F.,
  .F.,(2,2),(-0.428127496315,0.142709165438),.PIECEWISE_BEZIER_KNOTS.);
#2464 = CARTESIAN_POINT('',(-0.57074232473,15.689622468331));
#2465 = CARTESIAN_POINT('',(-1.140730140345,15.658503592199));
#2466 = ( GEOMETRIC_REPRESENTATION_CONTEXT(2) 
PARAMETRIC_REPRESENTATION_CONTEXT() REPRESENTATION_CONTEXT('2D SPACE',''
  ) );
#2467 = PCURVE('',#1041,#2468);
#2468 = DEFINITIONAL_REPRESENTATION('',(#2469),#2472);
#2469 = B_SPLINE_CURVE_WITH_KNOTS('',1,(#2470,#2471),.UNSPECIFIED.,.F.,
  .F.,(2,2),(-0.428127496315,0.142709165438),.PIECEWISE_BEZIER_KNOTS.);
#2470 = CARTESIAN_POINT('',(0.570836661753,-1.));
#2471 = CARTESIAN_POINT('',(0.,-1.));
#2472 = ( GEOMETRIC_REPRESENTATION_CONTEXT(2) 
PARAMETRIC_REPRESENTATION_CONTEXT() REPRESENTATION_CONTEXT('2D SPACE',''
  ) );
#2473 = ORIENTED_EDGE('',*,*,#2474,.F.);
#2474 = EDGE_CURVE('',#2475,#2454,#2477,.T.);
#2475 = VERTEX_POINT('',#2476);
#2476 = CARTESIAN_POINT('',(0.,15.7,-29.));
#2477 = SURFACE_CURVE('',#2478,(#2482,#2488),.PCURVE_S1.);
#2478 = LINE('',#2479,#2480);
#2479 = CARTESIAN_POINT('',(-0.428056743547,15.692216851248,-29.));
#2480 = VECTOR('',#2481,1.);
#2481 = DIRECTION('',(-0.999834739025,-1.81795115208E-02,0.));
#2482 = PCURVE('',#95,#2483);
#2483 = DEFINITIONAL_REPRESENTATION('',(#2484),#2487);
#2484 = B_SPLINE_CURVE_WITH_KNOTS('',1,(#2485,#2486),.UNSPECIFIED.,.F.,
  .F.,(2,2),(-0.428127496315,0.142709165438),.PIECEWISE_BEZIER_KNOTS.);
#2485 = CARTESIAN_POINT('',(-5.551115123126E-17,15.7));
#2486 = CARTESIAN_POINT('',(-0.57074232473,15.689622468331));
#2487 = ( GEOMETRIC_REPRESENTATION_CONTEXT(2) 
PARAMETRIC_REPRESENTATION_CONTEXT() REPRESENTATION_CONTEXT('2D SPACE',''
  ) );
#2488 = PCURVE('',#1067,#2489);
#2489 = DEFINITIONAL_REPRESENTATION('',(#2490),#2493);
#2490 = B_SPLINE_CURVE_WITH_KNOTS('',1,(#2491,#2492),.UNSPECIFIED.,.F.,
  .F.,(2,2),(-0.428127496315,0.142709165438),.PIECEWISE_BEZIER_KNOTS.);
#2491 = CARTESIAN_POINT('',(0.570836661753,-1.));
#2492 = CARTESIAN_POINT('',(0.,-1.));
#2493 = ( GEOMETRIC_REPRESENTATION_CONTEXT(2) 
PARAMETRIC_REPRESENTATION_CONTEXT() REPRESENTATION_CONTEXT('2D SPACE',''
  ) );
#2494 = ORIENTED_EDGE('',*,*,#2495,.F.);
#2495 = EDGE_CURVE('',#2496,#2475,#2498,.T.);
#2496 = VERTEX_POINT('',#2497);
#2497 = CARTESIAN_POINT('',(0.57074232473,15.689622468331,-29.));
#2498 = SURFACE_CURVE('',#2499,(#2503,#2509),.PCURVE_S1.);
#2499 = LINE('',#2500,#2501);
#2500 = CARTESIAN_POINT('',(0.142685581182,15.697405617083,-29.));
#2501 = VECTOR('',#2502,1.);
#2502 = DIRECTION('',(-0.999834739025,1.81795115208E-02,0.));
#2503 = PCURVE('',#95,#2504);
#2504 = DEFINITIONAL_REPRESENTATION('',(#2505),#2508);
#2505 = B_SPLINE_CURVE_WITH_KNOTS('',1,(#2506,#2507),.UNSPECIFIED.,.F.,
  .F.,(2,2),(-0.428127496315,0.142709165438),.PIECEWISE_BEZIER_KNOTS.);
#2506 = CARTESIAN_POINT('',(0.57074232473,15.689622468331));
#2507 = CARTESIAN_POINT('',(0.,15.7));
#2508 = ( GEOMETRIC_REPRESENTATION_CONTEXT(2) 
PARAMETRIC_REPRESENTATION_CONTEXT() REPRESENTATION_CONTEXT('2D SPACE',''
  ) );
#2509 = PCURVE('',#1093,#2510);
#2510 = DEFINITIONAL_REPRESENTATION('',(#2511),#2514);
#2511 = B_SPLINE_CURVE_WITH_KNOTS('',1,(#2512,#2513),.UNSPECIFIED.,.F.,
  .F.,(2,2),(-0.428127496315,0.142709165438),.PIECEWISE_BEZIER_KNOTS.);
#2512 = CARTESIAN_POINT('',(0.570836661753,-1.));
#2513 = CARTESIAN_POINT('',(0.,-1.));
#2514 = ( GEOMETRIC_REPRESENTATION_CONTEXT(2) 
PARAMETRIC_REPRESENTATION_CONTEXT() REPRESENTATION_CONTEXT('2D SPACE',''
  ) );
#2515 = ORIENTED_EDGE('',*,*,#2516,.F.);
#2516 = EDGE_CURVE('',#2517,#2496,#2519,.T.);
#2517 = VERTEX_POINT('',#2518);
#2518 = CARTESIAN_POINT('',(1.140730140345,15.658503592199,-29.));
#2519 = SURFACE_CURVE('',#2520,(#2524,#2530),.PCURVE_S1.);
#2520 = LINE('',#2521,#2522);
#2521 = CARTESIAN_POINT('',(0.713239278634,15.681842749298,-29.));
#2522 = VECTOR('',#2523,1.);
#2523 = DIRECTION('',(-0.99851297894,5.451450163801E-02,0.));
#2524 = PCURVE('',#95,#2525);
#2525 = DEFINITIONAL_REPRESENTATION('',(#2526),#2529);
#2526 = B_SPLINE_CURVE_WITH_KNOTS('',1,(#2527,#2528),.UNSPECIFIED.,.F.,
  .F.,(2,2),(-0.428127496315,0.142709165438),.PIECEWISE_BEZIER_KNOTS.);
#2527 = CARTESIAN_POINT('',(1.140730140345,15.658503592199));
#2528 = CARTESIAN_POINT('',(0.57074232473,15.689622468331));
#2529 = ( GEOMETRIC_REPRESENTATION_CONTEXT(2) 
PARAMETRIC_REPRESENTATION_CONTEXT() REPRESENTATION_CONTEXT('2D SPACE',''
  ) );
#2530 = PCURVE('',#1119,#2531);
#2531 = DEFINITIONAL_REPRESENTATION('',(#2532),#2535);
#2532 = B_SPLINE_CURVE_WITH_KNOTS('',1,(#2533,#2534),.UNSPECIFIED.,.F.,
  .F.,(2,2),(-0.428127496315,0.142709165438),.PIECEWISE_BEZIER_KNOTS.);
#2533 = CARTESIAN_POINT('',(0.570836661753,-1.));
#2534 = CARTESIAN_POINT('',(0.,-1.));
#2535 = ( GEOMETRIC_REPRESENTATION_CONTEXT(2) 
PARAMETRIC_REPRESENTATION_CONTEXT() REPRESENTATION_CONTEXT('2D SPACE',''
  ) );
#2536 = ORIENTED_EDGE('',*,*,#2537,.F.);
#2537 = EDGE_CURVE('',#2538,#2517,#2540,.T.);
#2538 = VERTEX_POINT('',#2539);
#2539 = CARTESIAN_POINT('',(1.709209935176,15.60668451009,-29.));
#2540 = SURFACE_CURVE('',#2541,(#2545,#2551),.PCURVE_S1.);
#2541 = LINE('',#2542,#2543);
#2542 = CARTESIAN_POINT('',(1.282850089053,15.645548821672,-29.));
#2543 = VECTOR('',#2544,1.);
#2544 = DIRECTION('',(-0.995871206108,9.077742475302E-02,0.));
#2545 = PCURVE('',#95,#2546);
#2546 = DEFINITIONAL_REPRESENTATION('',(#2547),#2550);
#2547 = B_SPLINE_CURVE_WITH_KNOTS('',1,(#2548,#2549),.UNSPECIFIED.,.F.,
  .F.,(2,2),(-0.428127496315,0.142709165438),.PIECEWISE_BEZIER_KNOTS.);
#2548 = CARTESIAN_POINT('',(1.709209935176,15.60668451009));
#2549 = CARTESIAN_POINT('',(1.140730140345,15.658503592199));
#2550 = ( GEOMETRIC_REPRESENTATION_CONTEXT(2) 
PARAMETRIC_REPRESENTATION_CONTEXT() REPRESENTATION_CONTEXT('2D SPACE',''
  ) );
#2551 = PCURVE('',#1145,#2552);
#2552 = DEFINITIONAL_REPRESENTATION('',(#2553),#2556);
#2553 = B_SPLINE_CURVE_WITH_KNOTS('',1,(#2554,#2555),.UNSPECIFIED.,.F.,
  .F.,(2,2),(-0.428127496315,0.142709165438),.PIECEWISE_BEZIER_KNOTS.);
#2554 = CARTESIAN_POINT('',(0.570836661753,-1.));
#2555 = CARTESIAN_POINT('',(0.,-1.));
#2556 = ( GEOMETRIC_REPRESENTATION_CONTEXT(2) 
PARAMETRIC_REPRESENTATION_CONTEXT() REPRESENTATION_CONTEXT('2D SPACE',''
  ) );
#2557 = ORIENTED_EDGE('',*,*,#2558,.F.);
#2558 = EDGE_CURVE('',#2559,#2538,#2561,.T.);
#2559 = VERTEX_POINT('',#2560);
#2560 = CARTESIAN_POINT('',(2.275430191124,15.534233725721,-29.));
#2561 = SURFACE_CURVE('',#2562,(#2566,#2572),.PCURVE_S1.);
#2562 = LINE('',#2563,#2564);
#2563 = CARTESIAN_POINT('',(1.850764999163,15.588571813998,-29.));
#2564 = VECTOR('',#2565,1.);
#2565 = DIRECTION('',(-0.991912912897,0.126920342059,0.));
#2566 = PCURVE('',#95,#2567);
#2567 = DEFINITIONAL_REPRESENTATION('',(#2568),#2571);
#2568 = B_SPLINE_CURVE_WITH_KNOTS('',1,(#2569,#2570),.UNSPECIFIED.,.F.,
  .F.,(2,2),(-0.428127496315,0.142709165438),.PIECEWISE_BEZIER_KNOTS.);
#2569 = CARTESIAN_POINT('',(2.275430191124,15.534233725721));
#2570 = CARTESIAN_POINT('',(1.709209935176,15.60668451009));
#2571 = ( GEOMETRIC_REPRESENTATION_CONTEXT(2) 
PARAMETRIC_REPRESENTATION_CONTEXT() REPRESENTATION_CONTEXT('2D SPACE',''
  ) );
#2572 = PCURVE('',#1171,#2573);
#2573 = DEFINITIONAL_REPRESENTATION('',(#2574),#2577);
#2574 = B_SPLINE_CURVE_WITH_KNOTS('',1,(#2575,#2576),.UNSPECIFIED.,.F.,
  .F.,(2,2),(-0.428127496315,0.142709165438),.PIECEWISE_BEZIER_KNOTS.);
#2575 = CARTESIAN_POINT('',(0.570836661753,-1.));
#2576 = CARTESIAN_POINT('',(0.,-1.));
#2577 = ( GEOMETRIC_REPRESENTATION_CONTEXT(2) 
PARAMETRIC_REPRESENTATION_CONTEXT() REPRESENTATION_CONTEXT('2D SPACE',''
  ) );
#2578 = ORIENTED_EDGE('',*,*,#2579,.F.);
#2579 = EDGE_CURVE('',#2580,#2559,#2582,.T.);
#2580 = VERTEX_POINT('',#2581);
#2581 = CARTESIAN_POINT('',(2.838642377152,15.441247017474,-29.));
#2582 = SURFACE_CURVE('',#2583,(#2587,#2593),.PCURVE_S1.);
#2583 = LINE('',#2584,#2585);
#2584 = CARTESIAN_POINT('',(2.416233237631,15.510987048659,-29.));
#2585 = VECTOR('',#2586,1.);
#2586 = DIRECTION('',(-0.986643332085,0.162895473395,0.));
#2587 = PCURVE('',#95,#2588);
#2588 = DEFINITIONAL_REPRESENTATION('',(#2589),#2592);
#2589 = B_SPLINE_CURVE_WITH_KNOTS('',1,(#2590,#2591),.UNSPECIFIED.,.F.,
  .F.,(2,2),(-0.428127496315,0.142709165438),.PIECEWISE_BEZIER_KNOTS.);
#2590 = CARTESIAN_POINT('',(2.838642377152,15.441247017474));
#2591 = CARTESIAN_POINT('',(2.275430191124,15.534233725721));
#2592 = ( GEOMETRIC_REPRESENTATION_CONTEXT(2) 
PARAMETRIC_REPRESENTATION_CONTEXT() REPRESENTATION_CONTEXT('2D SPACE',''
  ) );
#2593 = PCURVE('',#1197,#2594);
#2594 = DEFINITIONAL_REPRESENTATION('',(#2595),#2598);
#2595 = B_SPLINE_CURVE_WITH_KNOTS('',1,(#2596,#2597),.UNSPECIFIED.,.F.,
  .F.,(2,2),(-0.428127496315,0.142709165438),.PIECEWISE_BEZIER_KNOTS.);
#2596 = CARTESIAN_POINT('',(0.570836661753,-1.));
#2597 = CARTESIAN_POINT('',(0.,-1.));
#2598 = ( GEOMETRIC_REPRESENTATION_CONTEXT(2) 
PARAMETRIC_REPRESENTATION_CONTEXT() REPRESENTATION_CONTEXT('2D SPACE',''
  ) );
#2599 = ORIENTED_EDGE('',*,*,#2600,.F.);
#2600 = EDGE_CURVE('',#2601,#2580,#2603,.T.);
#2601 = VERTEX_POINT('',#2602);
#2602 = CARTESIAN_POINT('',(3.398101938828,15.327847311783,-29.));
#2603 = SURFACE_CURVE('',#2604,(#2608,#2614),.PCURVE_S1.);
#2604 = LINE('',#2605,#2606);
#2605 = CARTESIAN_POINT('',(2.978507267571,15.412897091051,-29.));
#2606 = VECTOR('',#2607,1.);
#2607 = DIRECTION('',(-0.980069429945,0.198655260407,0.));
#2608 = PCURVE('',#95,#2609);
#2609 = DEFINITIONAL_REPRESENTATION('',(#2610),#2613);
#2610 = B_SPLINE_CURVE_WITH_KNOTS('',1,(#2611,#2612),.UNSPECIFIED.,.F.,
  .F.,(2,2),(-0.428127496315,0.142709165438),.PIECEWISE_BEZIER_KNOTS.);
#2611 = CARTESIAN_POINT('',(3.398101938828,15.327847311783));
#2612 = CARTESIAN_POINT('',(2.838642377152,15.441247017474));
#2613 = ( GEOMETRIC_REPRESENTATION_CONTEXT(2) 
PARAMETRIC_REPRESENTATION_CONTEXT() REPRESENTATION_CONTEXT('2D SPACE',''
  ) );
#2614 = PCURVE('',#1223,#2615);
#2615 = DEFINITIONAL_REPRESENTATION('',(#2616),#2619);
#2616 = B_SPLINE_CURVE_WITH_KNOTS('',1,(#2617,#2618),.UNSPECIFIED.,.F.,
  .F.,(2,2),(-0.428127496315,0.142709165438),.PIECEWISE_BEZIER_KNOTS.);
#2617 = CARTESIAN_POINT('',(0.570836661753,-1.));
#2618 = CARTESIAN_POINT('',(0.,-1.));
#2619 = ( GEOMETRIC_REPRESENTATION_CONTEXT(2) 
PARAMETRIC_REPRESENTATION_CONTEXT() REPRESENTATION_CONTEXT('2D SPACE',''
  ) );
#2620 = ORIENTED_EDGE('',*,*,#2621,.F.);
#2621 = EDGE_CURVE('',#2622,#2601,#2624,.T.);
#2622 = VERTEX_POINT('',#2623);
#2623 = CARTESIAN_POINT('',(3.953069282608,15.194184520628,-29.));
#2624 = SURFACE_CURVE('',#2625,(#2629,#2635),.PCURVE_S1.);
#2625 = LINE('',#2626,#2627);
#2626 = CARTESIAN_POINT('',(3.536843774773,15.294431613994,-29.));
#2627 = VECTOR('',#2628,1.);
#2628 = DIRECTION('',(-0.972199897035,0.234152429426,0.));
#2629 = PCURVE('',#95,#2630);
#2630 = DEFINITIONAL_REPRESENTATION('',(#2631),#2634);
#2631 = B_SPLINE_CURVE_WITH_KNOTS('',1,(#2632,#2633),.UNSPECIFIED.,.F.,
  .F.,(2,2),(-0.428127496315,0.142709165438),.PIECEWISE_BEZIER_KNOTS.);
#2632 = CARTESIAN_POINT('',(3.953069282608,15.194184520628));
#2633 = CARTESIAN_POINT('',(3.398101938828,15.327847311783));
#2634 = ( GEOMETRIC_REPRESENTATION_CONTEXT(2) 
PARAMETRIC_REPRESENTATION_CONTEXT() REPRESENTATION_CONTEXT('2D SPACE',''
  ) );
#2635 = PCURVE('',#1249,#2636);
#2636 = DEFINITIONAL_REPRESENTATION('',(#2637),#2640);
#2637 = B_SPLINE_CURVE_WITH_KNOTS('',1,(#2638,#2639),.UNSPECIFIED.,.F.,
  .F.,(2,2),(-0.428127496315,0.142709165438),.PIECEWISE_BEZIER_KNOTS.);
#2638 = CARTESIAN_POINT('',(0.570836661753,-1.));
#2639 = CARTESIAN_POINT('',(0.,-1.));
#2640 = ( GEOMETRIC_REPRESENTATION_CONTEXT(2) 
PARAMETRIC_REPRESENTATION_CONTEXT() REPRESENTATION_CONTEXT('2D SPACE',''
  ) );
#2641 = ORIENTED_EDGE('',*,*,#2642,.F.);
#2642 = EDGE_CURVE('',#2643,#2622,#2645,.T.);
#2643 = VERTEX_POINT('',#2644);
#2644 = CARTESIAN_POINT('',(4.502810753564,15.040435343353,-29.));
#2645 = SURFACE_CURVE('',#2646,(#2650,#2656),.PCURVE_S1.);
#2646 = LINE('',#2647,#2648);
#2647 = CARTESIAN_POINT('',(4.090504650347,15.155747226309,-29.));
#2648 = VECTOR('',#2649,1.);
#2649 = DIRECTION('',(-0.963045136708,0.269340053953,0.));
#2650 = PCURVE('',#95,#2651);
#2651 = DEFINITIONAL_REPRESENTATION('',(#2652),#2655);
#2652 = B_SPLINE_CURVE_WITH_KNOTS('',1,(#2653,#2654),.UNSPECIFIED.,.F.,
  .F.,(2,2),(-0.428127496315,0.142709165438),.PIECEWISE_BEZIER_KNOTS.);
#2653 = CARTESIAN_POINT('',(4.502810753564,15.040435343353));
#2654 = CARTESIAN_POINT('',(3.953069282608,15.194184520628));
#2655 = ( GEOMETRIC_REPRESENTATION_CONTEXT(2) 
PARAMETRIC_REPRESENTATION_CONTEXT() REPRESENTATION_CONTEXT('2D SPACE',''
  ) );
#2656 = PCURVE('',#1275,#2657);
#2657 = DEFINITIONAL_REPRESENTATION('',(#2658),#2661);
#2658 = B_SPLINE_CURVE_WITH_KNOTS('',1,(#2659,#2660),.UNSPECIFIED.,.F.,
  .F.,(2,2),(-0.428127496315,0.142709165438),.PIECEWISE_BEZIER_KNOTS.);
#2659 = CARTESIAN_POINT('',(0.570836661753,-1.));
#2660 = CARTESIAN_POINT('',(0.,-1.));
#2661 = ( GEOMETRIC_REPRESENTATION_CONTEXT(2) 
PARAMETRIC_REPRESENTATION_CONTEXT() REPRESENTATION_CONTEXT('2D SPACE',''
  ) );
#2662 = ORIENTED_EDGE('',*,*,#2663,.F.);
#2663 = EDGE_CURVE('',#2664,#2643,#2666,.T.);
#2664 = VERTEX_POINT('',#2665);
#2665 = CARTESIAN_POINT('',(5.04659960526,14.866803033073,-29.));
#2666 = SURFACE_CURVE('',#2667,(#2671,#2677),.PCURVE_S1.);
#2667 = LINE('',#2668,#2669);
#2668 = CARTESIAN_POINT('',(4.638757966488,14.997027265783,-29.));
#2669 = VECTOR('',#2670,1.);
#2670 = DIRECTION('',(-0.952617251361,0.304171616705,0.));
#2671 = PCURVE('',#95,#2672);
#2672 = DEFINITIONAL_REPRESENTATION('',(#2673),#2676);
#2673 = B_SPLINE_CURVE_WITH_KNOTS('',1,(#2674,#2675),.UNSPECIFIED.,.F.,
  .F.,(2,2),(-0.428127496315,0.142709165438),.PIECEWISE_BEZIER_KNOTS.);
#2674 = CARTESIAN_POINT('',(5.04659960526,14.866803033073));
#2675 = CARTESIAN_POINT('',(4.502810753564,15.040435343353));
#2676 = ( GEOMETRIC_REPRESENTATION_CONTEXT(2) 
PARAMETRIC_REPRESENTATION_CONTEXT() REPRESENTATION_CONTEXT('2D SPACE',''
  ) );
#2677 = PCURVE('',#1301,#2678);
#2678 = DEFINITIONAL_REPRESENTATION('',(#2679),#2682);
#2679 = B_SPLINE_CURVE_WITH_KNOTS('',1,(#2680,#2681),.UNSPECIFIED.,.F.,
  .F.,(2,2),(-0.428127496315,0.142709165438),.PIECEWISE_BEZIER_KNOTS.);
#2680 = CARTESIAN_POINT('',(0.570836661753,-1.));
#2681 = CARTESIAN_POINT('',(0.,-1.));
#2682 = ( GEOMETRIC_REPRESENTATION_CONTEXT(2) 
PARAMETRIC_REPRESENTATION_CONTEXT() REPRESENTATION_CONTEXT('2D SPACE',''
  ) );
#2683 = ORIENTED_EDGE('',*,*,#2684,.F.);
#2684 = EDGE_CURVE('',#2685,#2664,#2687,.T.);
#2685 = VERTEX_POINT('',#2686);
#2686 = CARTESIAN_POINT('',(5.583716960494,14.673517127979,-29.));
#2687 = SURFACE_CURVE('',#2688,(#2692,#2698),.PCURVE_S1.);
#2688 = LINE('',#2689,#2690);
#2689 = CARTESIAN_POINT('',(5.180878944068,14.8184815568,-29.));
#2690 = VECTOR('',#2691,1.);
#2691 = DIRECTION('',(-0.940930026436,0.338601071102,0.));
#2692 = PCURVE('',#95,#2693);
#2693 = DEFINITIONAL_REPRESENTATION('',(#2694),#2697);
#2694 = B_SPLINE_CURVE_WITH_KNOTS('',1,(#2695,#2696),.UNSPECIFIED.,.F.,
  .F.,(2,2),(-0.428127496315,0.142709165438),.PIECEWISE_BEZIER_KNOTS.);
#2695 = CARTESIAN_POINT('',(5.583716960494,14.673517127979));
#2696 = CARTESIAN_POINT('',(5.04659960526,14.866803033073));
#2697 = ( GEOMETRIC_REPRESENTATION_CONTEXT(2) 
PARAMETRIC_REPRESENTATION_CONTEXT() REPRESENTATION_CONTEXT('2D SPACE',''
  ) );
#2698 = PCURVE('',#1327,#2699);
#2699 = DEFINITIONAL_REPRESENTATION('',(#2700),#2703);
#2700 = B_SPLINE_CURVE_WITH_KNOTS('',1,(#2701,#2702),.UNSPECIFIED.,.F.,
  .F.,(2,2),(-0.428127496315,0.142709165438),.PIECEWISE_BEZIER_KNOTS.);
#2701 = CARTESIAN_POINT('',(0.570836661753,-1.));
#2702 = CARTESIAN_POINT('',(0.,-1.));
#2703 = ( GEOMETRIC_REPRESENTATION_CONTEXT(2) 
PARAMETRIC_REPRESENTATION_CONTEXT() REPRESENTATION_CONTEXT('2D SPACE',''
  ) );
#2704 = ORIENTED_EDGE('',*,*,#2705,.F.);
#2705 = EDGE_CURVE('',#2706,#2685,#2708,.T.);
#2706 = VERTEX_POINT('',#2707);
#2707 = CARTESIAN_POINT('',(6.11345276164,14.460833147893,-29.));
#2708 = SURFACE_CURVE('',#2709,(#2713,#2719),.PCURVE_S1.);
#2709 = LINE('',#2710,#2711);
#2710 = CARTESIAN_POINT('',(5.71615091078,14.620346132958,-29.));
#2711 = VECTOR('',#2712,1.);
#2712 = DIRECTION('',(-0.927998912192,0.372582902144,0.));
#2713 = PCURVE('',#95,#2714);
#2714 = DEFINITIONAL_REPRESENTATION('',(#2715),#2718);
#2715 = B_SPLINE_CURVE_WITH_KNOTS('',1,(#2716,#2717),.UNSPECIFIED.,.F.,
  .F.,(2,2),(-0.428127496315,0.142709165438),.PIECEWISE_BEZIER_KNOTS.);
#2716 = CARTESIAN_POINT('',(6.11345276164,14.460833147893));
#2717 = CARTESIAN_POINT('',(5.583716960494,14.673517127979));
#2718 = ( GEOMETRIC_REPRESENTATION_CONTEXT(2) 
PARAMETRIC_REPRESENTATION_CONTEXT() REPRESENTATION_CONTEXT('2D SPACE',''
  ) );
#2719 = PCURVE('',#1353,#2720);
#2720 = DEFINITIONAL_REPRESENTATION('',(#2721),#2724);
#2721 = B_SPLINE_CURVE_WITH_KNOTS('',1,(#2722,#2723),.UNSPECIFIED.,.F.,
  .F.,(2,2),(-0.428127496315,0.142709165438),.PIECEWISE_BEZIER_KNOTS.);
#2722 = CARTESIAN_POINT('',(0.570836661753,-1.));
#2723 = CARTESIAN_POINT('',(0.,-1.));
#2724 = ( GEOMETRIC_REPRESENTATION_CONTEXT(2) 
PARAMETRIC_REPRESENTATION_CONTEXT() REPRESENTATION_CONTEXT('2D SPACE',''
  ) );
#2725 = ORIENTED_EDGE('',*,*,#2726,.F.);
#2726 = EDGE_CURVE('',#2727,#2706,#2729,.T.);
#2727 = VERTEX_POINT('',#2728);
#2728 = CARTESIAN_POINT('',(6.578621886968,14.254131716056,-29.));
#2729 = SURFACE_CURVE('',#2730,(#2734,#2740),.PCURVE_S1.);
#2730 = LINE('',#2731,#2732);
#2731 = CARTESIAN_POINT('',(6.243866248562,14.402882925038,-29.));
#2732 = VECTOR('',#2733,1.);
#2733 = DIRECTION('',(-0.913841003286,0.406072186579,0.));
#2734 = PCURVE('',#95,#2735);
#2735 = DEFINITIONAL_REPRESENTATION('',(#2736),#2739);
#2736 = B_SPLINE_CURVE_WITH_KNOTS('',1,(#2737,#2738),.UNSPECIFIED.,.F.,
  .F.,(2,2),(-0.366317157144,0.142709165438),.PIECEWISE_BEZIER_KNOTS.);
#2737 = CARTESIAN_POINT('',(6.578621886968,14.254131716056));
#2738 = CARTESIAN_POINT('',(6.11345276164,14.460833147893));
#2739 = ( GEOMETRIC_REPRESENTATION_CONTEXT(2) 
PARAMETRIC_REPRESENTATION_CONTEXT() REPRESENTATION_CONTEXT('2D SPACE',''
  ) );
#2740 = PCURVE('',#1379,#2741);
#2741 = DEFINITIONAL_REPRESENTATION('',(#2742),#2745);
#2742 = B_SPLINE_CURVE_WITH_KNOTS('',1,(#2743,#2744),.UNSPECIFIED.,.F.,
  .F.,(2,2),(-0.366317157144,0.142709165438),.PIECEWISE_BEZIER_KNOTS.);
#2743 = CARTESIAN_POINT('',(0.509026322582,-1.));
#2744 = CARTESIAN_POINT('',(0.,-1.));
#2745 = ( GEOMETRIC_REPRESENTATION_CONTEXT(2) 
PARAMETRIC_REPRESENTATION_CONTEXT() REPRESENTATION_CONTEXT('2D SPACE',''
  ) );
#2746 = ORIENTED_EDGE('',*,*,#2747,.F.);
#2747 = EDGE_CURVE('',#2748,#2727,#2750,.T.);
#2748 = VERTEX_POINT('',#2749);
#2749 = CARTESIAN_POINT('',(5.198204619411,11.147585780551,-29.));
#2750 = SURFACE_CURVE('',#2751,(#2756,#2763),.PCURVE_S1.);
#2751 = CIRCLE('',#2752,1.7);
#2752 = AXIS2_PLACEMENT_3D('',#2753,#2754,#2755);
#2753 = CARTESIAN_POINT('',(5.91665566437,12.688309018513,-29.));
#2754 = DIRECTION('',(0.,0.,1.));
#2755 = DIRECTION('',(1.,0.,-0.));
#2756 = PCURVE('',#95,#2757);
#2757 = DEFINITIONAL_REPRESENTATION('',(#2758),#2762);
#2758 = CIRCLE('',#2759,1.7);
#2759 = AXIS2_PLACEMENT_2D('',#2760,#2761);
#2760 = CARTESIAN_POINT('',(5.91665566437,12.688309018513));
#2761 = DIRECTION('',(1.,0.));
#2762 = ( GEOMETRIC_REPRESENTATION_CONTEXT(2) 
PARAMETRIC_REPRESENTATION_CONTEXT() REPRESENTATION_CONTEXT('2D SPACE',''
  ) );
#2763 = PCURVE('',#1407,#2764);
#2764 = DEFINITIONAL_REPRESENTATION('',(#2765),#2769);
#2765 = LINE('',#2766,#2767);
#2766 = CARTESIAN_POINT('',(1.7763568394E-15,1.));
#2767 = VECTOR('',#2768,1.);
#2768 = DIRECTION('',(1.,0.));
#2769 = ( GEOMETRIC_REPRESENTATION_CONTEXT(2) 
PARAMETRIC_REPRESENTATION_CONTEXT() REPRESENTATION_CONTEXT('2D SPACE',''
  ) );
#2770 = ORIENTED_EDGE('',*,*,#2771,.F.);
#2771 = EDGE_CURVE('',#2772,#2748,#2774,.T.);
#2772 = VERTEX_POINT('',#2773);
#2773 = CARTESIAN_POINT('',(4.789520316444,11.329187752808,-29.));
#2774 = SURFACE_CURVE('',#2775,(#2779,#2785),.PCURVE_S1.);
#2775 = LINE('',#2776,#2777);
#2776 = CARTESIAN_POINT('',(5.096033543669,11.192986273615,-29.));
#2777 = VECTOR('',#2778,1.);
#2778 = DIRECTION('',(0.913841003286,-0.406072186579,0.));
#2779 = PCURVE('',#95,#2780);
#2780 = DEFINITIONAL_REPRESENTATION('',(#2781),#2784);
#2781 = B_SPLINE_CURVE_WITH_KNOTS('',1,(#2782,#2783),.UNSPECIFIED.,.F.,
  .F.,(2,2),(-0.335411987559,0.111803995853),.PIECEWISE_BEZIER_KNOTS.);
#2782 = CARTESIAN_POINT('',(4.789520316444,11.329187752808));
#2783 = CARTESIAN_POINT('',(5.198204619411,11.147585780551));
#2784 = ( GEOMETRIC_REPRESENTATION_CONTEXT(2) 
PARAMETRIC_REPRESENTATION_CONTEXT() REPRESENTATION_CONTEXT('2D SPACE',''
  ) );
#2785 = PCURVE('',#1434,#2786);
#2786 = DEFINITIONAL_REPRESENTATION('',(#2787),#2790);
#2787 = B_SPLINE_CURVE_WITH_KNOTS('',1,(#2788,#2789),.UNSPECIFIED.,.F.,
  .F.,(2,2),(-0.335411987559,0.111803995853),.PIECEWISE_BEZIER_KNOTS.);
#2788 = CARTESIAN_POINT('',(0.447215983412,-1.));
#2789 = CARTESIAN_POINT('',(0.,-1.));
#2790 = ( GEOMETRIC_REPRESENTATION_CONTEXT(2) 
PARAMETRIC_REPRESENTATION_CONTEXT() REPRESENTATION_CONTEXT('2D SPACE',''
  ) );
#2791 = ORIENTED_EDGE('',*,*,#2792,.F.);
#2792 = EDGE_CURVE('',#2793,#2772,#2795,.T.);
#2793 = VERTEX_POINT('',#2794);
#2794 = CARTESIAN_POINT('',(4.374504370323,11.495812781793,-29.));
#2795 = SURFACE_CURVE('',#2796,(#2800,#2806),.PCURVE_S1.);
#2796 = LINE('',#2797,#2798);
#2797 = CARTESIAN_POINT('',(4.685766329914,11.370844010054,-29.));
#2798 = VECTOR('',#2799,1.);
#2799 = DIRECTION('',(0.927998912192,-0.372582902144,0.));
#2800 = PCURVE('',#95,#2801);
#2801 = DEFINITIONAL_REPRESENTATION('',(#2802),#2805);
#2802 = B_SPLINE_CURVE_WITH_KNOTS('',1,(#2803,#2804),.UNSPECIFIED.,.F.,
  .F.,(2,2),(-0.335411987559,0.111803995853),.PIECEWISE_BEZIER_KNOTS.);
#2803 = CARTESIAN_POINT('',(4.374504370323,11.495812781793));
#2804 = CARTESIAN_POINT('',(4.789520316444,11.329187752808));
#2805 = ( GEOMETRIC_REPRESENTATION_CONTEXT(2) 
PARAMETRIC_REPRESENTATION_CONTEXT() REPRESENTATION_CONTEXT('2D SPACE',''
  ) );
#2806 = PCURVE('',#1460,#2807);
#2807 = DEFINITIONAL_REPRESENTATION('',(#2808),#2811);
#2808 = B_SPLINE_CURVE_WITH_KNOTS('',1,(#2809,#2810),.UNSPECIFIED.,.F.,
  .F.,(2,2),(-0.335411987559,0.111803995853),.PIECEWISE_BEZIER_KNOTS.);
#2809 = CARTESIAN_POINT('',(0.447215983412,-1.));
#2810 = CARTESIAN_POINT('',(0.,-1.));
#2811 = ( GEOMETRIC_REPRESENTATION_CONTEXT(2) 
PARAMETRIC_REPRESENTATION_CONTEXT() REPRESENTATION_CONTEXT('2D SPACE',''
  ) );
#2812 = ORIENTED_EDGE('',*,*,#2813,.F.);
#2813 = EDGE_CURVE('',#2814,#2793,#2816,.T.);
#2814 = VERTEX_POINT('',#2815);
#2815 = CARTESIAN_POINT('',(3.953705423229,11.64724059279,-29.));
#2816 = SURFACE_CURVE('',#2817,(#2821,#2827),.PCURVE_S1.);
#2817 = LINE('',#2818,#2819);
#2818 = CARTESIAN_POINT('',(4.269304633549,11.533669734542,-29.));
#2819 = VECTOR('',#2820,1.);
#2820 = DIRECTION('',(0.940930026436,-0.338601071102,0.));
#2821 = PCURVE('',#95,#2822);
#2822 = DEFINITIONAL_REPRESENTATION('',(#2823),#2826);
#2823 = B_SPLINE_CURVE_WITH_KNOTS('',1,(#2824,#2825),.UNSPECIFIED.,.F.,
  .F.,(2,2),(-0.335411987559,0.111803995853),.PIECEWISE_BEZIER_KNOTS.);
#2824 = CARTESIAN_POINT('',(3.953705423229,11.64724059279));
#2825 = CARTESIAN_POINT('',(4.374504370323,11.495812781793));
#2826 = ( GEOMETRIC_REPRESENTATION_CONTEXT(2) 
PARAMETRIC_REPRESENTATION_CONTEXT() REPRESENTATION_CONTEXT('2D SPACE',''
  ) );
#2827 = PCURVE('',#1486,#2828);
#2828 = DEFINITIONAL_REPRESENTATION('',(#2829),#2832);
#2829 = B_SPLINE_CURVE_WITH_KNOTS('',1,(#2830,#2831),.UNSPECIFIED.,.F.,
  .F.,(2,2),(-0.335411987559,0.111803995853),.PIECEWISE_BEZIER_KNOTS.);
#2830 = CARTESIAN_POINT('',(0.447215983412,-1.));
#2831 = CARTESIAN_POINT('',(0.,-1.));
#2832 = ( GEOMETRIC_REPRESENTATION_CONTEXT(2) 
PARAMETRIC_REPRESENTATION_CONTEXT() REPRESENTATION_CONTEXT('2D SPACE',''
  ) );
#2833 = ORIENTED_EDGE('',*,*,#2834,.F.);
#2834 = EDGE_CURVE('',#2835,#2814,#2837,.T.);
#2835 = VERTEX_POINT('',#2836);
#2836 = CARTESIAN_POINT('',(3.527679762346,11.783271001481,-29.));
#2837 = SURFACE_CURVE('',#2838,(#2842,#2848),.PCURVE_S1.);
#2838 = LINE('',#2839,#2840);
#2839 = CARTESIAN_POINT('',(3.847199008008,11.681248194962,-29.));
#2840 = VECTOR('',#2841,1.);
#2841 = DIRECTION('',(0.952617251361,-0.304171616705,0.));
#2842 = PCURVE('',#95,#2843);
#2843 = DEFINITIONAL_REPRESENTATION('',(#2844),#2847);
#2844 = B_SPLINE_CURVE_WITH_KNOTS('',1,(#2845,#2846),.UNSPECIFIED.,.F.,
  .F.,(2,2),(-0.335411987559,0.111803995853),.PIECEWISE_BEZIER_KNOTS.);
#2845 = CARTESIAN_POINT('',(3.527679762346,11.783271001481));
#2846 = CARTESIAN_POINT('',(3.953705423229,11.64724059279));
#2847 = ( GEOMETRIC_REPRESENTATION_CONTEXT(2) 
PARAMETRIC_REPRESENTATION_CONTEXT() REPRESENTATION_CONTEXT('2D SPACE',''
  ) );
#2848 = PCURVE('',#1512,#2849);
#2849 = DEFINITIONAL_REPRESENTATION('',(#2850),#2853);
#2850 = B_SPLINE_CURVE_WITH_KNOTS('',1,(#2851,#2852),.UNSPECIFIED.,.F.,
  .F.,(2,2),(-0.335411987559,0.111803995853),.PIECEWISE_BEZIER_KNOTS.);
#2851 = CARTESIAN_POINT('',(0.447215983412,-1.));
#2852 = CARTESIAN_POINT('',(0.,-1.));
#2853 = ( GEOMETRIC_REPRESENTATION_CONTEXT(2) 
PARAMETRIC_REPRESENTATION_CONTEXT() REPRESENTATION_CONTEXT('2D SPACE',''
  ) );
#2854 = ORIENTED_EDGE('',*,*,#2855,.F.);
#2855 = EDGE_CURVE('',#2856,#2835,#2858,.T.);
#2856 = VERTEX_POINT('',#2857);
#2857 = CARTESIAN_POINT('',(3.096990584464,11.903724178581,-29.));
#2858 = SURFACE_CURVE('',#2859,(#2863,#2869),.PCURVE_S1.);
#2859 = LINE('',#2860,#2861);
#2860 = CARTESIAN_POINT('',(3.420007467876,11.813384295756,-29.));
#2861 = VECTOR('',#2862,1.);
#2862 = DIRECTION('',(0.963045136708,-0.269340053953,0.));
#2863 = PCURVE('',#95,#2864);
#2864 = DEFINITIONAL_REPRESENTATION('',(#2865),#2868);
#2865 = B_SPLINE_CURVE_WITH_KNOTS('',1,(#2866,#2867),.UNSPECIFIED.,.F.,
  .F.,(2,2),(-0.335411987559,0.111803995853),.PIECEWISE_BEZIER_KNOTS.);
#2866 = CARTESIAN_POINT('',(3.096990584464,11.903724178581));
#2867 = CARTESIAN_POINT('',(3.527679762346,11.783271001481));
#2868 = ( GEOMETRIC_REPRESENTATION_CONTEXT(2) 
PARAMETRIC_REPRESENTATION_CONTEXT() REPRESENTATION_CONTEXT('2D SPACE',''
  ) );
#2869 = PCURVE('',#1538,#2870);
#2870 = DEFINITIONAL_REPRESENTATION('',(#2871),#2874);
#2871 = B_SPLINE_CURVE_WITH_KNOTS('',1,(#2872,#2873),.UNSPECIFIED.,.F.,
  .F.,(2,2),(-0.335411987559,0.111803995853),.PIECEWISE_BEZIER_KNOTS.);
#2872 = CARTESIAN_POINT('',(0.447215983412,-1.));
#2873 = CARTESIAN_POINT('',(0.,-1.));
#2874 = ( GEOMETRIC_REPRESENTATION_CONTEXT(2) 
PARAMETRIC_REPRESENTATION_CONTEXT() REPRESENTATION_CONTEXT('2D SPACE',''
  ) );
#2875 = ORIENTED_EDGE('',*,*,#2876,.F.);
#2876 = EDGE_CURVE('',#2877,#2856,#2879,.T.);
#2877 = VERTEX_POINT('',#2878);
#2878 = CARTESIAN_POINT('',(2.662207251439,12.008440887575,-29.));
#2879 = SURFACE_CURVE('',#2880,(#2884,#2890),.PCURVE_S1.);
#2880 = LINE('',#2881,#2882);
#2881 = CARTESIAN_POINT('',(2.988294751207,11.92990335583,-29.));
#2882 = VECTOR('',#2883,1.);
#2883 = DIRECTION('',(0.972199897035,-0.234152429426,0.));
#2884 = PCURVE('',#95,#2885);
#2885 = DEFINITIONAL_REPRESENTATION('',(#2886),#2889);
#2886 = B_SPLINE_CURVE_WITH_KNOTS('',1,(#2887,#2888),.UNSPECIFIED.,.F.,
  .F.,(2,2),(-0.335411987559,0.111803995853),.PIECEWISE_BEZIER_KNOTS.);
#2887 = CARTESIAN_POINT('',(2.662207251439,12.008440887575));
#2888 = CARTESIAN_POINT('',(3.096990584464,11.903724178581));
#2889 = ( GEOMETRIC_REPRESENTATION_CONTEXT(2) 
PARAMETRIC_REPRESENTATION_CONTEXT() REPRESENTATION_CONTEXT('2D SPACE',''
  ) );
#2890 = PCURVE('',#1564,#2891);
#2891 = DEFINITIONAL_REPRESENTATION('',(#2892),#2895);
#2892 = B_SPLINE_CURVE_WITH_KNOTS('',1,(#2893,#2894),.UNSPECIFIED.,.F.,
  .F.,(2,2),(-0.335411987559,0.111803995853),.PIECEWISE_BEZIER_KNOTS.);
#2893 = CARTESIAN_POINT('',(0.447215983412,-1.));
#2894 = CARTESIAN_POINT('',(0.,-1.));
#2895 = ( GEOMETRIC_REPRESENTATION_CONTEXT(2) 
PARAMETRIC_REPRESENTATION_CONTEXT() REPRESENTATION_CONTEXT('2D SPACE',''
  ) );
#2896 = ORIENTED_EDGE('',*,*,#2897,.F.);
#2897 = EDGE_CURVE('',#2898,#2877,#2900,.T.);
#2898 = VERTEX_POINT('',#2899);
#2899 = CARTESIAN_POINT('',(2.223904537514,12.097282695218,-29.));
#2900 = SURFACE_CURVE('',#2901,(#2905,#2911),.PCURVE_S1.);
#2901 = LINE('',#2902,#2903);
#2902 = CARTESIAN_POINT('',(2.552631572958,12.030651339486,-29.));
#2903 = VECTOR('',#2904,1.);
#2904 = DIRECTION('',(0.980069429945,-0.198655260407,0.));
#2905 = PCURVE('',#95,#2906);
#2906 = DEFINITIONAL_REPRESENTATION('',(#2907),#2910);
#2907 = B_SPLINE_CURVE_WITH_KNOTS('',1,(#2908,#2909),.UNSPECIFIED.,.F.,
  .F.,(2,2),(-0.335411987559,0.111803995853),.PIECEWISE_BEZIER_KNOTS.);
#2908 = CARTESIAN_POINT('',(2.223904537514,12.097282695218));
#2909 = CARTESIAN_POINT('',(2.662207251439,12.008440887575));
#2910 = ( GEOMETRIC_REPRESENTATION_CONTEXT(2) 
PARAMETRIC_REPRESENTATION_CONTEXT() REPRESENTATION_CONTEXT('2D SPACE',''
  ) );
#2911 = PCURVE('',#1590,#2912);
#2912 = DEFINITIONAL_REPRESENTATION('',(#2913),#2916);
#2913 = B_SPLINE_CURVE_WITH_KNOTS('',1,(#2914,#2915),.UNSPECIFIED.,.F.,
  .F.,(2,2),(-0.335411987559,0.111803995853),.PIECEWISE_BEZIER_KNOTS.);
#2914 = CARTESIAN_POINT('',(0.447215983412,-1.));
#2915 = CARTESIAN_POINT('',(0.,-1.));
#2916 = ( GEOMETRIC_REPRESENTATION_CONTEXT(2) 
PARAMETRIC_REPRESENTATION_CONTEXT() REPRESENTATION_CONTEXT('2D SPACE',''
  ) );
#2917 = ORIENTED_EDGE('',*,*,#2918,.F.);
#2918 = EDGE_CURVE('',#2919,#2898,#2921,.T.);
#2919 = VERTEX_POINT('',#2920);
#2920 = CARTESIAN_POINT('',(1.782661869479,12.170132154546,-29.));
#2921 = SURFACE_CURVE('',#2922,(#2926,#2932),.PCURVE_S1.);
#2922 = LINE('',#2923,#2924);
#2923 = CARTESIAN_POINT('',(2.113593870505,12.11549506005,-29.));
#2924 = VECTOR('',#2925,1.);
#2925 = DIRECTION('',(0.986643332085,-0.162895473395,0.));
#2926 = PCURVE('',#95,#2927);
#2927 = DEFINITIONAL_REPRESENTATION('',(#2928),#2931);
#2928 = B_SPLINE_CURVE_WITH_KNOTS('',1,(#2929,#2930),.UNSPECIFIED.,.F.,
  .F.,(2,2),(-0.335411987559,0.111803995853),.PIECEWISE_BEZIER_KNOTS.);
#2929 = CARTESIAN_POINT('',(1.782661869479,12.170132154546));
#2930 = CARTESIAN_POINT('',(2.223904537514,12.097282695218));
#2931 = ( GEOMETRIC_REPRESENTATION_CONTEXT(2) 
PARAMETRIC_REPRESENTATION_CONTEXT() REPRESENTATION_CONTEXT('2D SPACE',''
  ) );
#2932 = PCURVE('',#1616,#2933);
#2933 = DEFINITIONAL_REPRESENTATION('',(#2934),#2937);
#2934 = B_SPLINE_CURVE_WITH_KNOTS('',1,(#2935,#2936),.UNSPECIFIED.,.F.,
  .F.,(2,2),(-0.335411987559,0.111803995853),.PIECEWISE_BEZIER_KNOTS.);
#2935 = CARTESIAN_POINT('',(0.447215983412,-1.));
#2936 = CARTESIAN_POINT('',(0.,-1.));
#2937 = ( GEOMETRIC_REPRESENTATION_CONTEXT(2) 
PARAMETRIC_REPRESENTATION_CONTEXT() REPRESENTATION_CONTEXT('2D SPACE',''
  ) );
#2938 = ORIENTED_EDGE('',*,*,#2939,.F.);
#2939 = EDGE_CURVE('',#2940,#2919,#2942,.T.);
#2940 = VERTEX_POINT('',#2941);
#2941 = CARTESIAN_POINT('',(1.339062560679,12.226892960135,-29.));
#2942 = SURFACE_CURVE('',#2943,(#2947,#2953),.PCURVE_S1.);
#2943 = LINE('',#2944,#2945);
#2944 = CARTESIAN_POINT('',(1.671762042279,12.184322355943,-29.));
#2945 = VECTOR('',#2946,1.);
#2946 = DIRECTION('',(0.991912912897,-0.126920342059,0.));
#2947 = PCURVE('',#95,#2948);
#2948 = DEFINITIONAL_REPRESENTATION('',(#2949),#2952);
#2949 = B_SPLINE_CURVE_WITH_KNOTS('',1,(#2950,#2951),.UNSPECIFIED.,.F.,
  .F.,(2,2),(-0.335411987559,0.111803995853),.PIECEWISE_BEZIER_KNOTS.);
#2950 = CARTESIAN_POINT('',(1.339062560679,12.226892960135));
#2951 = CARTESIAN_POINT('',(1.782661869479,12.170132154546));
#2952 = ( GEOMETRIC_REPRESENTATION_CONTEXT(2) 
PARAMETRIC_REPRESENTATION_CONTEXT() REPRESENTATION_CONTEXT('2D SPACE',''
  ) );
#2953 = PCURVE('',#1642,#2954);
#2954 = DEFINITIONAL_REPRESENTATION('',(#2955),#2958);
#2955 = B_SPLINE_CURVE_WITH_KNOTS('',1,(#2956,#2957),.UNSPECIFIED.,.F.,
  .F.,(2,2),(-0.335411987559,0.111803995853),.PIECEWISE_BEZIER_KNOTS.);
#2956 = CARTESIAN_POINT('',(0.447215983412,-1.));
#2957 = CARTESIAN_POINT('',(0.,-1.));
#2958 = ( GEOMETRIC_REPRESENTATION_CONTEXT(2) 
PARAMETRIC_REPRESENTATION_CONTEXT() REPRESENTATION_CONTEXT('2D SPACE',''
  ) );
#2959 = ORIENTED_EDGE('',*,*,#2960,.F.);
#2960 = EDGE_CURVE('',#2961,#2940,#2963,.T.);
#2961 = VERTEX_POINT('',#2962);
#2962 = CARTESIAN_POINT('',(0.893693039888,12.267490075417,-29.));
#2963 = SURFACE_CURVE('',#2964,(#2968,#2974),.PCURVE_S1.);
#2964 = LINE('',#2965,#2966);
#2965 = CARTESIAN_POINT('',(1.227720180481,12.237042238955,-29.));
#2966 = VECTOR('',#2967,1.);
#2967 = DIRECTION('',(0.995871206108,-9.077742475302E-02,0.));
#2968 = PCURVE('',#95,#2969);
#2969 = DEFINITIONAL_REPRESENTATION('',(#2970),#2973);
#2970 = B_SPLINE_CURVE_WITH_KNOTS('',1,(#2971,#2972),.UNSPECIFIED.,.F.,
  .F.,(2,2),(-0.335411987559,0.111803995853),.PIECEWISE_BEZIER_KNOTS.);
#2971 = CARTESIAN_POINT('',(0.893693039888,12.267490075417));
#2972 = CARTESIAN_POINT('',(1.339062560679,12.226892960135));
#2973 = ( GEOMETRIC_REPRESENTATION_CONTEXT(2) 
PARAMETRIC_REPRESENTATION_CONTEXT() REPRESENTATION_CONTEXT('2D SPACE',''
  ) );
#2974 = PCURVE('',#1668,#2975);
#2975 = DEFINITIONAL_REPRESENTATION('',(#2976),#2979);
#2976 = B_SPLINE_CURVE_WITH_KNOTS('',1,(#2977,#2978),.UNSPECIFIED.,.F.,
  .F.,(2,2),(-0.335411987559,0.111803995853),.PIECEWISE_BEZIER_KNOTS.);
#2977 = CARTESIAN_POINT('',(0.447215983412,-1.));
#2978 = CARTESIAN_POINT('',(0.,-1.));
#2979 = ( GEOMETRIC_REPRESENTATION_CONTEXT(2) 
PARAMETRIC_REPRESENTATION_CONTEXT() REPRESENTATION_CONTEXT('2D SPACE',''
  ) );
#2980 = ORIENTED_EDGE('',*,*,#2981,.F.);
#2981 = EDGE_CURVE('',#2982,#2961,#2984,.T.);
#2982 = VERTEX_POINT('',#2983);
#2983 = CARTESIAN_POINT('',(0.447142076062,12.291869831877,-29.));
#2984 = SURFACE_CURVE('',#2985,(#2989,#2995),.PCURVE_S1.);
#2985 = LINE('',#2986,#2987);
#2986 = CARTESIAN_POINT('',(0.782055298932,12.273585014532,-29.));
#2987 = VECTOR('',#2988,1.);
#2988 = DIRECTION('',(0.99851297894,-5.4514501638E-02,0.));
#2989 = PCURVE('',#95,#2990);
#2990 = DEFINITIONAL_REPRESENTATION('',(#2991),#2994);
#2991 = B_SPLINE_CURVE_WITH_KNOTS('',1,(#2992,#2993),.UNSPECIFIED.,.F.,
  .F.,(2,2),(-0.335411987559,0.111803995853),.PIECEWISE_BEZIER_KNOTS.);
#2992 = CARTESIAN_POINT('',(0.447142076062,12.291869831877));
#2993 = CARTESIAN_POINT('',(0.893693039888,12.267490075417));
#2994 = ( GEOMETRIC_REPRESENTATION_CONTEXT(2) 
PARAMETRIC_REPRESENTATION_CONTEXT() REPRESENTATION_CONTEXT('2D SPACE',''
  ) );
#2995 = PCURVE('',#1694,#2996);
#2996 = DEFINITIONAL_REPRESENTATION('',(#2997),#3000);
#2997 = B_SPLINE_CURVE_WITH_KNOTS('',1,(#2998,#2999),.UNSPECIFIED.,.F.,
  .F.,(2,2),(-0.335411987559,0.111803995853),.PIECEWISE_BEZIER_KNOTS.);
#2998 = CARTESIAN_POINT('',(0.447215983412,-1.));
#2999 = CARTESIAN_POINT('',(0.,-1.));
#3000 = ( GEOMETRIC_REPRESENTATION_CONTEXT(2) 
PARAMETRIC_REPRESENTATION_CONTEXT() REPRESENTATION_CONTEXT('2D SPACE',''
  ) );
#3001 = ORIENTED_EDGE('',*,*,#3002,.F.);
#3002 = EDGE_CURVE('',#3003,#2982,#3005,.T.);
#3003 = VERTEX_POINT('',#3004);
#3004 = CARTESIAN_POINT('',(0.,12.3,-29.));
#3005 = SURFACE_CURVE('',#3006,(#3010,#3016),.PCURVE_S1.);
#3006 = LINE('',#3007,#3008);
#3007 = CARTESIAN_POINT('',(0.335356557047,12.293902373908,-29.));
#3008 = VECTOR('',#3009,1.);
#3009 = DIRECTION('',(0.999834739025,-1.81795115208E-02,0.));
#3010 = PCURVE('',#95,#3011);
#3011 = DEFINITIONAL_REPRESENTATION('',(#3012),#3015);
#3012 = B_SPLINE_CURVE_WITH_KNOTS('',1,(#3013,#3014),.UNSPECIFIED.,.F.,
  .F.,(2,2),(-0.335411987559,0.111803995853),.PIECEWISE_BEZIER_KNOTS.);
#3013 = CARTESIAN_POINT('',(-5.551115123126E-17,12.3));
#3014 = CARTESIAN_POINT('',(0.447142076062,12.291869831877));
#3015 = ( GEOMETRIC_REPRESENTATION_CONTEXT(2) 
PARAMETRIC_REPRESENTATION_CONTEXT() REPRESENTATION_CONTEXT('2D SPACE',''
  ) );
#3016 = PCURVE('',#1720,#3017);
#3017 = DEFINITIONAL_REPRESENTATION('',(#3018),#3021);
#3018 = B_SPLINE_CURVE_WITH_KNOTS('',1,(#3019,#3020),.UNSPECIFIED.,.F.,
  .F.,(2,2),(-0.335411987559,0.111803995853),.PIECEWISE_BEZIER_KNOTS.);
#3019 = CARTESIAN_POINT('',(0.447215983412,-1.));
#3020 = CARTESIAN_POINT('',(0.,-1.));
#3021 = ( GEOMETRIC_REPRESENTATION_CONTEXT(2) 
PARAMETRIC_REPRESENTATION_CONTEXT() REPRESENTATION_CONTEXT('2D SPACE',''
  ) );
#3022 = ORIENTED_EDGE('',*,*,#3023,.F.);
#3023 = EDGE_CURVE('',#3024,#3003,#3026,.T.);
#3024 = VERTEX_POINT('',#3025);
#3025 = CARTESIAN_POINT('',(-0.447142076062,12.291869831877,-29.));
#3026 = SURFACE_CURVE('',#3027,(#3031,#3037),.PCURVE_S1.);
#3027 = LINE('',#3028,#3029);
#3028 = CARTESIAN_POINT('',(-0.111785519016,12.297967457969,-29.));
#3029 = VECTOR('',#3030,1.);
#3030 = DIRECTION('',(0.999834739025,1.81795115208E-02,-0.));
#3031 = PCURVE('',#95,#3032);
#3032 = DEFINITIONAL_REPRESENTATION('',(#3033),#3036);
#3033 = B_SPLINE_CURVE_WITH_KNOTS('',1,(#3034,#3035),.UNSPECIFIED.,.F.,
  .F.,(2,2),(-0.335411987559,0.111803995853),.PIECEWISE_BEZIER_KNOTS.);
#3034 = CARTESIAN_POINT('',(-0.447142076062,12.291869831877));
#3035 = CARTESIAN_POINT('',(0.,12.3));
#3036 = ( GEOMETRIC_REPRESENTATION_CONTEXT(2) 
PARAMETRIC_REPRESENTATION_CONTEXT() REPRESENTATION_CONTEXT('2D SPACE',''
  ) );
#3037 = PCURVE('',#1746,#3038);
#3038 = DEFINITIONAL_REPRESENTATION('',(#3039),#3042);
#3039 = B_SPLINE_CURVE_WITH_KNOTS('',1,(#3040,#3041),.UNSPECIFIED.,.F.,
  .F.,(2,2),(-0.335411987559,0.111803995853),.PIECEWISE_BEZIER_KNOTS.);
#3040 = CARTESIAN_POINT('',(0.447215983412,-1.));
#3041 = CARTESIAN_POINT('',(0.,-1.));
#3042 = ( GEOMETRIC_REPRESENTATION_CONTEXT(2) 
PARAMETRIC_REPRESENTATION_CONTEXT() REPRESENTATION_CONTEXT('2D SPACE',''
  ) );
#3043 = ORIENTED_EDGE('',*,*,#3044,.F.);
#3044 = EDGE_CURVE('',#3045,#3024,#3047,.T.);
#3045 = VERTEX_POINT('',#3046);
#3046 = CARTESIAN_POINT('',(-0.893693039888,12.267490075417,-29.));
#3047 = SURFACE_CURVE('',#3048,(#3052,#3058),.PCURVE_S1.);
#3048 = LINE('',#3049,#3050);
#3049 = CARTESIAN_POINT('',(-0.558779817019,12.285774892762,-29.));
#3050 = VECTOR('',#3051,1.);
#3051 = DIRECTION('',(0.99851297894,5.4514501638E-02,-0.));
#3052 = PCURVE('',#95,#3053);
#3053 = DEFINITIONAL_REPRESENTATION('',(#3054),#3057);
#3054 = B_SPLINE_CURVE_WITH_KNOTS('',1,(#3055,#3056),.UNSPECIFIED.,.F.,
  .F.,(2,2),(-0.335411987559,0.111803995853),.PIECEWISE_BEZIER_KNOTS.);
#3055 = CARTESIAN_POINT('',(-0.893693039888,12.267490075417));
#3056 = CARTESIAN_POINT('',(-0.447142076062,12.291869831877));
#3057 = ( GEOMETRIC_REPRESENTATION_CONTEXT(2) 
PARAMETRIC_REPRESENTATION_CONTEXT() REPRESENTATION_CONTEXT('2D SPACE',''
  ) );
#3058 = PCURVE('',#1772,#3059);
#3059 = DEFINITIONAL_REPRESENTATION('',(#3060),#3063);
#3060 = B_SPLINE_CURVE_WITH_KNOTS('',1,(#3061,#3062),.UNSPECIFIED.,.F.,
  .F.,(2,2),(-0.335411987559,0.111803995853),.PIECEWISE_BEZIER_KNOTS.);
#3061 = CARTESIAN_POINT('',(0.447215983412,-1.));
#3062 = CARTESIAN_POINT('',(0.,-1.));
#3063 = ( GEOMETRIC_REPRESENTATION_CONTEXT(2) 
PARAMETRIC_REPRESENTATION_CONTEXT() REPRESENTATION_CONTEXT('2D SPACE',''
  ) );
#3064 = ORIENTED_EDGE('',*,*,#3065,.F.);
#3065 = EDGE_CURVE('',#3066,#3045,#3068,.T.);
#3066 = VERTEX_POINT('',#3067);
#3067 = CARTESIAN_POINT('',(-1.339062560679,12.226892960135,-29.));
#3068 = SURFACE_CURVE('',#3069,(#3073,#3079),.PCURVE_S1.);
#3069 = LINE('',#3070,#3071);
#3070 = CARTESIAN_POINT('',(-1.005035420086,12.257340796596,-29.));
#3071 = VECTOR('',#3072,1.);
#3072 = DIRECTION('',(0.995871206108,9.077742475302E-02,-0.));
#3073 = PCURVE('',#95,#3074);
#3074 = DEFINITIONAL_REPRESENTATION('',(#3075),#3078);
#3075 = B_SPLINE_CURVE_WITH_KNOTS('',1,(#3076,#3077),.UNSPECIFIED.,.F.,
  .F.,(2,2),(-0.335411987559,0.111803995853),.PIECEWISE_BEZIER_KNOTS.);
#3076 = CARTESIAN_POINT('',(-1.339062560679,12.226892960135));
#3077 = CARTESIAN_POINT('',(-0.893693039888,12.267490075417));
#3078 = ( GEOMETRIC_REPRESENTATION_CONTEXT(2) 
PARAMETRIC_REPRESENTATION_CONTEXT() REPRESENTATION_CONTEXT('2D SPACE',''
  ) );
#3079 = PCURVE('',#1798,#3080);
#3080 = DEFINITIONAL_REPRESENTATION('',(#3081),#3084);
#3081 = B_SPLINE_CURVE_WITH_KNOTS('',1,(#3082,#3083),.UNSPECIFIED.,.F.,
  .F.,(2,2),(-0.335411987559,0.111803995853),.PIECEWISE_BEZIER_KNOTS.);
#3082 = CARTESIAN_POINT('',(0.447215983412,-1.));
#3083 = CARTESIAN_POINT('',(0.,-1.));
#3084 = ( GEOMETRIC_REPRESENTATION_CONTEXT(2) 
PARAMETRIC_REPRESENTATION_CONTEXT() REPRESENTATION_CONTEXT('2D SPACE',''
  ) );
#3085 = ORIENTED_EDGE('',*,*,#3086,.F.);
#3086 = EDGE_CURVE('',#3087,#3066,#3089,.T.);
#3087 = VERTEX_POINT('',#3088);
#3088 = CARTESIAN_POINT('',(-1.782661869479,12.170132154546,-29.));
#3089 = SURFACE_CURVE('',#3090,(#3094,#3100),.PCURVE_S1.);
#3090 = LINE('',#3091,#3092);
#3091 = CARTESIAN_POINT('',(-1.449962387879,12.212702758737,-29.));
#3092 = VECTOR('',#3093,1.);
#3093 = DIRECTION('',(0.991912912897,0.126920342059,-0.));
#3094 = PCURVE('',#95,#3095);
#3095 = DEFINITIONAL_REPRESENTATION('',(#3096),#3099);
#3096 = B_SPLINE_CURVE_WITH_KNOTS('',1,(#3097,#3098),.UNSPECIFIED.,.F.,
  .F.,(2,2),(-0.335411987559,0.111803995853),.PIECEWISE_BEZIER_KNOTS.);
#3097 = CARTESIAN_POINT('',(-1.782661869479,12.170132154546));
#3098 = CARTESIAN_POINT('',(-1.339062560679,12.226892960135));
#3099 = ( GEOMETRIC_REPRESENTATION_CONTEXT(2) 
PARAMETRIC_REPRESENTATION_CONTEXT() REPRESENTATION_CONTEXT('2D SPACE',''
  ) );
#3100 = PCURVE('',#1824,#3101);
#3101 = DEFINITIONAL_REPRESENTATION('',(#3102),#3105);
#3102 = B_SPLINE_CURVE_WITH_KNOTS('',1,(#3103,#3104),.UNSPECIFIED.,.F.,
  .F.,(2,2),(-0.335411987559,0.111803995853),.PIECEWISE_BEZIER_KNOTS.);
#3103 = CARTESIAN_POINT('',(0.447215983412,-1.));
#3104 = CARTESIAN_POINT('',(0.,-1.));
#3105 = ( GEOMETRIC_REPRESENTATION_CONTEXT(2) 
PARAMETRIC_REPRESENTATION_CONTEXT() REPRESENTATION_CONTEXT('2D SPACE',''
  ) );
#3106 = ORIENTED_EDGE('',*,*,#3107,.F.);
#3107 = EDGE_CURVE('',#3108,#3087,#3110,.T.);
#3108 = VERTEX_POINT('',#3109);
#3109 = CARTESIAN_POINT('',(-2.223904537514,12.097282695218,-29.));
#3110 = SURFACE_CURVE('',#3111,(#3115,#3121),.PCURVE_S1.);
#3111 = LINE('',#3112,#3113);
#3112 = CARTESIAN_POINT('',(-1.892972536488,12.151919789714,-29.));
#3113 = VECTOR('',#3114,1.);
#3114 = DIRECTION('',(0.986643332085,0.162895473395,-0.));
#3115 = PCURVE('',#95,#3116);
#3116 = DEFINITIONAL_REPRESENTATION('',(#3117),#3120);
#3117 = B_SPLINE_CURVE_WITH_KNOTS('',1,(#3118,#3119),.UNSPECIFIED.,.F.,
  .F.,(2,2),(-0.335411987559,0.111803995853),.PIECEWISE_BEZIER_KNOTS.);
#3118 = CARTESIAN_POINT('',(-2.223904537514,12.097282695218));
#3119 = CARTESIAN_POINT('',(-1.782661869479,12.170132154546));
#3120 = ( GEOMETRIC_REPRESENTATION_CONTEXT(2) 
PARAMETRIC_REPRESENTATION_CONTEXT() REPRESENTATION_CONTEXT('2D SPACE',''
  ) );
#3121 = PCURVE('',#1850,#3122);
#3122 = DEFINITIONAL_REPRESENTATION('',(#3123),#3126);
#3123 = B_SPLINE_CURVE_WITH_KNOTS('',1,(#3124,#3125),.UNSPECIFIED.,.F.,
  .F.,(2,2),(-0.335411987559,0.111803995853),.PIECEWISE_BEZIER_KNOTS.);
#3124 = CARTESIAN_POINT('',(0.447215983412,-1.));
#3125 = CARTESIAN_POINT('',(0.,-1.));
#3126 = ( GEOMETRIC_REPRESENTATION_CONTEXT(2) 
PARAMETRIC_REPRESENTATION_CONTEXT() REPRESENTATION_CONTEXT('2D SPACE',''
  ) );
#3127 = ORIENTED_EDGE('',*,*,#3128,.F.);
#3128 = EDGE_CURVE('',#3129,#3108,#3131,.T.);
#3129 = VERTEX_POINT('',#3130);
#3130 = CARTESIAN_POINT('',(-2.662207251439,12.008440887575,-29.));
#3131 = SURFACE_CURVE('',#3132,(#3136,#3142),.PCURVE_S1.);
#3132 = LINE('',#3133,#3134);
#3133 = CARTESIAN_POINT('',(-2.333480215995,12.075072243307,-29.));
#3134 = VECTOR('',#3135,1.);
#3135 = DIRECTION('',(0.980069429945,0.198655260407,-0.));
#3136 = PCURVE('',#95,#3137);
#3137 = DEFINITIONAL_REPRESENTATION('',(#3138),#3141);
#3138 = B_SPLINE_CURVE_WITH_KNOTS('',1,(#3139,#3140),.UNSPECIFIED.,.F.,
  .F.,(2,2),(-0.335411987559,0.111803995853),.PIECEWISE_BEZIER_KNOTS.);
#3139 = CARTESIAN_POINT('',(-2.662207251439,12.008440887575));
#3140 = CARTESIAN_POINT('',(-2.223904537514,12.097282695218));
#3141 = ( GEOMETRIC_REPRESENTATION_CONTEXT(2) 
PARAMETRIC_REPRESENTATION_CONTEXT() REPRESENTATION_CONTEXT('2D SPACE',''
  ) );
#3142 = PCURVE('',#1876,#3143);
#3143 = DEFINITIONAL_REPRESENTATION('',(#3144),#3147);
#3144 = B_SPLINE_CURVE_WITH_KNOTS('',1,(#3145,#3146),.UNSPECIFIED.,.F.,
  .F.,(2,2),(-0.335411987559,0.111803995853),.PIECEWISE_BEZIER_KNOTS.);
#3145 = CARTESIAN_POINT('',(0.447215983412,-1.));
#3146 = CARTESIAN_POINT('',(0.,-1.));
#3147 = ( GEOMETRIC_REPRESENTATION_CONTEXT(2) 
PARAMETRIC_REPRESENTATION_CONTEXT() REPRESENTATION_CONTEXT('2D SPACE',''
  ) );
#3148 = ORIENTED_EDGE('',*,*,#3149,.F.);
#3149 = EDGE_CURVE('',#3150,#3129,#3152,.T.);
#3150 = VERTEX_POINT('',#3151);
#3151 = CARTESIAN_POINT('',(-3.096990584464,11.903724178581,-29.));
#3152 = SURFACE_CURVE('',#3153,(#3157,#3163),.PCURVE_S1.);
#3153 = LINE('',#3154,#3155);
#3154 = CARTESIAN_POINT('',(-2.770903084695,11.982261710327,-29.));
#3155 = VECTOR('',#3156,1.);
#3156 = DIRECTION('',(0.972199897035,0.234152429426,-0.));
#3157 = PCURVE('',#95,#3158);
#3158 = DEFINITIONAL_REPRESENTATION('',(#3159),#3162);
#3159 = B_SPLINE_CURVE_WITH_KNOTS('',1,(#3160,#3161),.UNSPECIFIED.,.F.,
  .F.,(2,2),(-0.335411987559,0.111803995853),.PIECEWISE_BEZIER_KNOTS.);
#3160 = CARTESIAN_POINT('',(-3.096990584464,11.903724178581));
#3161 = CARTESIAN_POINT('',(-2.662207251439,12.008440887575));
#3162 = ( GEOMETRIC_REPRESENTATION_CONTEXT(2) 
PARAMETRIC_REPRESENTATION_CONTEXT() REPRESENTATION_CONTEXT('2D SPACE',''
  ) );
#3163 = PCURVE('',#1902,#3164);
#3164 = DEFINITIONAL_REPRESENTATION('',(#3165),#3168);
#3165 = B_SPLINE_CURVE_WITH_KNOTS('',1,(#3166,#3167),.UNSPECIFIED.,.F.,
  .F.,(2,2),(-0.335411987559,0.111803995853),.PIECEWISE_BEZIER_KNOTS.);
#3166 = CARTESIAN_POINT('',(0.447215983412,-1.));
#3167 = CARTESIAN_POINT('',(0.,-1.));
#3168 = ( GEOMETRIC_REPRESENTATION_CONTEXT(2) 
PARAMETRIC_REPRESENTATION_CONTEXT() REPRESENTATION_CONTEXT('2D SPACE',''
  ) );
#3169 = ORIENTED_EDGE('',*,*,#3170,.F.);
#3170 = EDGE_CURVE('',#3171,#3150,#3173,.T.);
#3171 = VERTEX_POINT('',#3172);
#3172 = CARTESIAN_POINT('',(-3.527679762346,11.783271001481,-29.));
#3173 = SURFACE_CURVE('',#3174,(#3178,#3184),.PCURVE_S1.);
#3174 = LINE('',#3175,#3176);
#3175 = CARTESIAN_POINT('',(-3.204662878934,11.873610884306,-29.));
#3176 = VECTOR('',#3177,1.);
#3177 = DIRECTION('',(0.963045136708,0.269340053953,-0.));
#3178 = PCURVE('',#95,#3179);
#3179 = DEFINITIONAL_REPRESENTATION('',(#3180),#3183);
#3180 = B_SPLINE_CURVE_WITH_KNOTS('',1,(#3181,#3182),.UNSPECIFIED.,.F.,
  .F.,(2,2),(-0.335411987559,0.111803995853),.PIECEWISE_BEZIER_KNOTS.);
#3181 = CARTESIAN_POINT('',(-3.527679762346,11.783271001481));
#3182 = CARTESIAN_POINT('',(-3.096990584464,11.903724178581));
#3183 = ( GEOMETRIC_REPRESENTATION_CONTEXT(2) 
PARAMETRIC_REPRESENTATION_CONTEXT() REPRESENTATION_CONTEXT('2D SPACE',''
  ) );
#3184 = PCURVE('',#1928,#3185);
#3185 = DEFINITIONAL_REPRESENTATION('',(#3186),#3189);
#3186 = B_SPLINE_CURVE_WITH_KNOTS('',1,(#3187,#3188),.UNSPECIFIED.,.F.,
  .F.,(2,2),(-0.335411987559,0.111803995853),.PIECEWISE_BEZIER_KNOTS.);
#3187 = CARTESIAN_POINT('',(0.447215983412,-1.));
#3188 = CARTESIAN_POINT('',(0.,-1.));
#3189 = ( GEOMETRIC_REPRESENTATION_CONTEXT(2) 
PARAMETRIC_REPRESENTATION_CONTEXT() REPRESENTATION_CONTEXT('2D SPACE',''
  ) );
#3190 = ORIENTED_EDGE('',*,*,#3191,.F.);
#3191 = EDGE_CURVE('',#3192,#3171,#3194,.T.);
#3192 = VERTEX_POINT('',#3193);
#3193 = CARTESIAN_POINT('',(-3.953705423229,11.64724059279,-29.));
#3194 = SURFACE_CURVE('',#3195,(#3199,#3205),.PCURVE_S1.);
#3195 = LINE('',#3196,#3197);
#3196 = CARTESIAN_POINT('',(-3.634186177567,11.749263399308,-29.));
#3197 = VECTOR('',#3198,1.);
#3198 = DIRECTION('',(0.952617251361,0.304171616705,-0.));
#3199 = PCURVE('',#95,#3200);
#3200 = DEFINITIONAL_REPRESENTATION('',(#3201),#3204);
#3201 = B_SPLINE_CURVE_WITH_KNOTS('',1,(#3202,#3203),.UNSPECIFIED.,.F.,
  .F.,(2,2),(-0.335411987559,0.111803995853),.PIECEWISE_BEZIER_KNOTS.);
#3202 = CARTESIAN_POINT('',(-3.953705423229,11.64724059279));
#3203 = CARTESIAN_POINT('',(-3.527679762346,11.783271001481));
#3204 = ( GEOMETRIC_REPRESENTATION_CONTEXT(2) 
PARAMETRIC_REPRESENTATION_CONTEXT() REPRESENTATION_CONTEXT('2D SPACE',''
  ) );
#3205 = PCURVE('',#1954,#3206);
#3206 = DEFINITIONAL_REPRESENTATION('',(#3207),#3210);
#3207 = B_SPLINE_CURVE_WITH_KNOTS('',1,(#3208,#3209),.UNSPECIFIED.,.F.,
  .F.,(2,2),(-0.335411987559,0.111803995853),.PIECEWISE_BEZIER_KNOTS.);
#3208 = CARTESIAN_POINT('',(0.447215983412,-1.));
#3209 = CARTESIAN_POINT('',(0.,-1.));
#3210 = ( GEOMETRIC_REPRESENTATION_CONTEXT(2) 
PARAMETRIC_REPRESENTATION_CONTEXT() REPRESENTATION_CONTEXT('2D SPACE',''
  ) );
#3211 = ORIENTED_EDGE('',*,*,#3212,.F.);
#3212 = EDGE_CURVE('',#3213,#3192,#3215,.T.);
#3213 = VERTEX_POINT('',#3214);
#3214 = CARTESIAN_POINT('',(-4.374504370323,11.495812781793,-29.));
#3215 = SURFACE_CURVE('',#3216,(#3220,#3226),.PCURVE_S1.);
#3216 = LINE('',#3217,#3218);
#3217 = CARTESIAN_POINT('',(-4.058905160002,11.60938364004,-29.));
#3218 = VECTOR('',#3219,1.);
#3219 = DIRECTION('',(0.940930026436,0.338601071102,-0.));
#3220 = PCURVE('',#95,#3221);
#3221 = DEFINITIONAL_REPRESENTATION('',(#3222),#3225);
#3222 = B_SPLINE_CURVE_WITH_KNOTS('',1,(#3223,#3224),.UNSPECIFIED.,.F.,
  .F.,(2,2),(-0.335411987559,0.111803995853),.PIECEWISE_BEZIER_KNOTS.);
#3223 = CARTESIAN_POINT('',(-4.374504370323,11.495812781793));
#3224 = CARTESIAN_POINT('',(-3.953705423229,11.64724059279));
#3225 = ( GEOMETRIC_REPRESENTATION_CONTEXT(2) 
PARAMETRIC_REPRESENTATION_CONTEXT() REPRESENTATION_CONTEXT('2D SPACE',''
  ) );
#3226 = PCURVE('',#1980,#3227);
#3227 = DEFINITIONAL_REPRESENTATION('',(#3228),#3231);
#3228 = B_SPLINE_CURVE_WITH_KNOTS('',1,(#3229,#3230),.UNSPECIFIED.,.F.,
  .F.,(2,2),(-0.335411987559,0.111803995853),.PIECEWISE_BEZIER_KNOTS.);
#3229 = CARTESIAN_POINT('',(0.447215983412,-1.));
#3230 = CARTESIAN_POINT('',(0.,-1.));
#3231 = ( GEOMETRIC_REPRESENTATION_CONTEXT(2) 
PARAMETRIC_REPRESENTATION_CONTEXT() REPRESENTATION_CONTEXT('2D SPACE',''
  ) );
#3232 = ORIENTED_EDGE('',*,*,#3233,.F.);
#3233 = EDGE_CURVE('',#2199,#3213,#3234,.T.);
#3234 = SURFACE_CURVE('',#3235,(#3239,#3245),.PCURVE_S1.);
#3235 = LINE('',#3236,#3237);
#3236 = CARTESIAN_POINT('',(-4.478258356853,11.454156524546,-29.));
#3237 = VECTOR('',#3238,1.);
#3238 = DIRECTION('',(0.927998912192,0.372582902144,-0.));
#3239 = PCURVE('',#95,#3240);
#3240 = DEFINITIONAL_REPRESENTATION('',(#3241),#3244);
#3241 = B_SPLINE_CURVE_WITH_KNOTS('',1,(#3242,#3243),.UNSPECIFIED.,.F.,
  .F.,(2,2),(-0.335411987559,0.111803995853),.PIECEWISE_BEZIER_KNOTS.);
#3242 = CARTESIAN_POINT('',(-4.789520316444,11.329187752808));
#3243 = CARTESIAN_POINT('',(-4.374504370323,11.495812781793));
#3244 = ( GEOMETRIC_REPRESENTATION_CONTEXT(2) 
PARAMETRIC_REPRESENTATION_CONTEXT() REPRESENTATION_CONTEXT('2D SPACE',''
  ) );
#3245 = PCURVE('',#2004,#3246);
#3246 = DEFINITIONAL_REPRESENTATION('',(#3247),#3250);
#3247 = B_SPLINE_CURVE_WITH_KNOTS('',1,(#3248,#3249),.UNSPECIFIED.,.F.,
  .F.,(2,2),(-0.335411987559,0.111803995853),.PIECEWISE_BEZIER_KNOTS.);
#3248 = CARTESIAN_POINT('',(0.447215983412,-1.));
#3249 = CARTESIAN_POINT('',(0.,-1.));
#3250 = ( GEOMETRIC_REPRESENTATION_CONTEXT(2) 
PARAMETRIC_REPRESENTATION_CONTEXT() REPRESENTATION_CONTEXT('2D SPACE',''
  ) );
#3251 = ADVANCED_FACE('',(#3252),#273,.F.);
#3252 = FACE_BOUND('',#3253,.F.);
#3253 = EDGE_LOOP('',(#3254,#3255,#3256,#3279));
#3254 = ORIENTED_EDGE('',*,*,#500,.T.);
#3255 = ORIENTED_EDGE('',*,*,#257,.T.);
#3256 = ORIENTED_EDGE('',*,*,#3257,.T.);
#3257 = EDGE_CURVE('',#258,#3258,#3260,.T.);
#3258 = VERTEX_POINT('',#3259);
#3259 = CARTESIAN_POINT('',(18.,1.5,-15.));
#3260 = SURFACE_CURVE('',#3261,(#3265,#3272),.PCURVE_S1.);
#3261 = LINE('',#3262,#3263);
#3262 = CARTESIAN_POINT('',(21.,1.5,-25.));
#3263 = VECTOR('',#3264,1.);
#3264 = DIRECTION('',(-0.287347885566,0.,0.957826285221));
#3265 = PCURVE('',#273,#3266);
#3266 = DEFINITIONAL_REPRESENTATION('',(#3267),#3271);
#3267 = LINE('',#3268,#3269);
#3268 = CARTESIAN_POINT('',(4.360076627228,2.139923372772));
#3269 = VECTOR('',#3270,1.);
#3270 = DIRECTION('',(-0.957826285221,-0.287347885566));
#3271 = ( GEOMETRIC_REPRESENTATION_CONTEXT(2) 
PARAMETRIC_REPRESENTATION_CONTEXT() REPRESENTATION_CONTEXT('2D SPACE',''
  ) );
#3272 = PCURVE('',#300,#3273);
#3273 = DEFINITIONAL_REPRESENTATION('',(#3274),#3278);
#3274 = LINE('',#3275,#3276);
#3275 = CARTESIAN_POINT('',(0.,1.5));
#3276 = VECTOR('',#3277,1.);
#3277 = DIRECTION('',(1.,0.));
#3278 = ( GEOMETRIC_REPRESENTATION_CONTEXT(2) 
PARAMETRIC_REPRESENTATION_CONTEXT() REPRESENTATION_CONTEXT('2D SPACE',''
  ) );
#3279 = ORIENTED_EDGE('',*,*,#3280,.T.);
#3280 = EDGE_CURVE('',#3258,#479,#3281,.T.);
#3281 = SURFACE_CURVE('',#3282,(#3286,#3293),.PCURVE_S1.);
#3282 = LINE('',#3283,#3284);
#3283 = CARTESIAN_POINT('',(18.,1.5,-15.));
#3284 = VECTOR('',#3285,1.);
#3285 = DIRECTION('',(0.,0.,-1.));
#3286 = PCURVE('',#273,#3287);
#3287 = DEFINITIONAL_REPRESENTATION('',(#3288),#3292);
#3288 = LINE('',#3289,#3290);
#3289 = CARTESIAN_POINT('',(-5.639923372772,-0.860076627228));
#3290 = VECTOR('',#3291,1.);
#3291 = DIRECTION('',(1.,0.));
#3292 = ( GEOMETRIC_REPRESENTATION_CONTEXT(2) 
PARAMETRIC_REPRESENTATION_CONTEXT() REPRESENTATION_CONTEXT('2D SPACE',''
  ) );
#3293 = PCURVE('',#387,#3294);
#3294 = DEFINITIONAL_REPRESENTATION('',(#3295),#3299);
#3295 = LINE('',#3296,#3297);
#3296 = CARTESIAN_POINT('',(10.01,-6.5));
#3297 = VECTOR('',#3298,1.);
#3298 = DIRECTION('',(-1.,0.));
#3299 = ( GEOMETRIC_REPRESENTATION_CONTEXT(2) 
PARAMETRIC_REPRESENTATION_CONTEXT() REPRESENTATION_CONTEXT('2D SPACE',''
  ) );
#3300 = ADVANCED_FACE('',(#3301),#300,.F.);
#3301 = FACE_BOUND('',#3302,.F.);
#3302 = EDGE_LOOP('',(#3303,#3326,#3347,#3348,#3349));
#3303 = ORIENTED_EDGE('',*,*,#3304,.T.);
#3304 = EDGE_CURVE('',#2121,#3305,#3307,.T.);
#3305 = VERTEX_POINT('',#3306);
#3306 = CARTESIAN_POINT('',(18.,-1.5,-15.));
#3307 = SURFACE_CURVE('',#3308,(#3312,#3319),.PCURVE_S1.);
#3308 = LINE('',#3309,#3310);
#3309 = CARTESIAN_POINT('',(21.,-1.5,-25.));
#3310 = VECTOR('',#3311,1.);
#3311 = DIRECTION('',(-0.287347885566,0.,0.957826285221));
#3312 = PCURVE('',#300,#3313);
#3313 = DEFINITIONAL_REPRESENTATION('',(#3314),#3318);
#3314 = LINE('',#3315,#3316);
#3315 = CARTESIAN_POINT('',(0.,-1.5));
#3316 = VECTOR('',#3317,1.);
#3317 = DIRECTION('',(1.,0.));
#3318 = ( GEOMETRIC_REPRESENTATION_CONTEXT(2) 
PARAMETRIC_REPRESENTATION_CONTEXT() REPRESENTATION_CONTEXT('2D SPACE',''
  ) );
#3319 = PCURVE('',#360,#3320);
#3320 = DEFINITIONAL_REPRESENTATION('',(#3321),#3325);
#3321 = LINE('',#3322,#3323);
#3322 = CARTESIAN_POINT('',(4.360076627228,2.139923372772));
#3323 = VECTOR('',#3324,1.);
#3324 = DIRECTION('',(-0.957826285221,-0.287347885566));
#3325 = ( GEOMETRIC_REPRESENTATION_CONTEXT(2) 
PARAMETRIC_REPRESENTATION_CONTEXT() REPRESENTATION_CONTEXT('2D SPACE',''
  ) );
#3326 = ORIENTED_EDGE('',*,*,#3327,.T.);
#3327 = EDGE_CURVE('',#3305,#3258,#3328,.T.);
#3328 = SURFACE_CURVE('',#3329,(#3333,#3340),.PCURVE_S1.);
#3329 = LINE('',#3330,#3331);
#3330 = CARTESIAN_POINT('',(18.,-1.5,-15.));
#3331 = VECTOR('',#3332,1.);
#3332 = DIRECTION('',(0.,1.,0.));
#3333 = PCURVE('',#300,#3334);
#3334 = DEFINITIONAL_REPRESENTATION('',(#3335),#3339);
#3335 = LINE('',#3336,#3337);
#3336 = CARTESIAN_POINT('',(10.440306508911,-1.5));
#3337 = VECTOR('',#3338,1.);
#3338 = DIRECTION('',(0.,1.));
#3339 = ( GEOMETRIC_REPRESENTATION_CONTEXT(2) 
PARAMETRIC_REPRESENTATION_CONTEXT() REPRESENTATION_CONTEXT('2D SPACE',''
  ) );
#3340 = PCURVE('',#387,#3341);
#3341 = DEFINITIONAL_REPRESENTATION('',(#3342),#3346);
#3342 = LINE('',#3343,#3344);
#3343 = CARTESIAN_POINT('',(10.01,-3.5));
#3344 = VECTOR('',#3345,1.);
#3345 = DIRECTION('',(0.,-1.));
#3346 = ( GEOMETRIC_REPRESENTATION_CONTEXT(2) 
PARAMETRIC_REPRESENTATION_CONTEXT() REPRESENTATION_CONTEXT('2D SPACE',''
  ) );
#3347 = ORIENTED_EDGE('',*,*,#3257,.F.);
#3348 = ORIENTED_EDGE('',*,*,#286,.T.);
#3349 = ORIENTED_EDGE('',*,*,#2143,.T.);
#3350 = ADVANCED_FACE('',(#3351),#331,.F.);
#3351 = FACE_BOUND('',#3352,.F.);
#3352 = EDGE_LOOP('',(#3353,#3354,#3355,#3378));
#3353 = ORIENTED_EDGE('',*,*,#315,.T.);
#3354 = ORIENTED_EDGE('',*,*,#2072,.T.);
#3355 = ORIENTED_EDGE('',*,*,#3356,.T.);
#3356 = EDGE_CURVE('',#2073,#3357,#3359,.T.);
#3357 = VERTEX_POINT('',#3358);
#3358 = CARTESIAN_POINT('',(-18.,-1.5,-15.));
#3359 = SURFACE_CURVE('',#3360,(#3364,#3371),.PCURVE_S1.);
#3360 = LINE('',#3361,#3362);
#3361 = CARTESIAN_POINT('',(-21.,-1.5,-25.));
#3362 = VECTOR('',#3363,1.);
#3363 = DIRECTION('',(0.287347885566,0.,0.957826285221));
#3364 = PCURVE('',#331,#3365);
#3365 = DEFINITIONAL_REPRESENTATION('',(#3366),#3370);
#3366 = LINE('',#3367,#3368);
#3367 = CARTESIAN_POINT('',(-4.360076627228,-2.139923372772));
#3368 = VECTOR('',#3369,1.);
#3369 = DIRECTION('',(0.957826285221,0.287347885566));
#3370 = ( GEOMETRIC_REPRESENTATION_CONTEXT(2) 
PARAMETRIC_REPRESENTATION_CONTEXT() REPRESENTATION_CONTEXT('2D SPACE',''
  ) );
#3371 = PCURVE('',#2035,#3372);
#3372 = DEFINITIONAL_REPRESENTATION('',(#3373),#3377);
#3373 = LINE('',#3374,#3375);
#3374 = CARTESIAN_POINT('',(0.,-1.5));
#3375 = VECTOR('',#3376,1.);
#3376 = DIRECTION('',(1.,0.));
#3377 = ( GEOMETRIC_REPRESENTATION_CONTEXT(2) 
PARAMETRIC_REPRESENTATION_CONTEXT() REPRESENTATION_CONTEXT('2D SPACE',''
  ) );
#3378 = ORIENTED_EDGE('',*,*,#3379,.T.);
#3379 = EDGE_CURVE('',#3357,#316,#3380,.T.);
#3380 = SURFACE_CURVE('',#3381,(#3385,#3392),.PCURVE_S1.);
#3381 = LINE('',#3382,#3383);
#3382 = CARTESIAN_POINT('',(-18.,-1.5,-15.));
#3383 = VECTOR('',#3384,1.);
#3384 = DIRECTION('',(0.,0.,-1.));
#3385 = PCURVE('',#331,#3386);
#3386 = DEFINITIONAL_REPRESENTATION('',(#3387),#3391);
#3387 = LINE('',#3388,#3389);
#3388 = CARTESIAN_POINT('',(5.639923372772,0.860076627228));
#3389 = VECTOR('',#3390,1.);
#3390 = DIRECTION('',(-1.,0.));
#3391 = ( GEOMETRIC_REPRESENTATION_CONTEXT(2) 
PARAMETRIC_REPRESENTATION_CONTEXT() REPRESENTATION_CONTEXT('2D SPACE',''
  ) );
#3392 = PCURVE('',#565,#3393);
#3393 = DEFINITIONAL_REPRESENTATION('',(#3394),#3398);
#3394 = LINE('',#3395,#3396);
#3395 = CARTESIAN_POINT('',(10.01,-3.5));
#3396 = VECTOR('',#3397,1.);
#3397 = DIRECTION('',(-1.,0.));
#3398 = ( GEOMETRIC_REPRESENTATION_CONTEXT(2) 
PARAMETRIC_REPRESENTATION_CONTEXT() REPRESENTATION_CONTEXT('2D SPACE',''
  ) );
#3399 = ADVANCED_FACE('',(#3400,#3526),#565,.F.);
#3400 = FACE_BOUND('',#3401,.F.);
#3401 = EDGE_LOOP('',(#3402,#3425,#3426,#3427,#3450,#3471,#3472,#3495));
#3402 = ORIENTED_EDGE('',*,*,#3403,.F.);
#3403 = EDGE_CURVE('',#631,#3404,#3406,.T.);
#3404 = VERTEX_POINT('',#3405);
#3405 = CARTESIAN_POINT('',(-18.,-5.,0.));
#3406 = SURFACE_CURVE('',#3407,(#3411,#3418),.PCURVE_S1.);
#3407 = LINE('',#3408,#3409);
#3408 = CARTESIAN_POINT('',(-18.,-5.,-25.01));
#3409 = VECTOR('',#3410,1.);
#3410 = DIRECTION('',(0.,0.,1.));
#3411 = PCURVE('',#565,#3412);
#3412 = DEFINITIONAL_REPRESENTATION('',(#3413),#3417);
#3413 = LINE('',#3414,#3415);
#3414 = CARTESIAN_POINT('',(0.,0.));
#3415 = VECTOR('',#3416,1.);
#3416 = DIRECTION('',(1.,0.));
#3417 = ( GEOMETRIC_REPRESENTATION_CONTEXT(2) 
PARAMETRIC_REPRESENTATION_CONTEXT() REPRESENTATION_CONTEXT('2D SPACE',''
  ) );
#3418 = PCURVE('',#645,#3419);
#3419 = DEFINITIONAL_REPRESENTATION('',(#3420),#3424);
#3420 = LINE('',#3421,#3422);
#3421 = CARTESIAN_POINT('',(0.,0.));
#3422 = VECTOR('',#3423,1.);
#3423 = DIRECTION('',(1.,0.));
#3424 = ( GEOMETRIC_REPRESENTATION_CONTEXT(2) 
PARAMETRIC_REPRESENTATION_CONTEXT() REPRESENTATION_CONTEXT('2D SPACE',''
  ) );
#3425 = ORIENTED_EDGE('',*,*,#656,.T.);
#3426 = ORIENTED_EDGE('',*,*,#3379,.F.);
#3427 = ORIENTED_EDGE('',*,*,#3428,.F.);
#3428 = EDGE_CURVE('',#3429,#3357,#3431,.T.);
#3429 = VERTEX_POINT('',#3430);
#3430 = CARTESIAN_POINT('',(-18.,1.5,-15.));
#3431 = SURFACE_CURVE('',#3432,(#3436,#3443),.PCURVE_S1.);
#3432 = LINE('',#3433,#3434);
#3433 = CARTESIAN_POINT('',(-18.,1.5,-15.));
#3434 = VECTOR('',#3435,1.);
#3435 = DIRECTION('',(0.,-1.,0.));
#3436 = PCURVE('',#565,#3437);
#3437 = DEFINITIONAL_REPRESENTATION('',(#3438),#3442);
#3438 = LINE('',#3439,#3440);
#3439 = CARTESIAN_POINT('',(10.01,-6.5));
#3440 = VECTOR('',#3441,1.);
#3441 = DIRECTION('',(0.,1.));
#3442 = ( GEOMETRIC_REPRESENTATION_CONTEXT(2) 
PARAMETRIC_REPRESENTATION_CONTEXT() REPRESENTATION_CONTEXT('2D SPACE',''
  ) );
#3443 = PCURVE('',#2035,#3444);
#3444 = DEFINITIONAL_REPRESENTATION('',(#3445),#3449);
#3445 = LINE('',#3446,#3447);
#3446 = CARTESIAN_POINT('',(10.440306508911,1.5));
#3447 = VECTOR('',#3448,1.);
#3448 = DIRECTION('',(0.,-1.));
#3449 = ( GEOMETRIC_REPRESENTATION_CONTEXT(2) 
PARAMETRIC_REPRESENTATION_CONTEXT() REPRESENTATION_CONTEXT('2D SPACE',''
  ) );
#3450 = ORIENTED_EDGE('',*,*,#3451,.T.);
#3451 = EDGE_CURVE('',#3429,#523,#3452,.T.);
#3452 = SURFACE_CURVE('',#3453,(#3457,#3464),.PCURVE_S1.);
#3453 = LINE('',#3454,#3455);
#3454 = CARTESIAN_POINT('',(-18.,1.5,-15.));
#3455 = VECTOR('',#3456,1.);
#3456 = DIRECTION('',(0.,0.,-1.));
#3457 = PCURVE('',#565,#3458);
#3458 = DEFINITIONAL_REPRESENTATION('',(#3459),#3463);
#3459 = LINE('',#3460,#3461);
#3460 = CARTESIAN_POINT('',(10.01,-6.5));
#3461 = VECTOR('',#3462,1.);
#3462 = DIRECTION('',(-1.,0.));
#3463 = ( GEOMETRIC_REPRESENTATION_CONTEXT(2) 
PARAMETRIC_REPRESENTATION_CONTEXT() REPRESENTATION_CONTEXT('2D SPACE',''
  ) );
#3464 = PCURVE('',#538,#3465);
#3465 = DEFINITIONAL_REPRESENTATION('',(#3466),#3470);
#3466 = LINE('',#3467,#3468);
#3467 = CARTESIAN_POINT('',(5.639923372772,0.860076627228));
#3468 = VECTOR('',#3469,1.);
#3469 = DIRECTION('',(-1.,0.));
#3470 = ( GEOMETRIC_REPRESENTATION_CONTEXT(2) 
PARAMETRIC_REPRESENTATION_CONTEXT() REPRESENTATION_CONTEXT('2D SPACE',''
  ) );
#3471 = ORIENTED_EDGE('',*,*,#550,.T.);
#3472 = ORIENTED_EDGE('',*,*,#3473,.T.);
#3473 = EDGE_CURVE('',#551,#3474,#3476,.T.);
#3474 = VERTEX_POINT('',#3475);
#3475 = CARTESIAN_POINT('',(-18.,5.,0.));
#3476 = SURFACE_CURVE('',#3477,(#3481,#3488),.PCURVE_S1.);
#3477 = LINE('',#3478,#3479);
#3478 = CARTESIAN_POINT('',(-18.,5.,-25.01));
#3479 = VECTOR('',#3480,1.);
#3480 = DIRECTION('',(0.,0.,1.));
#3481 = PCURVE('',#565,#3482);
#3482 = DEFINITIONAL_REPRESENTATION('',(#3483),#3487);
#3483 = LINE('',#3484,#3485);
#3484 = CARTESIAN_POINT('',(0.,-10.));
#3485 = VECTOR('',#3486,1.);
#3486 = DIRECTION('',(1.,0.));
#3487 = ( GEOMETRIC_REPRESENTATION_CONTEXT(2) 
PARAMETRIC_REPRESENTATION_CONTEXT() REPRESENTATION_CONTEXT('2D SPACE',''
  ) );
#3488 = PCURVE('',#592,#3489);
#3489 = DEFINITIONAL_REPRESENTATION('',(#3490),#3494);
#3490 = LINE('',#3491,#3492);
#3491 = CARTESIAN_POINT('',(0.,0.));
#3492 = VECTOR('',#3493,1.);
#3493 = DIRECTION('',(1.,0.));
#3494 = ( GEOMETRIC_REPRESENTATION_CONTEXT(2) 
PARAMETRIC_REPRESENTATION_CONTEXT() REPRESENTATION_CONTEXT('2D SPACE',''
  ) );
#3495 = ORIENTED_EDGE('',*,*,#3496,.F.);
#3496 = EDGE_CURVE('',#3404,#3474,#3497,.T.);
#3497 = SURFACE_CURVE('',#3498,(#3503,#3514),.PCURVE_S1.);
#3498 = CIRCLE('',#3499,5.);
#3499 = AXIS2_PLACEMENT_3D('',#3500,#3501,#3502);
#3500 = CARTESIAN_POINT('',(-18.,0.,0.));
#3501 = DIRECTION('',(-1.,0.,0.));
#3502 = DIRECTION('',(0.,-1.,0.));
#3503 = PCURVE('',#565,#3504);
#3504 = DEFINITIONAL_REPRESENTATION('',(#3505),#3513);
#3505 = ( BOUNDED_CURVE() B_SPLINE_CURVE(2,(#3506,#3507,#3508,#3509,
#3510,#3511,#3512),.UNSPECIFIED.,.T.,.F.) B_SPLINE_CURVE_WITH_KNOTS((1,2
    ,2,2,2,1),(-2.094395102393,0.,2.094395102393,4.188790204786,
6.28318530718,8.377580409573),.UNSPECIFIED.) CURVE() 
GEOMETRIC_REPRESENTATION_ITEM() RATIONAL_B_SPLINE_CURVE((1.,0.5,1.,0.5,
1.,0.5,1.)) REPRESENTATION_ITEM('') );
#3506 = CARTESIAN_POINT('',(25.01,0.));
#3507 = CARTESIAN_POINT('',(33.670254037844,0.));
#3508 = CARTESIAN_POINT('',(29.340127018922,-7.5));
#3509 = CARTESIAN_POINT('',(25.01,-15.));
#3510 = CARTESIAN_POINT('',(20.679872981078,-7.5));
#3511 = CARTESIAN_POINT('',(16.349745962156,-7.993605777301E-15));
#3512 = CARTESIAN_POINT('',(25.01,0.));
#3513 = ( GEOMETRIC_REPRESENTATION_CONTEXT(2) 
PARAMETRIC_REPRESENTATION_CONTEXT() REPRESENTATION_CONTEXT('2D SPACE',''
  ) );
#3514 = PCURVE('',#3515,#3520);
#3515 = CYLINDRICAL_SURFACE('',#3516,5.);
#3516 = AXIS2_PLACEMENT_3D('',#3517,#3518,#3519);
#3517 = CARTESIAN_POINT('',(-18.,0.,0.));
#3518 = DIRECTION('',(1.,0.,0.));
#3519 = DIRECTION('',(-0.,0.,1.));
#3520 = DEFINITIONAL_REPRESENTATION('',(#3521),#3525);
#3521 = LINE('',#3522,#3523);
#3522 = CARTESIAN_POINT('',(7.853981633974,0.));
#3523 = VECTOR('',#3524,1.);
#3524 = DIRECTION('',(-1.,-0.));
#3525 = ( GEOMETRIC_REPRESENTATION_CONTEXT(2) 
PARAMETRIC_REPRESENTATION_CONTEXT() REPRESENTATION_CONTEXT('2D SPACE',''
  ) );
#3526 = FACE_BOUND('',#3527,.F.);
#3527 = EDGE_LOOP('',(#3528));
#3528 = ORIENTED_EDGE('',*,*,#3529,.F.);
#3529 = EDGE_CURVE('',#3530,#3530,#3532,.T.);
#3530 = VERTEX_POINT('',#3531);
#3531 = CARTESIAN_POINT('',(-18.,4.163799117101E-16,1.7));
#3532 = SURFACE_CURVE('',#3533,(#3538,#3545),.PCURVE_S1.);
#3533 = CIRCLE('',#3534,1.7);
#3534 = AXIS2_PLACEMENT_3D('',#3535,#3536,#3537);
#3535 = CARTESIAN_POINT('',(-18.,0.,0.));
#3536 = DIRECTION('',(1.,0.,0.));
#3537 = DIRECTION('',(-0.,0.,1.));
#3538 = PCURVE('',#565,#3539);
#3539 = DEFINITIONAL_REPRESENTATION('',(#3540),#3544);
#3540 = CIRCLE('',#3541,1.7);
#3541 = AXIS2_PLACEMENT_2D('',#3542,#3543);
#3542 = CARTESIAN_POINT('',(25.01,-5.));
#3543 = DIRECTION('',(1.,0.));
#3544 = ( GEOMETRIC_REPRESENTATION_CONTEXT(2) 
PARAMETRIC_REPRESENTATION_CONTEXT() REPRESENTATION_CONTEXT('2D SPACE',''
  ) );
#3545 = PCURVE('',#3546,#3551);
#3546 = CYLINDRICAL_SURFACE('',#3547,1.7);
#3547 = AXIS2_PLACEMENT_3D('',#3548,#3549,#3550);
#3548 = CARTESIAN_POINT('',(-19.,0.,0.));
#3549 = DIRECTION('',(1.,0.,0.));
#3550 = DIRECTION('',(-0.,0.,1.));
#3551 = DEFINITIONAL_REPRESENTATION('',(#3552),#3556);
#3552 = LINE('',#3553,#3554);
#3553 = CARTESIAN_POINT('',(0.,1.));
#3554 = VECTOR('',#3555,1.);
#3555 = DIRECTION('',(1.,0.));
#3556 = ( GEOMETRIC_REPRESENTATION_CONTEXT(2) 
PARAMETRIC_REPRESENTATION_CONTEXT() REPRESENTATION_CONTEXT('2D SPACE',''
  ) );
#3557 = ADVANCED_FACE('',(#3558),#645,.F.);
#3558 = FACE_BOUND('',#3559,.F.);
#3559 = EDGE_LOOP('',(#3560,#3583,#3584,#3585));
#3560 = ORIENTED_EDGE('',*,*,#3561,.F.);
#3561 = EDGE_CURVE('',#604,#3562,#3564,.T.);
#3562 = VERTEX_POINT('',#3563);
#3563 = CARTESIAN_POINT('',(-15.,-5.,0.));
#3564 = SURFACE_CURVE('',#3565,(#3569,#3576),.PCURVE_S1.);
#3565 = LINE('',#3566,#3567);
#3566 = CARTESIAN_POINT('',(-15.,-5.,-25.01));
#3567 = VECTOR('',#3568,1.);
#3568 = DIRECTION('',(0.,0.,1.));
#3569 = PCURVE('',#645,#3570);
#3570 = DEFINITIONAL_REPRESENTATION('',(#3571),#3575);
#3571 = LINE('',#3572,#3573);
#3572 = CARTESIAN_POINT('',(0.,3.));
#3573 = VECTOR('',#3574,1.);
#3574 = DIRECTION('',(1.,0.));
#3575 = ( GEOMETRIC_REPRESENTATION_CONTEXT(2) 
PARAMETRIC_REPRESENTATION_CONTEXT() REPRESENTATION_CONTEXT('2D SPACE',''
  ) );
#3576 = PCURVE('',#618,#3577);
#3577 = DEFINITIONAL_REPRESENTATION('',(#3578),#3582);
#3578 = LINE('',#3579,#3580);
#3579 = CARTESIAN_POINT('',(0.,0.));
#3580 = VECTOR('',#3581,1.);
#3581 = DIRECTION('',(1.,0.));
#3582 = ( GEOMETRIC_REPRESENTATION_CONTEXT(2) 
PARAMETRIC_REPRESENTATION_CONTEXT() REPRESENTATION_CONTEXT('2D SPACE',''
  ) );
#3583 = ORIENTED_EDGE('',*,*,#630,.T.);
#3584 = ORIENTED_EDGE('',*,*,#3403,.T.);
#3585 = ORIENTED_EDGE('',*,*,#3586,.T.);
#3586 = EDGE_CURVE('',#3404,#3562,#3587,.T.);
#3587 = SURFACE_CURVE('',#3588,(#3592,#3599),.PCURVE_S1.);
#3588 = LINE('',#3589,#3590);
#3589 = CARTESIAN_POINT('',(-18.,-5.,0.));
#3590 = VECTOR('',#3591,1.);
#3591 = DIRECTION('',(1.,0.,-0.));
#3592 = PCURVE('',#645,#3593);
#3593 = DEFINITIONAL_REPRESENTATION('',(#3594),#3598);
#3594 = LINE('',#3595,#3596);
#3595 = CARTESIAN_POINT('',(25.01,0.));
#3596 = VECTOR('',#3597,1.);
#3597 = DIRECTION('',(0.,1.));
#3598 = ( GEOMETRIC_REPRESENTATION_CONTEXT(2) 
PARAMETRIC_REPRESENTATION_CONTEXT() REPRESENTATION_CONTEXT('2D SPACE',''
  ) );
#3599 = PCURVE('',#3515,#3600);
#3600 = DEFINITIONAL_REPRESENTATION('',(#3601),#3604);
#3601 = B_SPLINE_CURVE_WITH_KNOTS('',1,(#3602,#3603),.UNSPECIFIED.,.F.,
  .F.,(2,2),(0.,3.),.PIECEWISE_BEZIER_KNOTS.);
#3602 = CARTESIAN_POINT('',(7.853981633974,0.));
#3603 = CARTESIAN_POINT('',(7.853981633974,3.));
#3604 = ( GEOMETRIC_REPRESENTATION_CONTEXT(2) 
PARAMETRIC_REPRESENTATION_CONTEXT() REPRESENTATION_CONTEXT('2D SPACE',''
  ) );
#3605 = ADVANCED_FACE('',(#3606),#360,.T.);
#3606 = FACE_BOUND('',#3607,.T.);
#3607 = EDGE_LOOP('',(#3608,#3609,#3610,#3611));
#3608 = ORIENTED_EDGE('',*,*,#344,.T.);
#3609 = ORIENTED_EDGE('',*,*,#2120,.T.);
#3610 = ORIENTED_EDGE('',*,*,#3304,.T.);
#3611 = ORIENTED_EDGE('',*,*,#3612,.T.);
#3612 = EDGE_CURVE('',#3305,#345,#3613,.T.);
#3613 = SURFACE_CURVE('',#3614,(#3618,#3625),.PCURVE_S1.);
#3614 = LINE('',#3615,#3616);
#3615 = CARTESIAN_POINT('',(18.,-1.5,-15.));
#3616 = VECTOR('',#3617,1.);
#3617 = DIRECTION('',(0.,0.,-1.));
#3618 = PCURVE('',#360,#3619);
#3619 = DEFINITIONAL_REPRESENTATION('',(#3620),#3624);
#3620 = LINE('',#3621,#3622);
#3621 = CARTESIAN_POINT('',(-5.639923372772,-0.860076627228));
#3622 = VECTOR('',#3623,1.);
#3623 = DIRECTION('',(1.,0.));
#3624 = ( GEOMETRIC_REPRESENTATION_CONTEXT(2) 
PARAMETRIC_REPRESENTATION_CONTEXT() REPRESENTATION_CONTEXT('2D SPACE',''
  ) );
#3625 = PCURVE('',#387,#3626);
#3626 = DEFINITIONAL_REPRESENTATION('',(#3627),#3631);
#3627 = LINE('',#3628,#3629);
#3628 = CARTESIAN_POINT('',(10.01,-3.5));
#3629 = VECTOR('',#3630,1.);
#3630 = DIRECTION('',(-1.,0.));
#3631 = ( GEOMETRIC_REPRESENTATION_CONTEXT(2) 
PARAMETRIC_REPRESENTATION_CONTEXT() REPRESENTATION_CONTEXT('2D SPACE',''
  ) );
#3632 = ADVANCED_FACE('',(#3633,#3682),#618,.T.);
#3633 = FACE_BOUND('',#3634,.T.);
#3634 = EDGE_LOOP('',(#3635,#3636,#3637,#3660));
#3635 = ORIENTED_EDGE('',*,*,#3561,.F.);
#3636 = ORIENTED_EDGE('',*,*,#603,.T.);
#3637 = ORIENTED_EDGE('',*,*,#3638,.T.);
#3638 = EDGE_CURVE('',#578,#3639,#3641,.T.);
#3639 = VERTEX_POINT('',#3640);
#3640 = CARTESIAN_POINT('',(-15.,5.,0.));
#3641 = SURFACE_CURVE('',#3642,(#3646,#3653),.PCURVE_S1.);
#3642 = LINE('',#3643,#3644);
#3643 = CARTESIAN_POINT('',(-15.,5.,-25.01));
#3644 = VECTOR('',#3645,1.);
#3645 = DIRECTION('',(0.,0.,1.));
#3646 = PCURVE('',#618,#3647);
#3647 = DEFINITIONAL_REPRESENTATION('',(#3648),#3652);
#3648 = LINE('',#3649,#3650);
#3649 = CARTESIAN_POINT('',(0.,-10.));
#3650 = VECTOR('',#3651,1.);
#3651 = DIRECTION('',(1.,0.));
#3652 = ( GEOMETRIC_REPRESENTATION_CONTEXT(2) 
PARAMETRIC_REPRESENTATION_CONTEXT() REPRESENTATION_CONTEXT('2D SPACE',''
  ) );
#3653 = PCURVE('',#592,#3654);
#3654 = DEFINITIONAL_REPRESENTATION('',(#3655),#3659);
#3655 = LINE('',#3656,#3657);
#3656 = CARTESIAN_POINT('',(0.,3.));
#3657 = VECTOR('',#3658,1.);
#3658 = DIRECTION('',(1.,0.));
#3659 = ( GEOMETRIC_REPRESENTATION_CONTEXT(2) 
PARAMETRIC_REPRESENTATION_CONTEXT() REPRESENTATION_CONTEXT('2D SPACE',''
  ) );
#3660 = ORIENTED_EDGE('',*,*,#3661,.T.);
#3661 = EDGE_CURVE('',#3639,#3562,#3662,.T.);
#3662 = SURFACE_CURVE('',#3663,(#3668,#3675),.PCURVE_S1.);
#3663 = CIRCLE('',#3664,5.);
#3664 = AXIS2_PLACEMENT_3D('',#3665,#3666,#3667);
#3665 = CARTESIAN_POINT('',(-15.,0.,0.));
#3666 = DIRECTION('',(1.,0.,0.));
#3667 = DIRECTION('',(-0.,1.,0.));
#3668 = PCURVE('',#618,#3669);
#3669 = DEFINITIONAL_REPRESENTATION('',(#3670),#3674);
#3670 = CIRCLE('',#3671,5.);
#3671 = AXIS2_PLACEMENT_2D('',#3672,#3673);
#3672 = CARTESIAN_POINT('',(25.01,-5.));
#3673 = DIRECTION('',(0.,-1.));
#3674 = ( GEOMETRIC_REPRESENTATION_CONTEXT(2) 
PARAMETRIC_REPRESENTATION_CONTEXT() REPRESENTATION_CONTEXT('2D SPACE',''
  ) );
#3675 = PCURVE('',#3515,#3676);
#3676 = DEFINITIONAL_REPRESENTATION('',(#3677),#3681);
#3677 = LINE('',#3678,#3679);
#3678 = CARTESIAN_POINT('',(4.712388980385,3.));
#3679 = VECTOR('',#3680,1.);
#3680 = DIRECTION('',(1.,0.));
#3681 = ( GEOMETRIC_REPRESENTATION_CONTEXT(2) 
PARAMETRIC_REPRESENTATION_CONTEXT() REPRESENTATION_CONTEXT('2D SPACE',''
  ) );
#3682 = FACE_BOUND('',#3683,.T.);
#3683 = EDGE_LOOP('',(#3684));
#3684 = ORIENTED_EDGE('',*,*,#3685,.F.);
#3685 = EDGE_CURVE('',#3686,#3686,#3688,.T.);
#3686 = VERTEX_POINT('',#3687);
#3687 = CARTESIAN_POINT('',(-15.,4.163799117101E-16,1.7));
#3688 = SURFACE_CURVE('',#3689,(#3694,#3701),.PCURVE_S1.);
#3689 = CIRCLE('',#3690,1.7);
#3690 = AXIS2_PLACEMENT_3D('',#3691,#3692,#3693);
#3691 = CARTESIAN_POINT('',(-15.,0.,0.));
#3692 = DIRECTION('',(1.,0.,0.));
#3693 = DIRECTION('',(-0.,0.,1.));
#3694 = PCURVE('',#618,#3695);
#3695 = DEFINITIONAL_REPRESENTATION('',(#3696),#3700);
#3696 = CIRCLE('',#3697,1.7);
#3697 = AXIS2_PLACEMENT_2D('',#3698,#3699);
#3698 = CARTESIAN_POINT('',(25.01,-5.));
#3699 = DIRECTION('',(1.,0.));
#3700 = ( GEOMETRIC_REPRESENTATION_CONTEXT(2) 
PARAMETRIC_REPRESENTATION_CONTEXT() REPRESENTATION_CONTEXT('2D SPACE',''
  ) );
#3701 = PCURVE('',#3546,#3702);
#3702 = DEFINITIONAL_REPRESENTATION('',(#3703),#3707);
#3703 = LINE('',#3704,#3705);
#3704 = CARTESIAN_POINT('',(0.,4.));
#3705 = VECTOR('',#3706,1.);
#3706 = DIRECTION('',(1.,0.));
#3707 = ( GEOMETRIC_REPRESENTATION_CONTEXT(2) 
PARAMETRIC_REPRESENTATION_CONTEXT() REPRESENTATION_CONTEXT('2D SPACE',''
  ) );
#3708 = ADVANCED_FACE('',(#3709,#3789),#387,.T.);
#3709 = FACE_BOUND('',#3710,.T.);
#3710 = EDGE_LOOP('',(#3711,#3734,#3735,#3736,#3737,#3738,#3739,#3762));
#3711 = ORIENTED_EDGE('',*,*,#3712,.F.);
#3712 = EDGE_CURVE('',#373,#3713,#3715,.T.);
#3713 = VERTEX_POINT('',#3714);
#3714 = CARTESIAN_POINT('',(18.,-5.,0.));
#3715 = SURFACE_CURVE('',#3716,(#3720,#3727),.PCURVE_S1.);
#3716 = LINE('',#3717,#3718);
#3717 = CARTESIAN_POINT('',(18.,-5.,-25.01));
#3718 = VECTOR('',#3719,1.);
#3719 = DIRECTION('',(0.,0.,1.));
#3720 = PCURVE('',#387,#3721);
#3721 = DEFINITIONAL_REPRESENTATION('',(#3722),#3726);
#3722 = LINE('',#3723,#3724);
#3723 = CARTESIAN_POINT('',(0.,0.));
#3724 = VECTOR('',#3725,1.);
#3725 = DIRECTION('',(1.,0.));
#3726 = ( GEOMETRIC_REPRESENTATION_CONTEXT(2) 
PARAMETRIC_REPRESENTATION_CONTEXT() REPRESENTATION_CONTEXT('2D SPACE',''
  ) );
#3727 = PCURVE('',#414,#3728);
#3728 = DEFINITIONAL_REPRESENTATION('',(#3729),#3733);
#3729 = LINE('',#3730,#3731);
#3730 = CARTESIAN_POINT('',(0.,3.));
#3731 = VECTOR('',#3732,1.);
#3732 = DIRECTION('',(1.,0.));
#3733 = ( GEOMETRIC_REPRESENTATION_CONTEXT(2) 
PARAMETRIC_REPRESENTATION_CONTEXT() REPRESENTATION_CONTEXT('2D SPACE',''
  ) );
#3734 = ORIENTED_EDGE('',*,*,#372,.T.);
#3735 = ORIENTED_EDGE('',*,*,#3612,.F.);
#3736 = ORIENTED_EDGE('',*,*,#3327,.T.);
#3737 = ORIENTED_EDGE('',*,*,#3280,.T.);
#3738 = ORIENTED_EDGE('',*,*,#478,.T.);
#3739 = ORIENTED_EDGE('',*,*,#3740,.T.);
#3740 = EDGE_CURVE('',#453,#3741,#3743,.T.);
#3741 = VERTEX_POINT('',#3742);
#3742 = CARTESIAN_POINT('',(18.,5.,0.));
#3743 = SURFACE_CURVE('',#3744,(#3748,#3755),.PCURVE_S1.);
#3744 = LINE('',#3745,#3746);
#3745 = CARTESIAN_POINT('',(18.,5.,-25.01));
#3746 = VECTOR('',#3747,1.);
#3747 = DIRECTION('',(0.,0.,1.));
#3748 = PCURVE('',#387,#3749);
#3749 = DEFINITIONAL_REPRESENTATION('',(#3750),#3754);
#3750 = LINE('',#3751,#3752);
#3751 = CARTESIAN_POINT('',(0.,-10.));
#3752 = VECTOR('',#3753,1.);
#3753 = DIRECTION('',(1.,0.));
#3754 = ( GEOMETRIC_REPRESENTATION_CONTEXT(2) 
PARAMETRIC_REPRESENTATION_CONTEXT() REPRESENTATION_CONTEXT('2D SPACE',''
  ) );
#3755 = PCURVE('',#467,#3756);
#3756 = DEFINITIONAL_REPRESENTATION('',(#3757),#3761);
#3757 = LINE('',#3758,#3759);
#3758 = CARTESIAN_POINT('',(0.,3.));
#3759 = VECTOR('',#3760,1.);
#3760 = DIRECTION('',(1.,0.));
#3761 = ( GEOMETRIC_REPRESENTATION_CONTEXT(2) 
PARAMETRIC_REPRESENTATION_CONTEXT() REPRESENTATION_CONTEXT('2D SPACE',''
  ) );
#3762 = ORIENTED_EDGE('',*,*,#3763,.T.);
#3763 = EDGE_CURVE('',#3741,#3713,#3764,.T.);
#3764 = SURFACE_CURVE('',#3765,(#3770,#3777),.PCURVE_S1.);
#3765 = CIRCLE('',#3766,5.);
#3766 = AXIS2_PLACEMENT_3D('',#3767,#3768,#3769);
#3767 = CARTESIAN_POINT('',(18.,0.,0.));
#3768 = DIRECTION('',(1.,0.,0.));
#3769 = DIRECTION('',(-0.,1.,0.));
#3770 = PCURVE('',#387,#3771);
#3771 = DEFINITIONAL_REPRESENTATION('',(#3772),#3776);
#3772 = CIRCLE('',#3773,5.);
#3773 = AXIS2_PLACEMENT_2D('',#3774,#3775);
#3774 = CARTESIAN_POINT('',(25.01,-5.));
#3775 = DIRECTION('',(0.,-1.));
#3776 = ( GEOMETRIC_REPRESENTATION_CONTEXT(2) 
PARAMETRIC_REPRESENTATION_CONTEXT() REPRESENTATION_CONTEXT('2D SPACE',''
  ) );
#3777 = PCURVE('',#3778,#3783);
#3778 = CYLINDRICAL_SURFACE('',#3779,5.);
#3779 = AXIS2_PLACEMENT_3D('',#3780,#3781,#3782);
#3780 = CARTESIAN_POINT('',(15.,0.,0.));
#3781 = DIRECTION('',(1.,0.,0.));
#3782 = DIRECTION('',(-0.,0.,1.));
#3783 = DEFINITIONAL_REPRESENTATION('',(#3784),#3788);
#3784 = LINE('',#3785,#3786);
#3785 = CARTESIAN_POINT('',(4.712388980385,3.));
#3786 = VECTOR('',#3787,1.);
#3787 = DIRECTION('',(1.,0.));
#3788 = ( GEOMETRIC_REPRESENTATION_CONTEXT(2) 
PARAMETRIC_REPRESENTATION_CONTEXT() REPRESENTATION_CONTEXT('2D SPACE',''
  ) );
#3789 = FACE_BOUND('',#3790,.T.);
#3790 = EDGE_LOOP('',(#3791));
#3791 = ORIENTED_EDGE('',*,*,#3792,.T.);
#3792 = EDGE_CURVE('',#3793,#3793,#3795,.T.);
#3793 = VERTEX_POINT('',#3794);
#3794 = CARTESIAN_POINT('',(18.,4.163799117101E-16,-1.7));
#3795 = SURFACE_CURVE('',#3796,(#3801,#3812),.PCURVE_S1.);
#3796 = CIRCLE('',#3797,1.7);
#3797 = AXIS2_PLACEMENT_3D('',#3798,#3799,#3800);
#3798 = CARTESIAN_POINT('',(18.,0.,0.));
#3799 = DIRECTION('',(-1.,0.,0.));
#3800 = DIRECTION('',(0.,0.,-1.));
#3801 = PCURVE('',#387,#3802);
#3802 = DEFINITIONAL_REPRESENTATION('',(#3803),#3811);
#3803 = ( BOUNDED_CURVE() B_SPLINE_CURVE(2,(#3804,#3805,#3806,#3807,
#3808,#3809,#3810),.UNSPECIFIED.,.T.,.F.) B_SPLINE_CURVE_WITH_KNOTS((1,2
    ,2,2,2,1),(-2.094395102393,0.,2.094395102393,4.188790204786,
6.28318530718,8.377580409573),.UNSPECIFIED.) CURVE() 
GEOMETRIC_REPRESENTATION_ITEM() RATIONAL_B_SPLINE_CURVE((1.,0.5,1.,0.5,
1.,0.5,1.)) REPRESENTATION_ITEM('') );
#3804 = CARTESIAN_POINT('',(23.31,-5.));
#3805 = CARTESIAN_POINT('',(23.31,-2.055513627133));
#3806 = CARTESIAN_POINT('',(25.86,-3.527756813566));
#3807 = CARTESIAN_POINT('',(28.41,-5.));
#3808 = CARTESIAN_POINT('',(25.86,-6.472243186434));
#3809 = CARTESIAN_POINT('',(23.31,-7.944486372867));
#3810 = CARTESIAN_POINT('',(23.31,-5.));
#3811 = ( GEOMETRIC_REPRESENTATION_CONTEXT(2) 
PARAMETRIC_REPRESENTATION_CONTEXT() REPRESENTATION_CONTEXT('2D SPACE',''
  ) );
#3812 = PCURVE('',#3813,#3818);
#3813 = CYLINDRICAL_SURFACE('',#3814,1.7);
#3814 = AXIS2_PLACEMENT_3D('',#3815,#3816,#3817);
#3815 = CARTESIAN_POINT('',(19.,0.,0.));
#3816 = DIRECTION('',(-1.,0.,0.));
#3817 = DIRECTION('',(0.,0.,-1.));
#3818 = DEFINITIONAL_REPRESENTATION('',(#3819),#3823);
#3819 = LINE('',#3820,#3821);
#3820 = CARTESIAN_POINT('',(0.,1.));
#3821 = VECTOR('',#3822,1.);
#3822 = DIRECTION('',(1.,0.));
#3823 = ( GEOMETRIC_REPRESENTATION_CONTEXT(2) 
PARAMETRIC_REPRESENTATION_CONTEXT() REPRESENTATION_CONTEXT('2D SPACE',''
  ) );
#3824 = ADVANCED_FACE('',(#3825),#592,.T.);
#3825 = FACE_BOUND('',#3826,.T.);
#3826 = EDGE_LOOP('',(#3827,#3828,#3829,#3830));
#3827 = ORIENTED_EDGE('',*,*,#3638,.F.);
#3828 = ORIENTED_EDGE('',*,*,#577,.T.);
#3829 = ORIENTED_EDGE('',*,*,#3473,.T.);
#3830 = ORIENTED_EDGE('',*,*,#3831,.T.);
#3831 = EDGE_CURVE('',#3474,#3639,#3832,.T.);
#3832 = SURFACE_CURVE('',#3833,(#3837,#3844),.PCURVE_S1.);
#3833 = LINE('',#3834,#3835);
#3834 = CARTESIAN_POINT('',(-18.,5.,0.));
#3835 = VECTOR('',#3836,1.);
#3836 = DIRECTION('',(1.,0.,-0.));
#3837 = PCURVE('',#592,#3838);
#3838 = DEFINITIONAL_REPRESENTATION('',(#3839),#3843);
#3839 = LINE('',#3840,#3841);
#3840 = CARTESIAN_POINT('',(25.01,0.));
#3841 = VECTOR('',#3842,1.);
#3842 = DIRECTION('',(0.,1.));
#3843 = ( GEOMETRIC_REPRESENTATION_CONTEXT(2) 
PARAMETRIC_REPRESENTATION_CONTEXT() REPRESENTATION_CONTEXT('2D SPACE',''
  ) );
#3844 = PCURVE('',#3515,#3845);
#3845 = DEFINITIONAL_REPRESENTATION('',(#3846),#3849);
#3846 = B_SPLINE_CURVE_WITH_KNOTS('',1,(#3847,#3848),.UNSPECIFIED.,.F.,
  .F.,(2,2),(0.,3.),.PIECEWISE_BEZIER_KNOTS.);
#3847 = CARTESIAN_POINT('',(4.712388980385,0.));
#3848 = CARTESIAN_POINT('',(4.712388980385,3.));
#3849 = ( GEOMETRIC_REPRESENTATION_CONTEXT(2) 
PARAMETRIC_REPRESENTATION_CONTEXT() REPRESENTATION_CONTEXT('2D SPACE',''
  ) );
#3850 = ADVANCED_FACE('',(#3851),#414,.F.);
#3851 = FACE_BOUND('',#3852,.F.);
#3852 = EDGE_LOOP('',(#3853,#3854,#3855,#3878));
#3853 = ORIENTED_EDGE('',*,*,#3712,.F.);
#3854 = ORIENTED_EDGE('',*,*,#399,.T.);
#3855 = ORIENTED_EDGE('',*,*,#3856,.T.);
#3856 = EDGE_CURVE('',#400,#3857,#3859,.T.);
#3857 = VERTEX_POINT('',#3858);
#3858 = CARTESIAN_POINT('',(15.,-5.,0.));
#3859 = SURFACE_CURVE('',#3860,(#3864,#3871),.PCURVE_S1.);
#3860 = LINE('',#3861,#3862);
#3861 = CARTESIAN_POINT('',(15.,-5.,-25.01));
#3862 = VECTOR('',#3863,1.);
#3863 = DIRECTION('',(0.,0.,1.));
#3864 = PCURVE('',#414,#3865);
#3865 = DEFINITIONAL_REPRESENTATION('',(#3866),#3870);
#3866 = LINE('',#3867,#3868);
#3867 = CARTESIAN_POINT('',(0.,0.));
#3868 = VECTOR('',#3869,1.);
#3869 = DIRECTION('',(1.,0.));
#3870 = ( GEOMETRIC_REPRESENTATION_CONTEXT(2) 
PARAMETRIC_REPRESENTATION_CONTEXT() REPRESENTATION_CONTEXT('2D SPACE',''
  ) );
#3871 = PCURVE('',#440,#3872);
#3872 = DEFINITIONAL_REPRESENTATION('',(#3873),#3877);
#3873 = LINE('',#3874,#3875);
#3874 = CARTESIAN_POINT('',(0.,0.));
#3875 = VECTOR('',#3876,1.);
#3876 = DIRECTION('',(1.,0.));
#3877 = ( GEOMETRIC_REPRESENTATION_CONTEXT(2) 
PARAMETRIC_REPRESENTATION_CONTEXT() REPRESENTATION_CONTEXT('2D SPACE',''
  ) );
#3878 = ORIENTED_EDGE('',*,*,#3879,.T.);
#3879 = EDGE_CURVE('',#3857,#3713,#3880,.T.);
#3880 = SURFACE_CURVE('',#3881,(#3885,#3892),.PCURVE_S1.);
#3881 = LINE('',#3882,#3883);
#3882 = CARTESIAN_POINT('',(15.,-5.,0.));
#3883 = VECTOR('',#3884,1.);
#3884 = DIRECTION('',(1.,0.,-0.));
#3885 = PCURVE('',#414,#3886);
#3886 = DEFINITIONAL_REPRESENTATION('',(#3887),#3891);
#3887 = LINE('',#3888,#3889);
#3888 = CARTESIAN_POINT('',(25.01,0.));
#3889 = VECTOR('',#3890,1.);
#3890 = DIRECTION('',(0.,1.));
#3891 = ( GEOMETRIC_REPRESENTATION_CONTEXT(2) 
PARAMETRIC_REPRESENTATION_CONTEXT() REPRESENTATION_CONTEXT('2D SPACE',''
  ) );
#3892 = PCURVE('',#3778,#3893);
#3893 = DEFINITIONAL_REPRESENTATION('',(#3894),#3897);
#3894 = B_SPLINE_CURVE_WITH_KNOTS('',1,(#3895,#3896),.UNSPECIFIED.,.F.,
  .F.,(2,2),(0.,3.),.PIECEWISE_BEZIER_KNOTS.);
#3895 = CARTESIAN_POINT('',(7.853981633974,0.));
#3896 = CARTESIAN_POINT('',(7.853981633974,3.));
#3897 = ( GEOMETRIC_REPRESENTATION_CONTEXT(2) 
PARAMETRIC_REPRESENTATION_CONTEXT() REPRESENTATION_CONTEXT('2D SPACE',''
  ) );
#3898 = ADVANCED_FACE('',(#3899,#3952),#440,.F.);
#3899 = FACE_BOUND('',#3900,.F.);
#3900 = EDGE_LOOP('',(#3901,#3902,#3903,#3926));
#3901 = ORIENTED_EDGE('',*,*,#3856,.F.);
#3902 = ORIENTED_EDGE('',*,*,#425,.T.);
#3903 = ORIENTED_EDGE('',*,*,#3904,.T.);
#3904 = EDGE_CURVE('',#426,#3905,#3907,.T.);
#3905 = VERTEX_POINT('',#3906);
#3906 = CARTESIAN_POINT('',(15.,5.,0.));
#3907 = SURFACE_CURVE('',#3908,(#3912,#3919),.PCURVE_S1.);
#3908 = LINE('',#3909,#3910);
#3909 = CARTESIAN_POINT('',(15.,5.,-25.01));
#3910 = VECTOR('',#3911,1.);
#3911 = DIRECTION('',(0.,0.,1.));
#3912 = PCURVE('',#440,#3913);
#3913 = DEFINITIONAL_REPRESENTATION('',(#3914),#3918);
#3914 = LINE('',#3915,#3916);
#3915 = CARTESIAN_POINT('',(0.,-10.));
#3916 = VECTOR('',#3917,1.);
#3917 = DIRECTION('',(1.,0.));
#3918 = ( GEOMETRIC_REPRESENTATION_CONTEXT(2) 
PARAMETRIC_REPRESENTATION_CONTEXT() REPRESENTATION_CONTEXT('2D SPACE',''
  ) );
#3919 = PCURVE('',#467,#3920);
#3920 = DEFINITIONAL_REPRESENTATION('',(#3921),#3925);
#3921 = LINE('',#3922,#3923);
#3922 = CARTESIAN_POINT('',(0.,0.));
#3923 = VECTOR('',#3924,1.);
#3924 = DIRECTION('',(1.,0.));
#3925 = ( GEOMETRIC_REPRESENTATION_CONTEXT(2) 
PARAMETRIC_REPRESENTATION_CONTEXT() REPRESENTATION_CONTEXT('2D SPACE',''
  ) );
#3926 = ORIENTED_EDGE('',*,*,#3927,.F.);
#3927 = EDGE_CURVE('',#3857,#3905,#3928,.T.);
#3928 = SURFACE_CURVE('',#3929,(#3934,#3945),.PCURVE_S1.);
#3929 = CIRCLE('',#3930,5.);
#3930 = AXIS2_PLACEMENT_3D('',#3931,#3932,#3933);
#3931 = CARTESIAN_POINT('',(15.,0.,0.));
#3932 = DIRECTION('',(-1.,0.,0.));
#3933 = DIRECTION('',(0.,-1.,0.));
#3934 = PCURVE('',#440,#3935);
#3935 = DEFINITIONAL_REPRESENTATION('',(#3936),#3944);
#3936 = ( BOUNDED_CURVE() B_SPLINE_CURVE(2,(#3937,#3938,#3939,#3940,
#3941,#3942,#3943),.UNSPECIFIED.,.T.,.F.) B_SPLINE_CURVE_WITH_KNOTS((1,2
    ,2,2,2,1),(-2.094395102393,0.,2.094395102393,4.188790204786,
6.28318530718,8.377580409573),.UNSPECIFIED.) CURVE() 
GEOMETRIC_REPRESENTATION_ITEM() RATIONAL_B_SPLINE_CURVE((1.,0.5,1.,0.5,
1.,0.5,1.)) REPRESENTATION_ITEM('') );
#3937 = CARTESIAN_POINT('',(25.01,0.));
#3938 = CARTESIAN_POINT('',(33.670254037844,0.));
#3939 = CARTESIAN_POINT('',(29.340127018922,-7.5));
#3940 = CARTESIAN_POINT('',(25.01,-15.));
#3941 = CARTESIAN_POINT('',(20.679872981078,-7.5));
#3942 = CARTESIAN_POINT('',(16.349745962156,-7.993605777301E-15));
#3943 = CARTESIAN_POINT('',(25.01,0.));
#3944 = ( GEOMETRIC_REPRESENTATION_CONTEXT(2) 
PARAMETRIC_REPRESENTATION_CONTEXT() REPRESENTATION_CONTEXT('2D SPACE',''
  ) );
#3945 = PCURVE('',#3778,#3946);
#3946 = DEFINITIONAL_REPRESENTATION('',(#3947),#3951);
#3947 = LINE('',#3948,#3949);
#3948 = CARTESIAN_POINT('',(7.853981633974,0.));
#3949 = VECTOR('',#3950,1.);
#3950 = DIRECTION('',(-1.,-0.));
#3951 = ( GEOMETRIC_REPRESENTATION_CONTEXT(2) 
PARAMETRIC_REPRESENTATION_CONTEXT() REPRESENTATION_CONTEXT('2D SPACE',''
  ) );
#3952 = FACE_BOUND('',#3953,.F.);
#3953 = EDGE_LOOP('',(#3954));
#3954 = ORIENTED_EDGE('',*,*,#3955,.T.);
#3955 = EDGE_CURVE('',#3956,#3956,#3958,.T.);
#3956 = VERTEX_POINT('',#3957);
#3957 = CARTESIAN_POINT('',(15.,4.163799117101E-16,-1.7));
#3958 = SURFACE_CURVE('',#3959,(#3964,#3975),.PCURVE_S1.);
#3959 = CIRCLE('',#3960,1.7);
#3960 = AXIS2_PLACEMENT_3D('',#3961,#3962,#3963);
#3961 = CARTESIAN_POINT('',(15.,0.,0.));
#3962 = DIRECTION('',(-1.,0.,0.));
#3963 = DIRECTION('',(0.,0.,-1.));
#3964 = PCURVE('',#440,#3965);
#3965 = DEFINITIONAL_REPRESENTATION('',(#3966),#3974);
#3966 = ( BOUNDED_CURVE() B_SPLINE_CURVE(2,(#3967,#3968,#3969,#3970,
#3971,#3972,#3973),.UNSPECIFIED.,.T.,.F.) B_SPLINE_CURVE_WITH_KNOTS((1,2
    ,2,2,2,1),(-2.094395102393,0.,2.094395102393,4.188790204786,
6.28318530718,8.377580409573),.UNSPECIFIED.) CURVE() 
GEOMETRIC_REPRESENTATION_ITEM() RATIONAL_B_SPLINE_CURVE((1.,0.5,1.,0.5,
1.,0.5,1.)) REPRESENTATION_ITEM('') );
#3967 = CARTESIAN_POINT('',(23.31,-5.));
#3968 = CARTESIAN_POINT('',(23.31,-2.055513627133));
#3969 = CARTESIAN_POINT('',(25.86,-3.527756813566));
#3970 = CARTESIAN_POINT('',(28.41,-5.));
#3971 = CARTESIAN_POINT('',(25.86,-6.472243186434));
#3972 = CARTESIAN_POINT('',(23.31,-7.944486372867));
#3973 = CARTESIAN_POINT('',(23.31,-5.));
#3974 = ( GEOMETRIC_REPRESENTATION_CONTEXT(2) 
PARAMETRIC_REPRESENTATION_CONTEXT() REPRESENTATION_CONTEXT('2D SPACE',''
  ) );
#3975 = PCURVE('',#3813,#3976);
#3976 = DEFINITIONAL_REPRESENTATION('',(#3977),#3981);
#3977 = LINE('',#3978,#3979);
#3978 = CARTESIAN_POINT('',(0.,4.));
#3979 = VECTOR('',#3980,1.);
#3980 = DIRECTION('',(1.,0.));
#3981 = ( GEOMETRIC_REPRESENTATION_CONTEXT(2) 
PARAMETRIC_REPRESENTATION_CONTEXT() REPRESENTATION_CONTEXT('2D SPACE',''
  ) );
#3982 = ADVANCED_FACE('',(#3983),#538,.T.);
#3983 = FACE_BOUND('',#3984,.T.);
#3984 = EDGE_LOOP('',(#3985,#3986,#3987,#4008));
#3985 = ORIENTED_EDGE('',*,*,#522,.T.);
#3986 = ORIENTED_EDGE('',*,*,#2047,.T.);
#3987 = ORIENTED_EDGE('',*,*,#3988,.T.);
#3988 = EDGE_CURVE('',#2020,#3429,#3989,.T.);
#3989 = SURFACE_CURVE('',#3990,(#3994,#4001),.PCURVE_S1.);
#3990 = LINE('',#3991,#3992);
#3991 = CARTESIAN_POINT('',(-21.,1.5,-25.));
#3992 = VECTOR('',#3993,1.);
#3993 = DIRECTION('',(0.287347885566,0.,0.957826285221));
#3994 = PCURVE('',#538,#3995);
#3995 = DEFINITIONAL_REPRESENTATION('',(#3996),#4000);
#3996 = LINE('',#3997,#3998);
#3997 = CARTESIAN_POINT('',(-4.360076627228,-2.139923372772));
#3998 = VECTOR('',#3999,1.);
#3999 = DIRECTION('',(0.957826285221,0.287347885566));
#4000 = ( GEOMETRIC_REPRESENTATION_CONTEXT(2) 
PARAMETRIC_REPRESENTATION_CONTEXT() REPRESENTATION_CONTEXT('2D SPACE',''
  ) );
#4001 = PCURVE('',#2035,#4002);
#4002 = DEFINITIONAL_REPRESENTATION('',(#4003),#4007);
#4003 = LINE('',#4004,#4005);
#4004 = CARTESIAN_POINT('',(0.,1.5));
#4005 = VECTOR('',#4006,1.);
#4006 = DIRECTION('',(1.,0.));
#4007 = ( GEOMETRIC_REPRESENTATION_CONTEXT(2) 
PARAMETRIC_REPRESENTATION_CONTEXT() REPRESENTATION_CONTEXT('2D SPACE',''
  ) );
#4008 = ORIENTED_EDGE('',*,*,#3451,.T.);
#4009 = ADVANCED_FACE('',(#4010),#467,.T.);
#4010 = FACE_BOUND('',#4011,.T.);
#4011 = EDGE_LOOP('',(#4012,#4013,#4014,#4015));
#4012 = ORIENTED_EDGE('',*,*,#3740,.F.);
#4013 = ORIENTED_EDGE('',*,*,#452,.T.);
#4014 = ORIENTED_EDGE('',*,*,#3904,.T.);
#4015 = ORIENTED_EDGE('',*,*,#4016,.T.);
#4016 = EDGE_CURVE('',#3905,#3741,#4017,.T.);
#4017 = SURFACE_CURVE('',#4018,(#4022,#4029),.PCURVE_S1.);
#4018 = LINE('',#4019,#4020);
#4019 = CARTESIAN_POINT('',(15.,5.,0.));
#4020 = VECTOR('',#4021,1.);
#4021 = DIRECTION('',(1.,0.,-0.));
#4022 = PCURVE('',#467,#4023);
#4023 = DEFINITIONAL_REPRESENTATION('',(#4024),#4028);
#4024 = LINE('',#4025,#4026);
#4025 = CARTESIAN_POINT('',(25.01,0.));
#4026 = VECTOR('',#4027,1.);
#4027 = DIRECTION('',(0.,1.));
#4028 = ( GEOMETRIC_REPRESENTATION_CONTEXT(2) 
PARAMETRIC_REPRESENTATION_CONTEXT() REPRESENTATION_CONTEXT('2D SPACE',''
  ) );
#4029 = PCURVE('',#3778,#4030);
#4030 = DEFINITIONAL_REPRESENTATION('',(#4031),#4034);
#4031 = B_SPLINE_CURVE_WITH_KNOTS('',1,(#4032,#4033),.UNSPECIFIED.,.F.,
  .F.,(2,2),(0.,3.),.PIECEWISE_BEZIER_KNOTS.);
#4032 = CARTESIAN_POINT('',(4.712388980385,0.));
#4033 = CARTESIAN_POINT('',(4.712388980385,3.));
#4034 = ( GEOMETRIC_REPRESENTATION_CONTEXT(2) 
PARAMETRIC_REPRESENTATION_CONTEXT() REPRESENTATION_CONTEXT('2D SPACE',''
  ) );
#4035 = ADVANCED_FACE('',(#4036),#695,.F.);
#4036 = FACE_BOUND('',#4037,.F.);
#4037 = EDGE_LOOP('',(#4038,#4039,#4060,#4061));
#4038 = ORIENTED_EDGE('',*,*,#678,.F.);
#4039 = ORIENTED_EDGE('',*,*,#4040,.F.);
#4040 = EDGE_CURVE('',#2171,#679,#4041,.T.);
#4041 = SEAM_CURVE('',#4042,(#4046,#4053),.PCURVE_S1.);
#4042 = LINE('',#4043,#4044);
#4043 = CARTESIAN_POINT('',(4.15,-1.016456843292E-15,-30.));
#4044 = VECTOR('',#4045,1.);
#4045 = DIRECTION('',(0.,0.,1.));
#4046 = PCURVE('',#695,#4047);
#4047 = DEFINITIONAL_REPRESENTATION('',(#4048),#4052);
#4048 = LINE('',#4049,#4050);
#4049 = CARTESIAN_POINT('',(6.28318530718,-0.));
#4050 = VECTOR('',#4051,1.);
#4051 = DIRECTION('',(0.,1.));
#4052 = ( GEOMETRIC_REPRESENTATION_CONTEXT(2) 
PARAMETRIC_REPRESENTATION_CONTEXT() REPRESENTATION_CONTEXT('2D SPACE',''
  ) );
#4053 = PCURVE('',#695,#4054);
#4054 = DEFINITIONAL_REPRESENTATION('',(#4055),#4059);
#4055 = LINE('',#4056,#4057);
#4056 = CARTESIAN_POINT('',(0.,-0.));
#4057 = VECTOR('',#4058,1.);
#4058 = DIRECTION('',(0.,1.));
#4059 = ( GEOMETRIC_REPRESENTATION_CONTEXT(2) 
PARAMETRIC_REPRESENTATION_CONTEXT() REPRESENTATION_CONTEXT('2D SPACE',''
  ) );
#4060 = ORIENTED_EDGE('',*,*,#2170,.T.);
#4061 = ORIENTED_EDGE('',*,*,#4040,.T.);
#4062 = ADVANCED_FACE('',(#4063),#726,.F.);
#4063 = FACE_BOUND('',#4064,.F.);
#4064 = EDGE_LOOP('',(#4065,#4066,#4087,#4088));
#4065 = ORIENTED_EDGE('',*,*,#2196,.T.);
#4066 = ORIENTED_EDGE('',*,*,#4067,.T.);
#4067 = EDGE_CURVE('',#2199,#712,#4068,.T.);
#4068 = SURFACE_CURVE('',#4069,(#4073,#4080),.PCURVE_S1.);
#4069 = LINE('',#4070,#4071);
#4070 = CARTESIAN_POINT('',(-4.789520316444,11.329187752808,-30.));
#4071 = VECTOR('',#4072,1.);
#4072 = DIRECTION('',(0.,0.,1.));
#4073 = PCURVE('',#726,#4074);
#4074 = DEFINITIONAL_REPRESENTATION('',(#4075),#4079);
#4075 = LINE('',#4076,#4077);
#4076 = CARTESIAN_POINT('',(0.,0.));
#4077 = VECTOR('',#4078,1.);
#4078 = DIRECTION('',(0.,-1.));
#4079 = ( GEOMETRIC_REPRESENTATION_CONTEXT(2) 
PARAMETRIC_REPRESENTATION_CONTEXT() REPRESENTATION_CONTEXT('2D SPACE',''
  ) );
#4080 = PCURVE('',#2004,#4081);
#4081 = DEFINITIONAL_REPRESENTATION('',(#4082),#4086);
#4082 = LINE('',#4083,#4084);
#4083 = CARTESIAN_POINT('',(0.447215983412,0.));
#4084 = VECTOR('',#4085,1.);
#4085 = DIRECTION('',(0.,-1.));
#4086 = ( GEOMETRIC_REPRESENTATION_CONTEXT(2) 
PARAMETRIC_REPRESENTATION_CONTEXT() REPRESENTATION_CONTEXT('2D SPACE',''
  ) );
#4087 = ORIENTED_EDGE('',*,*,#709,.F.);
#4088 = ORIENTED_EDGE('',*,*,#4089,.F.);
#4089 = EDGE_CURVE('',#2197,#710,#4090,.T.);
#4090 = SURFACE_CURVE('',#4091,(#4095,#4102),.PCURVE_S1.);
#4091 = LINE('',#4092,#4093);
#4092 = CARTESIAN_POINT('',(-5.198204619411,11.147585780551,-30.));
#4093 = VECTOR('',#4094,1.);
#4094 = DIRECTION('',(0.,0.,1.));
#4095 = PCURVE('',#726,#4096);
#4096 = DEFINITIONAL_REPRESENTATION('',(#4097),#4101);
#4097 = LINE('',#4098,#4099);
#4098 = CARTESIAN_POINT('',(0.447215983412,0.));
#4099 = VECTOR('',#4100,1.);
#4100 = DIRECTION('',(0.,-1.));
#4101 = ( GEOMETRIC_REPRESENTATION_CONTEXT(2) 
PARAMETRIC_REPRESENTATION_CONTEXT() REPRESENTATION_CONTEXT('2D SPACE',''
  ) );
#4102 = PCURVE('',#754,#4103);
#4103 = DEFINITIONAL_REPRESENTATION('',(#4104),#4108);
#4104 = LINE('',#4105,#4106);
#4105 = CARTESIAN_POINT('',(5.148721293383,0.));
#4106 = VECTOR('',#4107,1.);
#4107 = DIRECTION('',(0.,1.));
#4108 = ( GEOMETRIC_REPRESENTATION_CONTEXT(2) 
PARAMETRIC_REPRESENTATION_CONTEXT() REPRESENTATION_CONTEXT('2D SPACE',''
  ) );
#4109 = ADVANCED_FACE('',(#4110),#2004,.F.);
#4110 = FACE_BOUND('',#4111,.F.);
#4111 = EDGE_LOOP('',(#4112,#4113,#4134,#4135));
#4112 = ORIENTED_EDGE('',*,*,#3233,.T.);
#4113 = ORIENTED_EDGE('',*,*,#4114,.T.);
#4114 = EDGE_CURVE('',#3213,#1966,#4115,.T.);
#4115 = SURFACE_CURVE('',#4116,(#4120,#4127),.PCURVE_S1.);
#4116 = LINE('',#4117,#4118);
#4117 = CARTESIAN_POINT('',(-4.374504370323,11.495812781793,-30.));
#4118 = VECTOR('',#4119,1.);
#4119 = DIRECTION('',(0.,0.,1.));
#4120 = PCURVE('',#2004,#4121);
#4121 = DEFINITIONAL_REPRESENTATION('',(#4122),#4126);
#4122 = LINE('',#4123,#4124);
#4123 = CARTESIAN_POINT('',(0.,0.));
#4124 = VECTOR('',#4125,1.);
#4125 = DIRECTION('',(0.,-1.));
#4126 = ( GEOMETRIC_REPRESENTATION_CONTEXT(2) 
PARAMETRIC_REPRESENTATION_CONTEXT() REPRESENTATION_CONTEXT('2D SPACE',''
  ) );
#4127 = PCURVE('',#1980,#4128);
#4128 = DEFINITIONAL_REPRESENTATION('',(#4129),#4133);
#4129 = LINE('',#4130,#4131);
#4130 = CARTESIAN_POINT('',(0.447215983412,0.));
#4131 = VECTOR('',#4132,1.);
#4132 = DIRECTION('',(0.,-1.));
#4133 = ( GEOMETRIC_REPRESENTATION_CONTEXT(2) 
PARAMETRIC_REPRESENTATION_CONTEXT() REPRESENTATION_CONTEXT('2D SPACE',''
  ) );
#4134 = ORIENTED_EDGE('',*,*,#1991,.F.);
#4135 = ORIENTED_EDGE('',*,*,#4067,.F.);
#4136 = ADVANCED_FACE('',(#4137),#1980,.F.);
#4137 = FACE_BOUND('',#4138,.F.);
#4138 = EDGE_LOOP('',(#4139,#4140,#4161,#4162));
#4139 = ORIENTED_EDGE('',*,*,#3212,.T.);
#4140 = ORIENTED_EDGE('',*,*,#4141,.T.);
#4141 = EDGE_CURVE('',#3192,#1940,#4142,.T.);
#4142 = SURFACE_CURVE('',#4143,(#4147,#4154),.PCURVE_S1.);
#4143 = LINE('',#4144,#4145);
#4144 = CARTESIAN_POINT('',(-3.953705423229,11.64724059279,-30.));
#4145 = VECTOR('',#4146,1.);
#4146 = DIRECTION('',(0.,0.,1.));
#4147 = PCURVE('',#1980,#4148);
#4148 = DEFINITIONAL_REPRESENTATION('',(#4149),#4153);
#4149 = LINE('',#4150,#4151);
#4150 = CARTESIAN_POINT('',(0.,0.));
#4151 = VECTOR('',#4152,1.);
#4152 = DIRECTION('',(0.,-1.));
#4153 = ( GEOMETRIC_REPRESENTATION_CONTEXT(2) 
PARAMETRIC_REPRESENTATION_CONTEXT() REPRESENTATION_CONTEXT('2D SPACE',''
  ) );
#4154 = PCURVE('',#1954,#4155);
#4155 = DEFINITIONAL_REPRESENTATION('',(#4156),#4160);
#4156 = LINE('',#4157,#4158);
#4157 = CARTESIAN_POINT('',(0.447215983412,0.));
#4158 = VECTOR('',#4159,1.);
#4159 = DIRECTION('',(0.,-1.));
#4160 = ( GEOMETRIC_REPRESENTATION_CONTEXT(2) 
PARAMETRIC_REPRESENTATION_CONTEXT() REPRESENTATION_CONTEXT('2D SPACE',''
  ) );
#4161 = ORIENTED_EDGE('',*,*,#1965,.F.);
#4162 = ORIENTED_EDGE('',*,*,#4114,.F.);
#4163 = ADVANCED_FACE('',(#4164),#1954,.F.);
#4164 = FACE_BOUND('',#4165,.F.);
#4165 = EDGE_LOOP('',(#4166,#4167,#4188,#4189));
#4166 = ORIENTED_EDGE('',*,*,#3191,.T.);
#4167 = ORIENTED_EDGE('',*,*,#4168,.T.);
#4168 = EDGE_CURVE('',#3171,#1914,#4169,.T.);
#4169 = SURFACE_CURVE('',#4170,(#4174,#4181),.PCURVE_S1.);
#4170 = LINE('',#4171,#4172);
#4171 = CARTESIAN_POINT('',(-3.527679762346,11.783271001481,-30.));
#4172 = VECTOR('',#4173,1.);
#4173 = DIRECTION('',(0.,0.,1.));
#4174 = PCURVE('',#1954,#4175);
#4175 = DEFINITIONAL_REPRESENTATION('',(#4176),#4180);
#4176 = LINE('',#4177,#4178);
#4177 = CARTESIAN_POINT('',(0.,0.));
#4178 = VECTOR('',#4179,1.);
#4179 = DIRECTION('',(0.,-1.));
#4180 = ( GEOMETRIC_REPRESENTATION_CONTEXT(2) 
PARAMETRIC_REPRESENTATION_CONTEXT() REPRESENTATION_CONTEXT('2D SPACE',''
  ) );
#4181 = PCURVE('',#1928,#4182);
#4182 = DEFINITIONAL_REPRESENTATION('',(#4183),#4187);
#4183 = LINE('',#4184,#4185);
#4184 = CARTESIAN_POINT('',(0.447215983412,0.));
#4185 = VECTOR('',#4186,1.);
#4186 = DIRECTION('',(0.,-1.));
#4187 = ( GEOMETRIC_REPRESENTATION_CONTEXT(2) 
PARAMETRIC_REPRESENTATION_CONTEXT() REPRESENTATION_CONTEXT('2D SPACE',''
  ) );
#4188 = ORIENTED_EDGE('',*,*,#1939,.F.);
#4189 = ORIENTED_EDGE('',*,*,#4141,.F.);
#4190 = ADVANCED_FACE('',(#4191),#1928,.F.);
#4191 = FACE_BOUND('',#4192,.F.);
#4192 = EDGE_LOOP('',(#4193,#4194,#4215,#4216));
#4193 = ORIENTED_EDGE('',*,*,#3170,.T.);
#4194 = ORIENTED_EDGE('',*,*,#4195,.T.);
#4195 = EDGE_CURVE('',#3150,#1888,#4196,.T.);
#4196 = SURFACE_CURVE('',#4197,(#4201,#4208),.PCURVE_S1.);
#4197 = LINE('',#4198,#4199);
#4198 = CARTESIAN_POINT('',(-3.096990584464,11.903724178581,-30.));
#4199 = VECTOR('',#4200,1.);
#4200 = DIRECTION('',(0.,0.,1.));
#4201 = PCURVE('',#1928,#4202);
#4202 = DEFINITIONAL_REPRESENTATION('',(#4203),#4207);
#4203 = LINE('',#4204,#4205);
#4204 = CARTESIAN_POINT('',(0.,0.));
#4205 = VECTOR('',#4206,1.);
#4206 = DIRECTION('',(0.,-1.));
#4207 = ( GEOMETRIC_REPRESENTATION_CONTEXT(2) 
PARAMETRIC_REPRESENTATION_CONTEXT() REPRESENTATION_CONTEXT('2D SPACE',''
  ) );
#4208 = PCURVE('',#1902,#4209);
#4209 = DEFINITIONAL_REPRESENTATION('',(#4210),#4214);
#4210 = LINE('',#4211,#4212);
#4211 = CARTESIAN_POINT('',(0.447215983412,0.));
#4212 = VECTOR('',#4213,1.);
#4213 = DIRECTION('',(0.,-1.));
#4214 = ( GEOMETRIC_REPRESENTATION_CONTEXT(2) 
PARAMETRIC_REPRESENTATION_CONTEXT() REPRESENTATION_CONTEXT('2D SPACE',''
  ) );
#4215 = ORIENTED_EDGE('',*,*,#1913,.F.);
#4216 = ORIENTED_EDGE('',*,*,#4168,.F.);
#4217 = ADVANCED_FACE('',(#4218),#1902,.F.);
#4218 = FACE_BOUND('',#4219,.F.);
#4219 = EDGE_LOOP('',(#4220,#4221,#4242,#4243));
#4220 = ORIENTED_EDGE('',*,*,#3149,.T.);
#4221 = ORIENTED_EDGE('',*,*,#4222,.T.);
#4222 = EDGE_CURVE('',#3129,#1862,#4223,.T.);
#4223 = SURFACE_CURVE('',#4224,(#4228,#4235),.PCURVE_S1.);
#4224 = LINE('',#4225,#4226);
#4225 = CARTESIAN_POINT('',(-2.662207251439,12.008440887575,-30.));
#4226 = VECTOR('',#4227,1.);
#4227 = DIRECTION('',(0.,0.,1.));
#4228 = PCURVE('',#1902,#4229);
#4229 = DEFINITIONAL_REPRESENTATION('',(#4230),#4234);
#4230 = LINE('',#4231,#4232);
#4231 = CARTESIAN_POINT('',(0.,0.));
#4232 = VECTOR('',#4233,1.);
#4233 = DIRECTION('',(0.,-1.));
#4234 = ( GEOMETRIC_REPRESENTATION_CONTEXT(2) 
PARAMETRIC_REPRESENTATION_CONTEXT() REPRESENTATION_CONTEXT('2D SPACE',''
  ) );
#4235 = PCURVE('',#1876,#4236);
#4236 = DEFINITIONAL_REPRESENTATION('',(#4237),#4241);
#4237 = LINE('',#4238,#4239);
#4238 = CARTESIAN_POINT('',(0.447215983412,0.));
#4239 = VECTOR('',#4240,1.);
#4240 = DIRECTION('',(0.,-1.));
#4241 = ( GEOMETRIC_REPRESENTATION_CONTEXT(2) 
PARAMETRIC_REPRESENTATION_CONTEXT() REPRESENTATION_CONTEXT('2D SPACE',''
  ) );
#4242 = ORIENTED_EDGE('',*,*,#1887,.F.);
#4243 = ORIENTED_EDGE('',*,*,#4195,.F.);
#4244 = ADVANCED_FACE('',(#4245),#1876,.F.);
#4245 = FACE_BOUND('',#4246,.F.);
#4246 = EDGE_LOOP('',(#4247,#4248,#4269,#4270));
#4247 = ORIENTED_EDGE('',*,*,#3128,.T.);
#4248 = ORIENTED_EDGE('',*,*,#4249,.T.);
#4249 = EDGE_CURVE('',#3108,#1836,#4250,.T.);
#4250 = SURFACE_CURVE('',#4251,(#4255,#4262),.PCURVE_S1.);
#4251 = LINE('',#4252,#4253);
#4252 = CARTESIAN_POINT('',(-2.223904537514,12.097282695218,-30.));
#4253 = VECTOR('',#4254,1.);
#4254 = DIRECTION('',(0.,0.,1.));
#4255 = PCURVE('',#1876,#4256);
#4256 = DEFINITIONAL_REPRESENTATION('',(#4257),#4261);
#4257 = LINE('',#4258,#4259);
#4258 = CARTESIAN_POINT('',(0.,0.));
#4259 = VECTOR('',#4260,1.);
#4260 = DIRECTION('',(0.,-1.));
#4261 = ( GEOMETRIC_REPRESENTATION_CONTEXT(2) 
PARAMETRIC_REPRESENTATION_CONTEXT() REPRESENTATION_CONTEXT('2D SPACE',''
  ) );
#4262 = PCURVE('',#1850,#4263);
#4263 = DEFINITIONAL_REPRESENTATION('',(#4264),#4268);
#4264 = LINE('',#4265,#4266);
#4265 = CARTESIAN_POINT('',(0.447215983412,0.));
#4266 = VECTOR('',#4267,1.);
#4267 = DIRECTION('',(0.,-1.));
#4268 = ( GEOMETRIC_REPRESENTATION_CONTEXT(2) 
PARAMETRIC_REPRESENTATION_CONTEXT() REPRESENTATION_CONTEXT('2D SPACE',''
  ) );
#4269 = ORIENTED_EDGE('',*,*,#1861,.F.);
#4270 = ORIENTED_EDGE('',*,*,#4222,.F.);
#4271 = ADVANCED_FACE('',(#4272),#1850,.F.);
#4272 = FACE_BOUND('',#4273,.F.);
#4273 = EDGE_LOOP('',(#4274,#4275,#4296,#4297));
#4274 = ORIENTED_EDGE('',*,*,#3107,.T.);
#4275 = ORIENTED_EDGE('',*,*,#4276,.T.);
#4276 = EDGE_CURVE('',#3087,#1810,#4277,.T.);
#4277 = SURFACE_CURVE('',#4278,(#4282,#4289),.PCURVE_S1.);
#4278 = LINE('',#4279,#4280);
#4279 = CARTESIAN_POINT('',(-1.782661869479,12.170132154546,-30.));
#4280 = VECTOR('',#4281,1.);
#4281 = DIRECTION('',(0.,0.,1.));
#4282 = PCURVE('',#1850,#4283);
#4283 = DEFINITIONAL_REPRESENTATION('',(#4284),#4288);
#4284 = LINE('',#4285,#4286);
#4285 = CARTESIAN_POINT('',(0.,0.));
#4286 = VECTOR('',#4287,1.);
#4287 = DIRECTION('',(0.,-1.));
#4288 = ( GEOMETRIC_REPRESENTATION_CONTEXT(2) 
PARAMETRIC_REPRESENTATION_CONTEXT() REPRESENTATION_CONTEXT('2D SPACE',''
  ) );
#4289 = PCURVE('',#1824,#4290);
#4290 = DEFINITIONAL_REPRESENTATION('',(#4291),#4295);
#4291 = LINE('',#4292,#4293);
#4292 = CARTESIAN_POINT('',(0.447215983412,0.));
#4293 = VECTOR('',#4294,1.);
#4294 = DIRECTION('',(0.,-1.));
#4295 = ( GEOMETRIC_REPRESENTATION_CONTEXT(2) 
PARAMETRIC_REPRESENTATION_CONTEXT() REPRESENTATION_CONTEXT('2D SPACE',''
  ) );
#4296 = ORIENTED_EDGE('',*,*,#1835,.F.);
#4297 = ORIENTED_EDGE('',*,*,#4249,.F.);
#4298 = ADVANCED_FACE('',(#4299),#1824,.F.);
#4299 = FACE_BOUND('',#4300,.F.);
#4300 = EDGE_LOOP('',(#4301,#4302,#4323,#4324));
#4301 = ORIENTED_EDGE('',*,*,#3086,.T.);
#4302 = ORIENTED_EDGE('',*,*,#4303,.T.);
#4303 = EDGE_CURVE('',#3066,#1784,#4304,.T.);
#4304 = SURFACE_CURVE('',#4305,(#4309,#4316),.PCURVE_S1.);
#4305 = LINE('',#4306,#4307);
#4306 = CARTESIAN_POINT('',(-1.339062560679,12.226892960135,-30.));
#4307 = VECTOR('',#4308,1.);
#4308 = DIRECTION('',(0.,0.,1.));
#4309 = PCURVE('',#1824,#4310);
#4310 = DEFINITIONAL_REPRESENTATION('',(#4311),#4315);
#4311 = LINE('',#4312,#4313);
#4312 = CARTESIAN_POINT('',(0.,0.));
#4313 = VECTOR('',#4314,1.);
#4314 = DIRECTION('',(0.,-1.));
#4315 = ( GEOMETRIC_REPRESENTATION_CONTEXT(2) 
PARAMETRIC_REPRESENTATION_CONTEXT() REPRESENTATION_CONTEXT('2D SPACE',''
  ) );
#4316 = PCURVE('',#1798,#4317);
#4317 = DEFINITIONAL_REPRESENTATION('',(#4318),#4322);
#4318 = LINE('',#4319,#4320);
#4319 = CARTESIAN_POINT('',(0.447215983412,0.));
#4320 = VECTOR('',#4321,1.);
#4321 = DIRECTION('',(0.,-1.));
#4322 = ( GEOMETRIC_REPRESENTATION_CONTEXT(2) 
PARAMETRIC_REPRESENTATION_CONTEXT() REPRESENTATION_CONTEXT('2D SPACE',''
  ) );
#4323 = ORIENTED_EDGE('',*,*,#1809,.F.);
#4324 = ORIENTED_EDGE('',*,*,#4276,.F.);
#4325 = ADVANCED_FACE('',(#4326),#1798,.F.);
#4326 = FACE_BOUND('',#4327,.F.);
#4327 = EDGE_LOOP('',(#4328,#4329,#4350,#4351));
#4328 = ORIENTED_EDGE('',*,*,#3065,.T.);
#4329 = ORIENTED_EDGE('',*,*,#4330,.T.);
#4330 = EDGE_CURVE('',#3045,#1758,#4331,.T.);
#4331 = SURFACE_CURVE('',#4332,(#4336,#4343),.PCURVE_S1.);
#4332 = LINE('',#4333,#4334);
#4333 = CARTESIAN_POINT('',(-0.893693039888,12.267490075417,-30.));
#4334 = VECTOR('',#4335,1.);
#4335 = DIRECTION('',(0.,0.,1.));
#4336 = PCURVE('',#1798,#4337);
#4337 = DEFINITIONAL_REPRESENTATION('',(#4338),#4342);
#4338 = LINE('',#4339,#4340);
#4339 = CARTESIAN_POINT('',(0.,0.));
#4340 = VECTOR('',#4341,1.);
#4341 = DIRECTION('',(0.,-1.));
#4342 = ( GEOMETRIC_REPRESENTATION_CONTEXT(2) 
PARAMETRIC_REPRESENTATION_CONTEXT() REPRESENTATION_CONTEXT('2D SPACE',''
  ) );
#4343 = PCURVE('',#1772,#4344);
#4344 = DEFINITIONAL_REPRESENTATION('',(#4345),#4349);
#4345 = LINE('',#4346,#4347);
#4346 = CARTESIAN_POINT('',(0.447215983412,0.));
#4347 = VECTOR('',#4348,1.);
#4348 = DIRECTION('',(0.,-1.));
#4349 = ( GEOMETRIC_REPRESENTATION_CONTEXT(2) 
PARAMETRIC_REPRESENTATION_CONTEXT() REPRESENTATION_CONTEXT('2D SPACE',''
  ) );
#4350 = ORIENTED_EDGE('',*,*,#1783,.F.);
#4351 = ORIENTED_EDGE('',*,*,#4303,.F.);
#4352 = ADVANCED_FACE('',(#4353),#1772,.F.);
#4353 = FACE_BOUND('',#4354,.F.);
#4354 = EDGE_LOOP('',(#4355,#4356,#4377,#4378));
#4355 = ORIENTED_EDGE('',*,*,#3044,.T.);
#4356 = ORIENTED_EDGE('',*,*,#4357,.T.);
#4357 = EDGE_CURVE('',#3024,#1732,#4358,.T.);
#4358 = SURFACE_CURVE('',#4359,(#4363,#4370),.PCURVE_S1.);
#4359 = LINE('',#4360,#4361);
#4360 = CARTESIAN_POINT('',(-0.447142076062,12.291869831877,-30.));
#4361 = VECTOR('',#4362,1.);
#4362 = DIRECTION('',(0.,0.,1.));
#4363 = PCURVE('',#1772,#4364);
#4364 = DEFINITIONAL_REPRESENTATION('',(#4365),#4369);
#4365 = LINE('',#4366,#4367);
#4366 = CARTESIAN_POINT('',(0.,0.));
#4367 = VECTOR('',#4368,1.);
#4368 = DIRECTION('',(0.,-1.));
#4369 = ( GEOMETRIC_REPRESENTATION_CONTEXT(2) 
PARAMETRIC_REPRESENTATION_CONTEXT() REPRESENTATION_CONTEXT('2D SPACE',''
  ) );
#4370 = PCURVE('',#1746,#4371);
#4371 = DEFINITIONAL_REPRESENTATION('',(#4372),#4376);
#4372 = LINE('',#4373,#4374);
#4373 = CARTESIAN_POINT('',(0.447215983412,0.));
#4374 = VECTOR('',#4375,1.);
#4375 = DIRECTION('',(0.,-1.));
#4376 = ( GEOMETRIC_REPRESENTATION_CONTEXT(2) 
PARAMETRIC_REPRESENTATION_CONTEXT() REPRESENTATION_CONTEXT('2D SPACE',''
  ) );
#4377 = ORIENTED_EDGE('',*,*,#1757,.F.);
#4378 = ORIENTED_EDGE('',*,*,#4330,.F.);
#4379 = ADVANCED_FACE('',(#4380),#1746,.F.);
#4380 = FACE_BOUND('',#4381,.F.);
#4381 = EDGE_LOOP('',(#4382,#4383,#4404,#4405));
#4382 = ORIENTED_EDGE('',*,*,#3023,.T.);
#4383 = ORIENTED_EDGE('',*,*,#4384,.T.);
#4384 = EDGE_CURVE('',#3003,#1706,#4385,.T.);
#4385 = SURFACE_CURVE('',#4386,(#4390,#4397),.PCURVE_S1.);
#4386 = LINE('',#4387,#4388);
#4387 = CARTESIAN_POINT('',(0.,12.3,-30.));
#4388 = VECTOR('',#4389,1.);
#4389 = DIRECTION('',(0.,0.,1.));
#4390 = PCURVE('',#1746,#4391);
#4391 = DEFINITIONAL_REPRESENTATION('',(#4392),#4396);
#4392 = LINE('',#4393,#4394);
#4393 = CARTESIAN_POINT('',(0.,0.));
#4394 = VECTOR('',#4395,1.);
#4395 = DIRECTION('',(0.,-1.));
#4396 = ( GEOMETRIC_REPRESENTATION_CONTEXT(2) 
PARAMETRIC_REPRESENTATION_CONTEXT() REPRESENTATION_CONTEXT('2D SPACE',''
  ) );
#4397 = PCURVE('',#1720,#4398);
#4398 = DEFINITIONAL_REPRESENTATION('',(#4399),#4403);
#4399 = LINE('',#4400,#4401);
#4400 = CARTESIAN_POINT('',(0.447215983412,0.));
#4401 = VECTOR('',#4402,1.);
#4402 = DIRECTION('',(0.,-1.));
#4403 = ( GEOMETRIC_REPRESENTATION_CONTEXT(2) 
PARAMETRIC_REPRESENTATION_CONTEXT() REPRESENTATION_CONTEXT('2D SPACE',''
  ) );
#4404 = ORIENTED_EDGE('',*,*,#1731,.F.);
#4405 = ORIENTED_EDGE('',*,*,#4357,.F.);
#4406 = ADVANCED_FACE('',(#4407),#1720,.F.);
#4407 = FACE_BOUND('',#4408,.F.);
#4408 = EDGE_LOOP('',(#4409,#4410,#4431,#4432));
#4409 = ORIENTED_EDGE('',*,*,#3002,.T.);
#4410 = ORIENTED_EDGE('',*,*,#4411,.T.);
#4411 = EDGE_CURVE('',#2982,#1680,#4412,.T.);
#4412 = SURFACE_CURVE('',#4413,(#4417,#4424),.PCURVE_S1.);
#4413 = LINE('',#4414,#4415);
#4414 = CARTESIAN_POINT('',(0.447142076062,12.291869831877,-30.));
#4415 = VECTOR('',#4416,1.);
#4416 = DIRECTION('',(0.,0.,1.));
#4417 = PCURVE('',#1720,#4418);
#4418 = DEFINITIONAL_REPRESENTATION('',(#4419),#4423);
#4419 = LINE('',#4420,#4421);
#4420 = CARTESIAN_POINT('',(0.,0.));
#4421 = VECTOR('',#4422,1.);
#4422 = DIRECTION('',(0.,-1.));
#4423 = ( GEOMETRIC_REPRESENTATION_CONTEXT(2) 
PARAMETRIC_REPRESENTATION_CONTEXT() REPRESENTATION_CONTEXT('2D SPACE',''
  ) );
#4424 = PCURVE('',#1694,#4425);
#4425 = DEFINITIONAL_REPRESENTATION('',(#4426),#4430);
#4426 = LINE('',#4427,#4428);
#4427 = CARTESIAN_POINT('',(0.447215983412,0.));
#4428 = VECTOR('',#4429,1.);
#4429 = DIRECTION('',(0.,-1.));
#4430 = ( GEOMETRIC_REPRESENTATION_CONTEXT(2) 
PARAMETRIC_REPRESENTATION_CONTEXT() REPRESENTATION_CONTEXT('2D SPACE',''
  ) );
#4431 = ORIENTED_EDGE('',*,*,#1705,.F.);
#4432 = ORIENTED_EDGE('',*,*,#4384,.F.);
#4433 = ADVANCED_FACE('',(#4434),#1694,.F.);
#4434 = FACE_BOUND('',#4435,.F.);
#4435 = EDGE_LOOP('',(#4436,#4437,#4458,#4459));
#4436 = ORIENTED_EDGE('',*,*,#2981,.T.);
#4437 = ORIENTED_EDGE('',*,*,#4438,.T.);
#4438 = EDGE_CURVE('',#2961,#1654,#4439,.T.);
#4439 = SURFACE_CURVE('',#4440,(#4444,#4451),.PCURVE_S1.);
#4440 = LINE('',#4441,#4442);
#4441 = CARTESIAN_POINT('',(0.893693039888,12.267490075417,-30.));
#4442 = VECTOR('',#4443,1.);
#4443 = DIRECTION('',(0.,0.,1.));
#4444 = PCURVE('',#1694,#4445);
#4445 = DEFINITIONAL_REPRESENTATION('',(#4446),#4450);
#4446 = LINE('',#4447,#4448);
#4447 = CARTESIAN_POINT('',(0.,0.));
#4448 = VECTOR('',#4449,1.);
#4449 = DIRECTION('',(0.,-1.));
#4450 = ( GEOMETRIC_REPRESENTATION_CONTEXT(2) 
PARAMETRIC_REPRESENTATION_CONTEXT() REPRESENTATION_CONTEXT('2D SPACE',''
  ) );
#4451 = PCURVE('',#1668,#4452);
#4452 = DEFINITIONAL_REPRESENTATION('',(#4453),#4457);
#4453 = LINE('',#4454,#4455);
#4454 = CARTESIAN_POINT('',(0.447215983412,0.));
#4455 = VECTOR('',#4456,1.);
#4456 = DIRECTION('',(0.,-1.));
#4457 = ( GEOMETRIC_REPRESENTATION_CONTEXT(2) 
PARAMETRIC_REPRESENTATION_CONTEXT() REPRESENTATION_CONTEXT('2D SPACE',''
  ) );
#4458 = ORIENTED_EDGE('',*,*,#1679,.F.);
#4459 = ORIENTED_EDGE('',*,*,#4411,.F.);
#4460 = ADVANCED_FACE('',(#4461),#1668,.F.);
#4461 = FACE_BOUND('',#4462,.F.);
#4462 = EDGE_LOOP('',(#4463,#4464,#4485,#4486));
#4463 = ORIENTED_EDGE('',*,*,#2960,.T.);
#4464 = ORIENTED_EDGE('',*,*,#4465,.T.);
#4465 = EDGE_CURVE('',#2940,#1628,#4466,.T.);
#4466 = SURFACE_CURVE('',#4467,(#4471,#4478),.PCURVE_S1.);
#4467 = LINE('',#4468,#4469);
#4468 = CARTESIAN_POINT('',(1.339062560679,12.226892960135,-30.));
#4469 = VECTOR('',#4470,1.);
#4470 = DIRECTION('',(0.,0.,1.));
#4471 = PCURVE('',#1668,#4472);
#4472 = DEFINITIONAL_REPRESENTATION('',(#4473),#4477);
#4473 = LINE('',#4474,#4475);
#4474 = CARTESIAN_POINT('',(0.,0.));
#4475 = VECTOR('',#4476,1.);
#4476 = DIRECTION('',(0.,-1.));
#4477 = ( GEOMETRIC_REPRESENTATION_CONTEXT(2) 
PARAMETRIC_REPRESENTATION_CONTEXT() REPRESENTATION_CONTEXT('2D SPACE',''
  ) );
#4478 = PCURVE('',#1642,#4479);
#4479 = DEFINITIONAL_REPRESENTATION('',(#4480),#4484);
#4480 = LINE('',#4481,#4482);
#4481 = CARTESIAN_POINT('',(0.447215983412,0.));
#4482 = VECTOR('',#4483,1.);
#4483 = DIRECTION('',(0.,-1.));
#4484 = ( GEOMETRIC_REPRESENTATION_CONTEXT(2) 
PARAMETRIC_REPRESENTATION_CONTEXT() REPRESENTATION_CONTEXT('2D SPACE',''
  ) );
#4485 = ORIENTED_EDGE('',*,*,#1653,.F.);
#4486 = ORIENTED_EDGE('',*,*,#4438,.F.);
#4487 = ADVANCED_FACE('',(#4488),#1642,.F.);
#4488 = FACE_BOUND('',#4489,.F.);
#4489 = EDGE_LOOP('',(#4490,#4491,#4512,#4513));
#4490 = ORIENTED_EDGE('',*,*,#2939,.T.);
#4491 = ORIENTED_EDGE('',*,*,#4492,.T.);
#4492 = EDGE_CURVE('',#2919,#1602,#4493,.T.);
#4493 = SURFACE_CURVE('',#4494,(#4498,#4505),.PCURVE_S1.);
#4494 = LINE('',#4495,#4496);
#4495 = CARTESIAN_POINT('',(1.782661869479,12.170132154546,-30.));
#4496 = VECTOR('',#4497,1.);
#4497 = DIRECTION('',(0.,0.,1.));
#4498 = PCURVE('',#1642,#4499);
#4499 = DEFINITIONAL_REPRESENTATION('',(#4500),#4504);
#4500 = LINE('',#4501,#4502);
#4501 = CARTESIAN_POINT('',(0.,0.));
#4502 = VECTOR('',#4503,1.);
#4503 = DIRECTION('',(0.,-1.));
#4504 = ( GEOMETRIC_REPRESENTATION_CONTEXT(2) 
PARAMETRIC_REPRESENTATION_CONTEXT() REPRESENTATION_CONTEXT('2D SPACE',''
  ) );
#4505 = PCURVE('',#1616,#4506);
#4506 = DEFINITIONAL_REPRESENTATION('',(#4507),#4511);
#4507 = LINE('',#4508,#4509);
#4508 = CARTESIAN_POINT('',(0.447215983412,0.));
#4509 = VECTOR('',#4510,1.);
#4510 = DIRECTION('',(0.,-1.));
#4511 = ( GEOMETRIC_REPRESENTATION_CONTEXT(2) 
PARAMETRIC_REPRESENTATION_CONTEXT() REPRESENTATION_CONTEXT('2D SPACE',''
  ) );
#4512 = ORIENTED_EDGE('',*,*,#1627,.F.);
#4513 = ORIENTED_EDGE('',*,*,#4465,.F.);
#4514 = ADVANCED_FACE('',(#4515),#1616,.F.);
#4515 = FACE_BOUND('',#4516,.F.);
#4516 = EDGE_LOOP('',(#4517,#4518,#4539,#4540));
#4517 = ORIENTED_EDGE('',*,*,#2918,.T.);
#4518 = ORIENTED_EDGE('',*,*,#4519,.T.);
#4519 = EDGE_CURVE('',#2898,#1576,#4520,.T.);
#4520 = SURFACE_CURVE('',#4521,(#4525,#4532),.PCURVE_S1.);
#4521 = LINE('',#4522,#4523);
#4522 = CARTESIAN_POINT('',(2.223904537514,12.097282695218,-30.));
#4523 = VECTOR('',#4524,1.);
#4524 = DIRECTION('',(0.,0.,1.));
#4525 = PCURVE('',#1616,#4526);
#4526 = DEFINITIONAL_REPRESENTATION('',(#4527),#4531);
#4527 = LINE('',#4528,#4529);
#4528 = CARTESIAN_POINT('',(0.,0.));
#4529 = VECTOR('',#4530,1.);
#4530 = DIRECTION('',(0.,-1.));
#4531 = ( GEOMETRIC_REPRESENTATION_CONTEXT(2) 
PARAMETRIC_REPRESENTATION_CONTEXT() REPRESENTATION_CONTEXT('2D SPACE',''
  ) );
#4532 = PCURVE('',#1590,#4533);
#4533 = DEFINITIONAL_REPRESENTATION('',(#4534),#4538);
#4534 = LINE('',#4535,#4536);
#4535 = CARTESIAN_POINT('',(0.447215983412,0.));
#4536 = VECTOR('',#4537,1.);
#4537 = DIRECTION('',(0.,-1.));
#4538 = ( GEOMETRIC_REPRESENTATION_CONTEXT(2) 
PARAMETRIC_REPRESENTATION_CONTEXT() REPRESENTATION_CONTEXT('2D SPACE',''
  ) );
#4539 = ORIENTED_EDGE('',*,*,#1601,.F.);
#4540 = ORIENTED_EDGE('',*,*,#4492,.F.);
#4541 = ADVANCED_FACE('',(#4542),#1590,.F.);
#4542 = FACE_BOUND('',#4543,.F.);
#4543 = EDGE_LOOP('',(#4544,#4545,#4566,#4567));
#4544 = ORIENTED_EDGE('',*,*,#2897,.T.);
#4545 = ORIENTED_EDGE('',*,*,#4546,.T.);
#4546 = EDGE_CURVE('',#2877,#1550,#4547,.T.);
#4547 = SURFACE_CURVE('',#4548,(#4552,#4559),.PCURVE_S1.);
#4548 = LINE('',#4549,#4550);
#4549 = CARTESIAN_POINT('',(2.662207251439,12.008440887575,-30.));
#4550 = VECTOR('',#4551,1.);
#4551 = DIRECTION('',(0.,0.,1.));
#4552 = PCURVE('',#1590,#4553);
#4553 = DEFINITIONAL_REPRESENTATION('',(#4554),#4558);
#4554 = LINE('',#4555,#4556);
#4555 = CARTESIAN_POINT('',(0.,0.));
#4556 = VECTOR('',#4557,1.);
#4557 = DIRECTION('',(0.,-1.));
#4558 = ( GEOMETRIC_REPRESENTATION_CONTEXT(2) 
PARAMETRIC_REPRESENTATION_CONTEXT() REPRESENTATION_CONTEXT('2D SPACE',''
  ) );
#4559 = PCURVE('',#1564,#4560);
#4560 = DEFINITIONAL_REPRESENTATION('',(#4561),#4565);
#4561 = LINE('',#4562,#4563);
#4562 = CARTESIAN_POINT('',(0.447215983412,0.));
#4563 = VECTOR('',#4564,1.);
#4564 = DIRECTION('',(0.,-1.));
#4565 = ( GEOMETRIC_REPRESENTATION_CONTEXT(2) 
PARAMETRIC_REPRESENTATION_CONTEXT() REPRESENTATION_CONTEXT('2D SPACE',''
  ) );
#4566 = ORIENTED_EDGE('',*,*,#1575,.F.);
#4567 = ORIENTED_EDGE('',*,*,#4519,.F.);
#4568 = ADVANCED_FACE('',(#4569),#1564,.F.);
#4569 = FACE_BOUND('',#4570,.F.);
#4570 = EDGE_LOOP('',(#4571,#4572,#4593,#4594));
#4571 = ORIENTED_EDGE('',*,*,#2876,.T.);
#4572 = ORIENTED_EDGE('',*,*,#4573,.T.);
#4573 = EDGE_CURVE('',#2856,#1524,#4574,.T.);
#4574 = SURFACE_CURVE('',#4575,(#4579,#4586),.PCURVE_S1.);
#4575 = LINE('',#4576,#4577);
#4576 = CARTESIAN_POINT('',(3.096990584464,11.903724178581,-30.));
#4577 = VECTOR('',#4578,1.);
#4578 = DIRECTION('',(0.,0.,1.));
#4579 = PCURVE('',#1564,#4580);
#4580 = DEFINITIONAL_REPRESENTATION('',(#4581),#4585);
#4581 = LINE('',#4582,#4583);
#4582 = CARTESIAN_POINT('',(0.,0.));
#4583 = VECTOR('',#4584,1.);
#4584 = DIRECTION('',(0.,-1.));
#4585 = ( GEOMETRIC_REPRESENTATION_CONTEXT(2) 
PARAMETRIC_REPRESENTATION_CONTEXT() REPRESENTATION_CONTEXT('2D SPACE',''
  ) );
#4586 = PCURVE('',#1538,#4587);
#4587 = DEFINITIONAL_REPRESENTATION('',(#4588),#4592);
#4588 = LINE('',#4589,#4590);
#4589 = CARTESIAN_POINT('',(0.447215983412,0.));
#4590 = VECTOR('',#4591,1.);
#4591 = DIRECTION('',(0.,-1.));
#4592 = ( GEOMETRIC_REPRESENTATION_CONTEXT(2) 
PARAMETRIC_REPRESENTATION_CONTEXT() REPRESENTATION_CONTEXT('2D SPACE',''
  ) );
#4593 = ORIENTED_EDGE('',*,*,#1549,.F.);
#4594 = ORIENTED_EDGE('',*,*,#4546,.F.);
#4595 = ADVANCED_FACE('',(#4596),#1538,.F.);
#4596 = FACE_BOUND('',#4597,.F.);
#4597 = EDGE_LOOP('',(#4598,#4599,#4620,#4621));
#4598 = ORIENTED_EDGE('',*,*,#2855,.T.);
#4599 = ORIENTED_EDGE('',*,*,#4600,.T.);
#4600 = EDGE_CURVE('',#2835,#1498,#4601,.T.);
#4601 = SURFACE_CURVE('',#4602,(#4606,#4613),.PCURVE_S1.);
#4602 = LINE('',#4603,#4604);
#4603 = CARTESIAN_POINT('',(3.527679762346,11.783271001481,-30.));
#4604 = VECTOR('',#4605,1.);
#4605 = DIRECTION('',(0.,0.,1.));
#4606 = PCURVE('',#1538,#4607);
#4607 = DEFINITIONAL_REPRESENTATION('',(#4608),#4612);
#4608 = LINE('',#4609,#4610);
#4609 = CARTESIAN_POINT('',(0.,0.));
#4610 = VECTOR('',#4611,1.);
#4611 = DIRECTION('',(0.,-1.));
#4612 = ( GEOMETRIC_REPRESENTATION_CONTEXT(2) 
PARAMETRIC_REPRESENTATION_CONTEXT() REPRESENTATION_CONTEXT('2D SPACE',''
  ) );
#4613 = PCURVE('',#1512,#4614);
#4614 = DEFINITIONAL_REPRESENTATION('',(#4615),#4619);
#4615 = LINE('',#4616,#4617);
#4616 = CARTESIAN_POINT('',(0.447215983412,0.));
#4617 = VECTOR('',#4618,1.);
#4618 = DIRECTION('',(0.,-1.));
#4619 = ( GEOMETRIC_REPRESENTATION_CONTEXT(2) 
PARAMETRIC_REPRESENTATION_CONTEXT() REPRESENTATION_CONTEXT('2D SPACE',''
  ) );
#4620 = ORIENTED_EDGE('',*,*,#1523,.F.);
#4621 = ORIENTED_EDGE('',*,*,#4573,.F.);
#4622 = ADVANCED_FACE('',(#4623),#1512,.F.);
#4623 = FACE_BOUND('',#4624,.F.);
#4624 = EDGE_LOOP('',(#4625,#4626,#4647,#4648));
#4625 = ORIENTED_EDGE('',*,*,#2834,.T.);
#4626 = ORIENTED_EDGE('',*,*,#4627,.T.);
#4627 = EDGE_CURVE('',#2814,#1472,#4628,.T.);
#4628 = SURFACE_CURVE('',#4629,(#4633,#4640),.PCURVE_S1.);
#4629 = LINE('',#4630,#4631);
#4630 = CARTESIAN_POINT('',(3.953705423229,11.64724059279,-30.));
#4631 = VECTOR('',#4632,1.);
#4632 = DIRECTION('',(0.,0.,1.));
#4633 = PCURVE('',#1512,#4634);
#4634 = DEFINITIONAL_REPRESENTATION('',(#4635),#4639);
#4635 = LINE('',#4636,#4637);
#4636 = CARTESIAN_POINT('',(0.,0.));
#4637 = VECTOR('',#4638,1.);
#4638 = DIRECTION('',(0.,-1.));
#4639 = ( GEOMETRIC_REPRESENTATION_CONTEXT(2) 
PARAMETRIC_REPRESENTATION_CONTEXT() REPRESENTATION_CONTEXT('2D SPACE',''
  ) );
#4640 = PCURVE('',#1486,#4641);
#4641 = DEFINITIONAL_REPRESENTATION('',(#4642),#4646);
#4642 = LINE('',#4643,#4644);
#4643 = CARTESIAN_POINT('',(0.447215983412,0.));
#4644 = VECTOR('',#4645,1.);
#4645 = DIRECTION('',(0.,-1.));
#4646 = ( GEOMETRIC_REPRESENTATION_CONTEXT(2) 
PARAMETRIC_REPRESENTATION_CONTEXT() REPRESENTATION_CONTEXT('2D SPACE',''
  ) );
#4647 = ORIENTED_EDGE('',*,*,#1497,.F.);
#4648 = ORIENTED_EDGE('',*,*,#4600,.F.);
#4649 = ADVANCED_FACE('',(#4650),#1486,.F.);
#4650 = FACE_BOUND('',#4651,.F.);
#4651 = EDGE_LOOP('',(#4652,#4653,#4674,#4675));
#4652 = ORIENTED_EDGE('',*,*,#2813,.T.);
#4653 = ORIENTED_EDGE('',*,*,#4654,.T.);
#4654 = EDGE_CURVE('',#2793,#1446,#4655,.T.);
#4655 = SURFACE_CURVE('',#4656,(#4660,#4667),.PCURVE_S1.);
#4656 = LINE('',#4657,#4658);
#4657 = CARTESIAN_POINT('',(4.374504370323,11.495812781793,-30.));
#4658 = VECTOR('',#4659,1.);
#4659 = DIRECTION('',(0.,0.,1.));
#4660 = PCURVE('',#1486,#4661);
#4661 = DEFINITIONAL_REPRESENTATION('',(#4662),#4666);
#4662 = LINE('',#4663,#4664);
#4663 = CARTESIAN_POINT('',(0.,0.));
#4664 = VECTOR('',#4665,1.);
#4665 = DIRECTION('',(0.,-1.));
#4666 = ( GEOMETRIC_REPRESENTATION_CONTEXT(2) 
PARAMETRIC_REPRESENTATION_CONTEXT() REPRESENTATION_CONTEXT('2D SPACE',''
  ) );
#4667 = PCURVE('',#1460,#4668);
#4668 = DEFINITIONAL_REPRESENTATION('',(#4669),#4673);
#4669 = LINE('',#4670,#4671);
#4670 = CARTESIAN_POINT('',(0.447215983412,0.));
#4671 = VECTOR('',#4672,1.);
#4672 = DIRECTION('',(0.,-1.));
#4673 = ( GEOMETRIC_REPRESENTATION_CONTEXT(2) 
PARAMETRIC_REPRESENTATION_CONTEXT() REPRESENTATION_CONTEXT('2D SPACE',''
  ) );
#4674 = ORIENTED_EDGE('',*,*,#1471,.F.);
#4675 = ORIENTED_EDGE('',*,*,#4627,.F.);
#4676 = ADVANCED_FACE('',(#4677),#1460,.F.);
#4677 = FACE_BOUND('',#4678,.F.);
#4678 = EDGE_LOOP('',(#4679,#4680,#4701,#4702));
#4679 = ORIENTED_EDGE('',*,*,#2792,.T.);
#4680 = ORIENTED_EDGE('',*,*,#4681,.T.);
#4681 = EDGE_CURVE('',#2772,#1420,#4682,.T.);
#4682 = SURFACE_CURVE('',#4683,(#4687,#4694),.PCURVE_S1.);
#4683 = LINE('',#4684,#4685);
#4684 = CARTESIAN_POINT('',(4.789520316444,11.329187752808,-30.));
#4685 = VECTOR('',#4686,1.);
#4686 = DIRECTION('',(0.,0.,1.));
#4687 = PCURVE('',#1460,#4688);
#4688 = DEFINITIONAL_REPRESENTATION('',(#4689),#4693);
#4689 = LINE('',#4690,#4691);
#4690 = CARTESIAN_POINT('',(0.,0.));
#4691 = VECTOR('',#4692,1.);
#4692 = DIRECTION('',(0.,-1.));
#4693 = ( GEOMETRIC_REPRESENTATION_CONTEXT(2) 
PARAMETRIC_REPRESENTATION_CONTEXT() REPRESENTATION_CONTEXT('2D SPACE',''
  ) );
#4694 = PCURVE('',#1434,#4695);
#4695 = DEFINITIONAL_REPRESENTATION('',(#4696),#4700);
#4696 = LINE('',#4697,#4698);
#4697 = CARTESIAN_POINT('',(0.447215983412,0.));
#4698 = VECTOR('',#4699,1.);
#4699 = DIRECTION('',(0.,-1.));
#4700 = ( GEOMETRIC_REPRESENTATION_CONTEXT(2) 
PARAMETRIC_REPRESENTATION_CONTEXT() REPRESENTATION_CONTEXT('2D SPACE',''
  ) );
#4701 = ORIENTED_EDGE('',*,*,#1445,.F.);
#4702 = ORIENTED_EDGE('',*,*,#4654,.F.);
#4703 = ADVANCED_FACE('',(#4704),#1434,.F.);
#4704 = FACE_BOUND('',#4705,.F.);
#4705 = EDGE_LOOP('',(#4706,#4707,#4727,#4728));
#4706 = ORIENTED_EDGE('',*,*,#2771,.T.);
#4707 = ORIENTED_EDGE('',*,*,#4708,.T.);
#4708 = EDGE_CURVE('',#2748,#1391,#4709,.T.);
#4709 = SURFACE_CURVE('',#4710,(#4714,#4721),.PCURVE_S1.);
#4710 = LINE('',#4711,#4712);
#4711 = CARTESIAN_POINT('',(5.198204619411,11.147585780551,-30.));
#4712 = VECTOR('',#4713,1.);
#4713 = DIRECTION('',(0.,0.,1.));
#4714 = PCURVE('',#1434,#4715);
#4715 = DEFINITIONAL_REPRESENTATION('',(#4716),#4720);
#4716 = LINE('',#4717,#4718);
#4717 = CARTESIAN_POINT('',(0.,0.));
#4718 = VECTOR('',#4719,1.);
#4719 = DIRECTION('',(0.,-1.));
#4720 = ( GEOMETRIC_REPRESENTATION_CONTEXT(2) 
PARAMETRIC_REPRESENTATION_CONTEXT() REPRESENTATION_CONTEXT('2D SPACE',''
  ) );
#4721 = PCURVE('',#1407,#4722);
#4722 = DEFINITIONAL_REPRESENTATION('',(#4723),#4726);
#4723 = B_SPLINE_CURVE_WITH_KNOTS('',1,(#4724,#4725),.UNSPECIFIED.,.F.,
  .F.,(2,2),(0.,6.),.PIECEWISE_BEZIER_KNOTS.);
#4724 = CARTESIAN_POINT('',(4.276056667386,0.));
#4725 = CARTESIAN_POINT('',(4.276056667386,6.));
#4726 = ( GEOMETRIC_REPRESENTATION_CONTEXT(2) 
PARAMETRIC_REPRESENTATION_CONTEXT() REPRESENTATION_CONTEXT('2D SPACE',''
  ) );
#4727 = ORIENTED_EDGE('',*,*,#1419,.F.);
#4728 = ORIENTED_EDGE('',*,*,#4681,.F.);
#4729 = ADVANCED_FACE('',(#4730),#1407,.F.);
#4730 = FACE_BOUND('',#4731,.F.);
#4731 = EDGE_LOOP('',(#4732,#4733,#4752,#4753));
#4732 = ORIENTED_EDGE('',*,*,#2747,.T.);
#4733 = ORIENTED_EDGE('',*,*,#4734,.T.);
#4734 = EDGE_CURVE('',#2727,#1365,#4735,.T.);
#4735 = SURFACE_CURVE('',#4736,(#4740,#4746),.PCURVE_S1.);
#4736 = LINE('',#4737,#4738);
#4737 = CARTESIAN_POINT('',(6.578621886968,14.254131716056,-30.));
#4738 = VECTOR('',#4739,1.);
#4739 = DIRECTION('',(0.,0.,1.));
#4740 = PCURVE('',#1407,#4741);
#4741 = DEFINITIONAL_REPRESENTATION('',(#4742),#4745);
#4742 = B_SPLINE_CURVE_WITH_KNOTS('',1,(#4743,#4744),.UNSPECIFIED.,.F.,
  .F.,(2,2),(0.,6.),.PIECEWISE_BEZIER_KNOTS.);
#4743 = CARTESIAN_POINT('',(7.454010347059,0.));
#4744 = CARTESIAN_POINT('',(7.454010347059,6.));
#4745 = ( GEOMETRIC_REPRESENTATION_CONTEXT(2) 
PARAMETRIC_REPRESENTATION_CONTEXT() REPRESENTATION_CONTEXT('2D SPACE',''
  ) );
#4746 = PCURVE('',#1379,#4747);
#4747 = DEFINITIONAL_REPRESENTATION('',(#4748),#4751);
#4748 = B_SPLINE_CURVE_WITH_KNOTS('',1,(#4749,#4750),.UNSPECIFIED.,.F.,
  .F.,(2,2),(-5.999999999062E-07,6.0000006),.PIECEWISE_BEZIER_KNOTS.);
#4749 = CARTESIAN_POINT('',(0.509026322582,5.999999999062E-07));
#4750 = CARTESIAN_POINT('',(0.509026322582,-6.0000006));
#4751 = ( GEOMETRIC_REPRESENTATION_CONTEXT(2) 
PARAMETRIC_REPRESENTATION_CONTEXT() REPRESENTATION_CONTEXT('2D SPACE',''
  ) );
#4752 = ORIENTED_EDGE('',*,*,#1390,.F.);
#4753 = ORIENTED_EDGE('',*,*,#4708,.F.);
#4754 = ADVANCED_FACE('',(#4755),#1379,.F.);
#4755 = FACE_BOUND('',#4756,.F.);
#4756 = EDGE_LOOP('',(#4757,#4758,#4779,#4780));
#4757 = ORIENTED_EDGE('',*,*,#2726,.T.);
#4758 = ORIENTED_EDGE('',*,*,#4759,.T.);
#4759 = EDGE_CURVE('',#2706,#1339,#4760,.T.);
#4760 = SURFACE_CURVE('',#4761,(#4765,#4772),.PCURVE_S1.);
#4761 = LINE('',#4762,#4763);
#4762 = CARTESIAN_POINT('',(6.11345276164,14.460833147893,-30.));
#4763 = VECTOR('',#4764,1.);
#4764 = DIRECTION('',(0.,0.,1.));
#4765 = PCURVE('',#1379,#4766);
#4766 = DEFINITIONAL_REPRESENTATION('',(#4767),#4771);
#4767 = LINE('',#4768,#4769);
#4768 = CARTESIAN_POINT('',(0.,0.));
#4769 = VECTOR('',#4770,1.);
#4770 = DIRECTION('',(0.,-1.));
#4771 = ( GEOMETRIC_REPRESENTATION_CONTEXT(2) 
PARAMETRIC_REPRESENTATION_CONTEXT() REPRESENTATION_CONTEXT('2D SPACE',''
  ) );
#4772 = PCURVE('',#1353,#4773);
#4773 = DEFINITIONAL_REPRESENTATION('',(#4774),#4778);
#4774 = LINE('',#4775,#4776);
#4775 = CARTESIAN_POINT('',(0.570836661753,0.));
#4776 = VECTOR('',#4777,1.);
#4777 = DIRECTION('',(0.,-1.));
#4778 = ( GEOMETRIC_REPRESENTATION_CONTEXT(2) 
PARAMETRIC_REPRESENTATION_CONTEXT() REPRESENTATION_CONTEXT('2D SPACE',''
  ) );
#4779 = ORIENTED_EDGE('',*,*,#1364,.F.);
#4780 = ORIENTED_EDGE('',*,*,#4734,.F.);
#4781 = ADVANCED_FACE('',(#4782),#1353,.F.);
#4782 = FACE_BOUND('',#4783,.F.);
#4783 = EDGE_LOOP('',(#4784,#4785,#4806,#4807));
#4784 = ORIENTED_EDGE('',*,*,#2705,.T.);
#4785 = ORIENTED_EDGE('',*,*,#4786,.T.);
#4786 = EDGE_CURVE('',#2685,#1313,#4787,.T.);
#4787 = SURFACE_CURVE('',#4788,(#4792,#4799),.PCURVE_S1.);
#4788 = LINE('',#4789,#4790);
#4789 = CARTESIAN_POINT('',(5.583716960494,14.673517127979,-30.));
#4790 = VECTOR('',#4791,1.);
#4791 = DIRECTION('',(0.,0.,1.));
#4792 = PCURVE('',#1353,#4793);
#4793 = DEFINITIONAL_REPRESENTATION('',(#4794),#4798);
#4794 = LINE('',#4795,#4796);
#4795 = CARTESIAN_POINT('',(0.,0.));
#4796 = VECTOR('',#4797,1.);
#4797 = DIRECTION('',(0.,-1.));
#4798 = ( GEOMETRIC_REPRESENTATION_CONTEXT(2) 
PARAMETRIC_REPRESENTATION_CONTEXT() REPRESENTATION_CONTEXT('2D SPACE',''
  ) );
#4799 = PCURVE('',#1327,#4800);
#4800 = DEFINITIONAL_REPRESENTATION('',(#4801),#4805);
#4801 = LINE('',#4802,#4803);
#4802 = CARTESIAN_POINT('',(0.570836661753,0.));
#4803 = VECTOR('',#4804,1.);
#4804 = DIRECTION('',(0.,-1.));
#4805 = ( GEOMETRIC_REPRESENTATION_CONTEXT(2) 
PARAMETRIC_REPRESENTATION_CONTEXT() REPRESENTATION_CONTEXT('2D SPACE',''
  ) );
#4806 = ORIENTED_EDGE('',*,*,#1338,.F.);
#4807 = ORIENTED_EDGE('',*,*,#4759,.F.);
#4808 = ADVANCED_FACE('',(#4809),#1327,.F.);
#4809 = FACE_BOUND('',#4810,.F.);
#4810 = EDGE_LOOP('',(#4811,#4812,#4833,#4834));
#4811 = ORIENTED_EDGE('',*,*,#2684,.T.);
#4812 = ORIENTED_EDGE('',*,*,#4813,.T.);
#4813 = EDGE_CURVE('',#2664,#1287,#4814,.T.);
#4814 = SURFACE_CURVE('',#4815,(#4819,#4826),.PCURVE_S1.);
#4815 = LINE('',#4816,#4817);
#4816 = CARTESIAN_POINT('',(5.04659960526,14.866803033073,-30.));
#4817 = VECTOR('',#4818,1.);
#4818 = DIRECTION('',(0.,0.,1.));
#4819 = PCURVE('',#1327,#4820);
#4820 = DEFINITIONAL_REPRESENTATION('',(#4821),#4825);
#4821 = LINE('',#4822,#4823);
#4822 = CARTESIAN_POINT('',(0.,0.));
#4823 = VECTOR('',#4824,1.);
#4824 = DIRECTION('',(0.,-1.));
#4825 = ( GEOMETRIC_REPRESENTATION_CONTEXT(2) 
PARAMETRIC_REPRESENTATION_CONTEXT() REPRESENTATION_CONTEXT('2D SPACE',''
  ) );
#4826 = PCURVE('',#1301,#4827);
#4827 = DEFINITIONAL_REPRESENTATION('',(#4828),#4832);
#4828 = LINE('',#4829,#4830);
#4829 = CARTESIAN_POINT('',(0.570836661753,0.));
#4830 = VECTOR('',#4831,1.);
#4831 = DIRECTION('',(0.,-1.));
#4832 = ( GEOMETRIC_REPRESENTATION_CONTEXT(2) 
PARAMETRIC_REPRESENTATION_CONTEXT() REPRESENTATION_CONTEXT('2D SPACE',''
  ) );
#4833 = ORIENTED_EDGE('',*,*,#1312,.F.);
#4834 = ORIENTED_EDGE('',*,*,#4786,.F.);
#4835 = ADVANCED_FACE('',(#4836),#1301,.F.);
#4836 = FACE_BOUND('',#4837,.F.);
#4837 = EDGE_LOOP('',(#4838,#4839,#4860,#4861));
#4838 = ORIENTED_EDGE('',*,*,#2663,.T.);
#4839 = ORIENTED_EDGE('',*,*,#4840,.T.);
#4840 = EDGE_CURVE('',#2643,#1261,#4841,.T.);
#4841 = SURFACE_CURVE('',#4842,(#4846,#4853),.PCURVE_S1.);
#4842 = LINE('',#4843,#4844);
#4843 = CARTESIAN_POINT('',(4.502810753564,15.040435343353,-30.));
#4844 = VECTOR('',#4845,1.);
#4845 = DIRECTION('',(0.,0.,1.));
#4846 = PCURVE('',#1301,#4847);
#4847 = DEFINITIONAL_REPRESENTATION('',(#4848),#4852);
#4848 = LINE('',#4849,#4850);
#4849 = CARTESIAN_POINT('',(0.,0.));
#4850 = VECTOR('',#4851,1.);
#4851 = DIRECTION('',(0.,-1.));
#4852 = ( GEOMETRIC_REPRESENTATION_CONTEXT(2) 
PARAMETRIC_REPRESENTATION_CONTEXT() REPRESENTATION_CONTEXT('2D SPACE',''
  ) );
#4853 = PCURVE('',#1275,#4854);
#4854 = DEFINITIONAL_REPRESENTATION('',(#4855),#4859);
#4855 = LINE('',#4856,#4857);
#4856 = CARTESIAN_POINT('',(0.570836661753,0.));
#4857 = VECTOR('',#4858,1.);
#4858 = DIRECTION('',(0.,-1.));
#4859 = ( GEOMETRIC_REPRESENTATION_CONTEXT(2) 
PARAMETRIC_REPRESENTATION_CONTEXT() REPRESENTATION_CONTEXT('2D SPACE',''
  ) );
#4860 = ORIENTED_EDGE('',*,*,#1286,.F.);
#4861 = ORIENTED_EDGE('',*,*,#4813,.F.);
#4862 = ADVANCED_FACE('',(#4863),#1275,.F.);
#4863 = FACE_BOUND('',#4864,.F.);
#4864 = EDGE_LOOP('',(#4865,#4866,#4887,#4888));
#4865 = ORIENTED_EDGE('',*,*,#2642,.T.);
#4866 = ORIENTED_EDGE('',*,*,#4867,.T.);
#4867 = EDGE_CURVE('',#2622,#1235,#4868,.T.);
#4868 = SURFACE_CURVE('',#4869,(#4873,#4880),.PCURVE_S1.);
#4869 = LINE('',#4870,#4871);
#4870 = CARTESIAN_POINT('',(3.953069282608,15.194184520628,-30.));
#4871 = VECTOR('',#4872,1.);
#4872 = DIRECTION('',(0.,0.,1.));
#4873 = PCURVE('',#1275,#4874);
#4874 = DEFINITIONAL_REPRESENTATION('',(#4875),#4879);
#4875 = LINE('',#4876,#4877);
#4876 = CARTESIAN_POINT('',(0.,0.));
#4877 = VECTOR('',#4878,1.);
#4878 = DIRECTION('',(0.,-1.));
#4879 = ( GEOMETRIC_REPRESENTATION_CONTEXT(2) 
PARAMETRIC_REPRESENTATION_CONTEXT() REPRESENTATION_CONTEXT('2D SPACE',''
  ) );
#4880 = PCURVE('',#1249,#4881);
#4881 = DEFINITIONAL_REPRESENTATION('',(#4882),#4886);
#4882 = LINE('',#4883,#4884);
#4883 = CARTESIAN_POINT('',(0.570836661753,0.));
#4884 = VECTOR('',#4885,1.);
#4885 = DIRECTION('',(0.,-1.));
#4886 = ( GEOMETRIC_REPRESENTATION_CONTEXT(2) 
PARAMETRIC_REPRESENTATION_CONTEXT() REPRESENTATION_CONTEXT('2D SPACE',''
  ) );
#4887 = ORIENTED_EDGE('',*,*,#1260,.F.);
#4888 = ORIENTED_EDGE('',*,*,#4840,.F.);
#4889 = ADVANCED_FACE('',(#4890),#1249,.F.);
#4890 = FACE_BOUND('',#4891,.F.);
#4891 = EDGE_LOOP('',(#4892,#4893,#4914,#4915));
#4892 = ORIENTED_EDGE('',*,*,#2621,.T.);
#4893 = ORIENTED_EDGE('',*,*,#4894,.T.);
#4894 = EDGE_CURVE('',#2601,#1209,#4895,.T.);
#4895 = SURFACE_CURVE('',#4896,(#4900,#4907),.PCURVE_S1.);
#4896 = LINE('',#4897,#4898);
#4897 = CARTESIAN_POINT('',(3.398101938828,15.327847311783,-30.));
#4898 = VECTOR('',#4899,1.);
#4899 = DIRECTION('',(0.,0.,1.));
#4900 = PCURVE('',#1249,#4901);
#4901 = DEFINITIONAL_REPRESENTATION('',(#4902),#4906);
#4902 = LINE('',#4903,#4904);
#4903 = CARTESIAN_POINT('',(0.,0.));
#4904 = VECTOR('',#4905,1.);
#4905 = DIRECTION('',(0.,-1.));
#4906 = ( GEOMETRIC_REPRESENTATION_CONTEXT(2) 
PARAMETRIC_REPRESENTATION_CONTEXT() REPRESENTATION_CONTEXT('2D SPACE',''
  ) );
#4907 = PCURVE('',#1223,#4908);
#4908 = DEFINITIONAL_REPRESENTATION('',(#4909),#4913);
#4909 = LINE('',#4910,#4911);
#4910 = CARTESIAN_POINT('',(0.570836661753,0.));
#4911 = VECTOR('',#4912,1.);
#4912 = DIRECTION('',(0.,-1.));
#4913 = ( GEOMETRIC_REPRESENTATION_CONTEXT(2) 
PARAMETRIC_REPRESENTATION_CONTEXT() REPRESENTATION_CONTEXT('2D SPACE',''
  ) );
#4914 = ORIENTED_EDGE('',*,*,#1234,.F.);
#4915 = ORIENTED_EDGE('',*,*,#4867,.F.);
#4916 = ADVANCED_FACE('',(#4917),#1223,.F.);
#4917 = FACE_BOUND('',#4918,.F.);
#4918 = EDGE_LOOP('',(#4919,#4920,#4941,#4942));
#4919 = ORIENTED_EDGE('',*,*,#2600,.T.);
#4920 = ORIENTED_EDGE('',*,*,#4921,.T.);
#4921 = EDGE_CURVE('',#2580,#1183,#4922,.T.);
#4922 = SURFACE_CURVE('',#4923,(#4927,#4934),.PCURVE_S1.);
#4923 = LINE('',#4924,#4925);
#4924 = CARTESIAN_POINT('',(2.838642377152,15.441247017474,-30.));
#4925 = VECTOR('',#4926,1.);
#4926 = DIRECTION('',(0.,0.,1.));
#4927 = PCURVE('',#1223,#4928);
#4928 = DEFINITIONAL_REPRESENTATION('',(#4929),#4933);
#4929 = LINE('',#4930,#4931);
#4930 = CARTESIAN_POINT('',(0.,0.));
#4931 = VECTOR('',#4932,1.);
#4932 = DIRECTION('',(0.,-1.));
#4933 = ( GEOMETRIC_REPRESENTATION_CONTEXT(2) 
PARAMETRIC_REPRESENTATION_CONTEXT() REPRESENTATION_CONTEXT('2D SPACE',''
  ) );
#4934 = PCURVE('',#1197,#4935);
#4935 = DEFINITIONAL_REPRESENTATION('',(#4936),#4940);
#4936 = LINE('',#4937,#4938);
#4937 = CARTESIAN_POINT('',(0.570836661753,0.));
#4938 = VECTOR('',#4939,1.);
#4939 = DIRECTION('',(0.,-1.));
#4940 = ( GEOMETRIC_REPRESENTATION_CONTEXT(2) 
PARAMETRIC_REPRESENTATION_CONTEXT() REPRESENTATION_CONTEXT('2D SPACE',''
  ) );
#4941 = ORIENTED_EDGE('',*,*,#1208,.F.);
#4942 = ORIENTED_EDGE('',*,*,#4894,.F.);
#4943 = ADVANCED_FACE('',(#4944),#1197,.F.);
#4944 = FACE_BOUND('',#4945,.F.);
#4945 = EDGE_LOOP('',(#4946,#4947,#4968,#4969));
#4946 = ORIENTED_EDGE('',*,*,#2579,.T.);
#4947 = ORIENTED_EDGE('',*,*,#4948,.T.);
#4948 = EDGE_CURVE('',#2559,#1157,#4949,.T.);
#4949 = SURFACE_CURVE('',#4950,(#4954,#4961),.PCURVE_S1.);
#4950 = LINE('',#4951,#4952);
#4951 = CARTESIAN_POINT('',(2.275430191124,15.534233725721,-30.));
#4952 = VECTOR('',#4953,1.);
#4953 = DIRECTION('',(0.,0.,1.));
#4954 = PCURVE('',#1197,#4955);
#4955 = DEFINITIONAL_REPRESENTATION('',(#4956),#4960);
#4956 = LINE('',#4957,#4958);
#4957 = CARTESIAN_POINT('',(0.,0.));
#4958 = VECTOR('',#4959,1.);
#4959 = DIRECTION('',(0.,-1.));
#4960 = ( GEOMETRIC_REPRESENTATION_CONTEXT(2) 
PARAMETRIC_REPRESENTATION_CONTEXT() REPRESENTATION_CONTEXT('2D SPACE',''
  ) );
#4961 = PCURVE('',#1171,#4962);
#4962 = DEFINITIONAL_REPRESENTATION('',(#4963),#4967);
#4963 = LINE('',#4964,#4965);
#4964 = CARTESIAN_POINT('',(0.570836661753,0.));
#4965 = VECTOR('',#4966,1.);
#4966 = DIRECTION('',(0.,-1.));
#4967 = ( GEOMETRIC_REPRESENTATION_CONTEXT(2) 
PARAMETRIC_REPRESENTATION_CONTEXT() REPRESENTATION_CONTEXT('2D SPACE',''
  ) );
#4968 = ORIENTED_EDGE('',*,*,#1182,.F.);
#4969 = ORIENTED_EDGE('',*,*,#4921,.F.);
#4970 = ADVANCED_FACE('',(#4971),#1171,.F.);
#4971 = FACE_BOUND('',#4972,.F.);
#4972 = EDGE_LOOP('',(#4973,#4974,#4995,#4996));
#4973 = ORIENTED_EDGE('',*,*,#2558,.T.);
#4974 = ORIENTED_EDGE('',*,*,#4975,.T.);
#4975 = EDGE_CURVE('',#2538,#1131,#4976,.T.);
#4976 = SURFACE_CURVE('',#4977,(#4981,#4988),.PCURVE_S1.);
#4977 = LINE('',#4978,#4979);
#4978 = CARTESIAN_POINT('',(1.709209935176,15.60668451009,-30.));
#4979 = VECTOR('',#4980,1.);
#4980 = DIRECTION('',(0.,0.,1.));
#4981 = PCURVE('',#1171,#4982);
#4982 = DEFINITIONAL_REPRESENTATION('',(#4983),#4987);
#4983 = LINE('',#4984,#4985);
#4984 = CARTESIAN_POINT('',(0.,0.));
#4985 = VECTOR('',#4986,1.);
#4986 = DIRECTION('',(0.,-1.));
#4987 = ( GEOMETRIC_REPRESENTATION_CONTEXT(2) 
PARAMETRIC_REPRESENTATION_CONTEXT() REPRESENTATION_CONTEXT('2D SPACE',''
  ) );
#4988 = PCURVE('',#1145,#4989);
#4989 = DEFINITIONAL_REPRESENTATION('',(#4990),#4994);
#4990 = LINE('',#4991,#4992);
#4991 = CARTESIAN_POINT('',(0.570836661753,0.));
#4992 = VECTOR('',#4993,1.);
#4993 = DIRECTION('',(0.,-1.));
#4994 = ( GEOMETRIC_REPRESENTATION_CONTEXT(2) 
PARAMETRIC_REPRESENTATION_CONTEXT() REPRESENTATION_CONTEXT('2D SPACE',''
  ) );
#4995 = ORIENTED_EDGE('',*,*,#1156,.F.);
#4996 = ORIENTED_EDGE('',*,*,#4948,.F.);
#4997 = ADVANCED_FACE('',(#4998),#1145,.F.);
#4998 = FACE_BOUND('',#4999,.F.);
#4999 = EDGE_LOOP('',(#5000,#5001,#5022,#5023));
#5000 = ORIENTED_EDGE('',*,*,#2537,.T.);
#5001 = ORIENTED_EDGE('',*,*,#5002,.T.);
#5002 = EDGE_CURVE('',#2517,#1105,#5003,.T.);
#5003 = SURFACE_CURVE('',#5004,(#5008,#5015),.PCURVE_S1.);
#5004 = LINE('',#5005,#5006);
#5005 = CARTESIAN_POINT('',(1.140730140345,15.658503592199,-30.));
#5006 = VECTOR('',#5007,1.);
#5007 = DIRECTION('',(0.,0.,1.));
#5008 = PCURVE('',#1145,#5009);
#5009 = DEFINITIONAL_REPRESENTATION('',(#5010),#5014);
#5010 = LINE('',#5011,#5012);
#5011 = CARTESIAN_POINT('',(0.,0.));
#5012 = VECTOR('',#5013,1.);
#5013 = DIRECTION('',(0.,-1.));
#5014 = ( GEOMETRIC_REPRESENTATION_CONTEXT(2) 
PARAMETRIC_REPRESENTATION_CONTEXT() REPRESENTATION_CONTEXT('2D SPACE',''
  ) );
#5015 = PCURVE('',#1119,#5016);
#5016 = DEFINITIONAL_REPRESENTATION('',(#5017),#5021);
#5017 = LINE('',#5018,#5019);
#5018 = CARTESIAN_POINT('',(0.570836661753,0.));
#5019 = VECTOR('',#5020,1.);
#5020 = DIRECTION('',(0.,-1.));
#5021 = ( GEOMETRIC_REPRESENTATION_CONTEXT(2) 
PARAMETRIC_REPRESENTATION_CONTEXT() REPRESENTATION_CONTEXT('2D SPACE',''
  ) );
#5022 = ORIENTED_EDGE('',*,*,#1130,.F.);
#5023 = ORIENTED_EDGE('',*,*,#4975,.F.);
#5024 = ADVANCED_FACE('',(#5025),#1119,.F.);
#5025 = FACE_BOUND('',#5026,.F.);
#5026 = EDGE_LOOP('',(#5027,#5028,#5049,#5050));
#5027 = ORIENTED_EDGE('',*,*,#2516,.T.);
#5028 = ORIENTED_EDGE('',*,*,#5029,.T.);
#5029 = EDGE_CURVE('',#2496,#1079,#5030,.T.);
#5030 = SURFACE_CURVE('',#5031,(#5035,#5042),.PCURVE_S1.);
#5031 = LINE('',#5032,#5033);
#5032 = CARTESIAN_POINT('',(0.57074232473,15.689622468331,-30.));
#5033 = VECTOR('',#5034,1.);
#5034 = DIRECTION('',(0.,0.,1.));
#5035 = PCURVE('',#1119,#5036);
#5036 = DEFINITIONAL_REPRESENTATION('',(#5037),#5041);
#5037 = LINE('',#5038,#5039);
#5038 = CARTESIAN_POINT('',(0.,0.));
#5039 = VECTOR('',#5040,1.);
#5040 = DIRECTION('',(0.,-1.));
#5041 = ( GEOMETRIC_REPRESENTATION_CONTEXT(2) 
PARAMETRIC_REPRESENTATION_CONTEXT() REPRESENTATION_CONTEXT('2D SPACE',''
  ) );
#5042 = PCURVE('',#1093,#5043);
#5043 = DEFINITIONAL_REPRESENTATION('',(#5044),#5048);
#5044 = LINE('',#5045,#5046);
#5045 = CARTESIAN_POINT('',(0.570836661753,0.));
#5046 = VECTOR('',#5047,1.);
#5047 = DIRECTION('',(0.,-1.));
#5048 = ( GEOMETRIC_REPRESENTATION_CONTEXT(2) 
PARAMETRIC_REPRESENTATION_CONTEXT() REPRESENTATION_CONTEXT('2D SPACE',''
  ) );
#5049 = ORIENTED_EDGE('',*,*,#1104,.F.);
#5050 = ORIENTED_EDGE('',*,*,#5002,.F.);
#5051 = ADVANCED_FACE('',(#5052),#1093,.F.);
#5052 = FACE_BOUND('',#5053,.F.);
#5053 = EDGE_LOOP('',(#5054,#5055,#5076,#5077));
#5054 = ORIENTED_EDGE('',*,*,#2495,.T.);
#5055 = ORIENTED_EDGE('',*,*,#5056,.T.);
#5056 = EDGE_CURVE('',#2475,#1053,#5057,.T.);
#5057 = SURFACE_CURVE('',#5058,(#5062,#5069),.PCURVE_S1.);
#5058 = LINE('',#5059,#5060);
#5059 = CARTESIAN_POINT('',(0.,15.7,-30.));
#5060 = VECTOR('',#5061,1.);
#5061 = DIRECTION('',(0.,0.,1.));
#5062 = PCURVE('',#1093,#5063);
#5063 = DEFINITIONAL_REPRESENTATION('',(#5064),#5068);
#5064 = LINE('',#5065,#5066);
#5065 = CARTESIAN_POINT('',(0.,0.));
#5066 = VECTOR('',#5067,1.);
#5067 = DIRECTION('',(0.,-1.));
#5068 = ( GEOMETRIC_REPRESENTATION_CONTEXT(2) 
PARAMETRIC_REPRESENTATION_CONTEXT() REPRESENTATION_CONTEXT('2D SPACE',''
  ) );
#5069 = PCURVE('',#1067,#5070);
#5070 = DEFINITIONAL_REPRESENTATION('',(#5071),#5075);
#5071 = LINE('',#5072,#5073);
#5072 = CARTESIAN_POINT('',(0.570836661753,0.));
#5073 = VECTOR('',#5074,1.);
#5074 = DIRECTION('',(0.,-1.));
#5075 = ( GEOMETRIC_REPRESENTATION_CONTEXT(2) 
PARAMETRIC_REPRESENTATION_CONTEXT() REPRESENTATION_CONTEXT('2D SPACE',''
  ) );
#5076 = ORIENTED_EDGE('',*,*,#1078,.F.);
#5077 = ORIENTED_EDGE('',*,*,#5029,.F.);
#5078 = ADVANCED_FACE('',(#5079),#1067,.F.);
#5079 = FACE_BOUND('',#5080,.F.);
#5080 = EDGE_LOOP('',(#5081,#5082,#5103,#5104));
#5081 = ORIENTED_EDGE('',*,*,#2474,.T.);
#5082 = ORIENTED_EDGE('',*,*,#5083,.T.);
#5083 = EDGE_CURVE('',#2454,#1027,#5084,.T.);
#5084 = SURFACE_CURVE('',#5085,(#5089,#5096),.PCURVE_S1.);
#5085 = LINE('',#5086,#5087);
#5086 = CARTESIAN_POINT('',(-0.57074232473,15.689622468331,-30.));
#5087 = VECTOR('',#5088,1.);
#5088 = DIRECTION('',(0.,0.,1.));
#5089 = PCURVE('',#1067,#5090);
#5090 = DEFINITIONAL_REPRESENTATION('',(#5091),#5095);
#5091 = LINE('',#5092,#5093);
#5092 = CARTESIAN_POINT('',(0.,0.));
#5093 = VECTOR('',#5094,1.);
#5094 = DIRECTION('',(0.,-1.));
#5095 = ( GEOMETRIC_REPRESENTATION_CONTEXT(2) 
PARAMETRIC_REPRESENTATION_CONTEXT() REPRESENTATION_CONTEXT('2D SPACE',''
  ) );
#5096 = PCURVE('',#1041,#5097);
#5097 = DEFINITIONAL_REPRESENTATION('',(#5098),#5102);
#5098 = LINE('',#5099,#5100);
#5099 = CARTESIAN_POINT('',(0.570836661753,0.));
#5100 = VECTOR('',#5101,1.);
#5101 = DIRECTION('',(0.,-1.));
#5102 = ( GEOMETRIC_REPRESENTATION_CONTEXT(2) 
PARAMETRIC_REPRESENTATION_CONTEXT() REPRESENTATION_CONTEXT('2D SPACE',''
  ) );
#5103 = ORIENTED_EDGE('',*,*,#1052,.F.);
#5104 = ORIENTED_EDGE('',*,*,#5056,.F.);
#5105 = ADVANCED_FACE('',(#5106),#1041,.F.);
#5106 = FACE_BOUND('',#5107,.F.);
#5107 = EDGE_LOOP('',(#5108,#5109,#5130,#5131));
#5108 = ORIENTED_EDGE('',*,*,#2453,.T.);
#5109 = ORIENTED_EDGE('',*,*,#5110,.T.);
#5110 = EDGE_CURVE('',#2433,#1001,#5111,.T.);
#5111 = SURFACE_CURVE('',#5112,(#5116,#5123),.PCURVE_S1.);
#5112 = LINE('',#5113,#5114);
#5113 = CARTESIAN_POINT('',(-1.140730140345,15.658503592199,-30.));
#5114 = VECTOR('',#5115,1.);
#5115 = DIRECTION('',(0.,0.,1.));
#5116 = PCURVE('',#1041,#5117);
#5117 = DEFINITIONAL_REPRESENTATION('',(#5118),#5122);
#5118 = LINE('',#5119,#5120);
#5119 = CARTESIAN_POINT('',(0.,0.));
#5120 = VECTOR('',#5121,1.);
#5121 = DIRECTION('',(0.,-1.));
#5122 = ( GEOMETRIC_REPRESENTATION_CONTEXT(2) 
PARAMETRIC_REPRESENTATION_CONTEXT() REPRESENTATION_CONTEXT('2D SPACE',''
  ) );
#5123 = PCURVE('',#1015,#5124);
#5124 = DEFINITIONAL_REPRESENTATION('',(#5125),#5129);
#5125 = LINE('',#5126,#5127);
#5126 = CARTESIAN_POINT('',(0.570836661753,0.));
#5127 = VECTOR('',#5128,1.);
#5128 = DIRECTION('',(0.,-1.));
#5129 = ( GEOMETRIC_REPRESENTATION_CONTEXT(2) 
PARAMETRIC_REPRESENTATION_CONTEXT() REPRESENTATION_CONTEXT('2D SPACE',''
  ) );
#5130 = ORIENTED_EDGE('',*,*,#1026,.F.);
#5131 = ORIENTED_EDGE('',*,*,#5083,.F.);
#5132 = ADVANCED_FACE('',(#5133),#1015,.F.);
#5133 = FACE_BOUND('',#5134,.F.);
#5134 = EDGE_LOOP('',(#5135,#5136,#5157,#5158));
#5135 = ORIENTED_EDGE('',*,*,#2432,.T.);
#5136 = ORIENTED_EDGE('',*,*,#5137,.T.);
#5137 = EDGE_CURVE('',#2412,#975,#5138,.T.);
#5138 = SURFACE_CURVE('',#5139,(#5143,#5150),.PCURVE_S1.);
#5139 = LINE('',#5140,#5141);
#5140 = CARTESIAN_POINT('',(-1.709209935176,15.60668451009,-30.));
#5141 = VECTOR('',#5142,1.);
#5142 = DIRECTION('',(0.,0.,1.));
#5143 = PCURVE('',#1015,#5144);
#5144 = DEFINITIONAL_REPRESENTATION('',(#5145),#5149);
#5145 = LINE('',#5146,#5147);
#5146 = CARTESIAN_POINT('',(0.,0.));
#5147 = VECTOR('',#5148,1.);
#5148 = DIRECTION('',(0.,-1.));
#5149 = ( GEOMETRIC_REPRESENTATION_CONTEXT(2) 
PARAMETRIC_REPRESENTATION_CONTEXT() REPRESENTATION_CONTEXT('2D SPACE',''
  ) );
#5150 = PCURVE('',#989,#5151);
#5151 = DEFINITIONAL_REPRESENTATION('',(#5152),#5156);
#5152 = LINE('',#5153,#5154);
#5153 = CARTESIAN_POINT('',(0.570836661753,0.));
#5154 = VECTOR('',#5155,1.);
#5155 = DIRECTION('',(0.,-1.));
#5156 = ( GEOMETRIC_REPRESENTATION_CONTEXT(2) 
PARAMETRIC_REPRESENTATION_CONTEXT() REPRESENTATION_CONTEXT('2D SPACE',''
  ) );
#5157 = ORIENTED_EDGE('',*,*,#1000,.F.);
#5158 = ORIENTED_EDGE('',*,*,#5110,.F.);
#5159 = ADVANCED_FACE('',(#5160),#989,.F.);
#5160 = FACE_BOUND('',#5161,.F.);
#5161 = EDGE_LOOP('',(#5162,#5163,#5184,#5185));
#5162 = ORIENTED_EDGE('',*,*,#2411,.T.);
#5163 = ORIENTED_EDGE('',*,*,#5164,.T.);
#5164 = EDGE_CURVE('',#2391,#949,#5165,.T.);
#5165 = SURFACE_CURVE('',#5166,(#5170,#5177),.PCURVE_S1.);
#5166 = LINE('',#5167,#5168);
#5167 = CARTESIAN_POINT('',(-2.275430191124,15.534233725721,-30.));
#5168 = VECTOR('',#5169,1.);
#5169 = DIRECTION('',(0.,0.,1.));
#5170 = PCURVE('',#989,#5171);
#5171 = DEFINITIONAL_REPRESENTATION('',(#5172),#5176);
#5172 = LINE('',#5173,#5174);
#5173 = CARTESIAN_POINT('',(0.,0.));
#5174 = VECTOR('',#5175,1.);
#5175 = DIRECTION('',(0.,-1.));
#5176 = ( GEOMETRIC_REPRESENTATION_CONTEXT(2) 
PARAMETRIC_REPRESENTATION_CONTEXT() REPRESENTATION_CONTEXT('2D SPACE',''
  ) );
#5177 = PCURVE('',#963,#5178);
#5178 = DEFINITIONAL_REPRESENTATION('',(#5179),#5183);
#5179 = LINE('',#5180,#5181);
#5180 = CARTESIAN_POINT('',(0.570836661753,0.));
#5181 = VECTOR('',#5182,1.);
#5182 = DIRECTION('',(0.,-1.));
#5183 = ( GEOMETRIC_REPRESENTATION_CONTEXT(2) 
PARAMETRIC_REPRESENTATION_CONTEXT() REPRESENTATION_CONTEXT('2D SPACE',''
  ) );
#5184 = ORIENTED_EDGE('',*,*,#974,.F.);
#5185 = ORIENTED_EDGE('',*,*,#5137,.F.);
#5186 = ADVANCED_FACE('',(#5187),#963,.F.);
#5187 = FACE_BOUND('',#5188,.F.);
#5188 = EDGE_LOOP('',(#5189,#5190,#5211,#5212));
#5189 = ORIENTED_EDGE('',*,*,#2390,.T.);
#5190 = ORIENTED_EDGE('',*,*,#5191,.T.);
#5191 = EDGE_CURVE('',#2370,#923,#5192,.T.);
#5192 = SURFACE_CURVE('',#5193,(#5197,#5204),.PCURVE_S1.);
#5193 = LINE('',#5194,#5195);
#5194 = CARTESIAN_POINT('',(-2.838642377152,15.441247017474,-30.));
#5195 = VECTOR('',#5196,1.);
#5196 = DIRECTION('',(0.,0.,1.));
#5197 = PCURVE('',#963,#5198);
#5198 = DEFINITIONAL_REPRESENTATION('',(#5199),#5203);
#5199 = LINE('',#5200,#5201);
#5200 = CARTESIAN_POINT('',(0.,0.));
#5201 = VECTOR('',#5202,1.);
#5202 = DIRECTION('',(0.,-1.));
#5203 = ( GEOMETRIC_REPRESENTATION_CONTEXT(2) 
PARAMETRIC_REPRESENTATION_CONTEXT() REPRESENTATION_CONTEXT('2D SPACE',''
  ) );
#5204 = PCURVE('',#937,#5205);
#5205 = DEFINITIONAL_REPRESENTATION('',(#5206),#5210);
#5206 = LINE('',#5207,#5208);
#5207 = CARTESIAN_POINT('',(0.570836661753,0.));
#5208 = VECTOR('',#5209,1.);
#5209 = DIRECTION('',(0.,-1.));
#5210 = ( GEOMETRIC_REPRESENTATION_CONTEXT(2) 
PARAMETRIC_REPRESENTATION_CONTEXT() REPRESENTATION_CONTEXT('2D SPACE',''
  ) );
#5211 = ORIENTED_EDGE('',*,*,#948,.F.);
#5212 = ORIENTED_EDGE('',*,*,#5164,.F.);
#5213 = ADVANCED_FACE('',(#5214),#937,.F.);
#5214 = FACE_BOUND('',#5215,.F.);
#5215 = EDGE_LOOP('',(#5216,#5217,#5238,#5239));
#5216 = ORIENTED_EDGE('',*,*,#2369,.T.);
#5217 = ORIENTED_EDGE('',*,*,#5218,.T.);
#5218 = EDGE_CURVE('',#2349,#897,#5219,.T.);
#5219 = SURFACE_CURVE('',#5220,(#5224,#5231),.PCURVE_S1.);
#5220 = LINE('',#5221,#5222);
#5221 = CARTESIAN_POINT('',(-3.398101938828,15.327847311783,-30.));
#5222 = VECTOR('',#5223,1.);
#5223 = DIRECTION('',(0.,0.,1.));
#5224 = PCURVE('',#937,#5225);
#5225 = DEFINITIONAL_REPRESENTATION('',(#5226),#5230);
#5226 = LINE('',#5227,#5228);
#5227 = CARTESIAN_POINT('',(0.,0.));
#5228 = VECTOR('',#5229,1.);
#5229 = DIRECTION('',(0.,-1.));
#5230 = ( GEOMETRIC_REPRESENTATION_CONTEXT(2) 
PARAMETRIC_REPRESENTATION_CONTEXT() REPRESENTATION_CONTEXT('2D SPACE',''
  ) );
#5231 = PCURVE('',#911,#5232);
#5232 = DEFINITIONAL_REPRESENTATION('',(#5233),#5237);
#5233 = LINE('',#5234,#5235);
#5234 = CARTESIAN_POINT('',(0.570836661753,0.));
#5235 = VECTOR('',#5236,1.);
#5236 = DIRECTION('',(0.,-1.));
#5237 = ( GEOMETRIC_REPRESENTATION_CONTEXT(2) 
PARAMETRIC_REPRESENTATION_CONTEXT() REPRESENTATION_CONTEXT('2D SPACE',''
  ) );
#5238 = ORIENTED_EDGE('',*,*,#922,.F.);
#5239 = ORIENTED_EDGE('',*,*,#5191,.F.);
#5240 = ADVANCED_FACE('',(#5241),#911,.F.);
#5241 = FACE_BOUND('',#5242,.F.);
#5242 = EDGE_LOOP('',(#5243,#5244,#5265,#5266));
#5243 = ORIENTED_EDGE('',*,*,#2348,.T.);
#5244 = ORIENTED_EDGE('',*,*,#5245,.T.);
#5245 = EDGE_CURVE('',#2328,#871,#5246,.T.);
#5246 = SURFACE_CURVE('',#5247,(#5251,#5258),.PCURVE_S1.);
#5247 = LINE('',#5248,#5249);
#5248 = CARTESIAN_POINT('',(-3.953069282608,15.194184520628,-30.));
#5249 = VECTOR('',#5250,1.);
#5250 = DIRECTION('',(0.,0.,1.));
#5251 = PCURVE('',#911,#5252);
#5252 = DEFINITIONAL_REPRESENTATION('',(#5253),#5257);
#5253 = LINE('',#5254,#5255);
#5254 = CARTESIAN_POINT('',(0.,0.));
#5255 = VECTOR('',#5256,1.);
#5256 = DIRECTION('',(0.,-1.));
#5257 = ( GEOMETRIC_REPRESENTATION_CONTEXT(2) 
PARAMETRIC_REPRESENTATION_CONTEXT() REPRESENTATION_CONTEXT('2D SPACE',''
  ) );
#5258 = PCURVE('',#885,#5259);
#5259 = DEFINITIONAL_REPRESENTATION('',(#5260),#5264);
#5260 = LINE('',#5261,#5262);
#5261 = CARTESIAN_POINT('',(0.570836661753,0.));
#5262 = VECTOR('',#5263,1.);
#5263 = DIRECTION('',(0.,-1.));
#5264 = ( GEOMETRIC_REPRESENTATION_CONTEXT(2) 
PARAMETRIC_REPRESENTATION_CONTEXT() REPRESENTATION_CONTEXT('2D SPACE',''
  ) );
#5265 = ORIENTED_EDGE('',*,*,#896,.F.);
#5266 = ORIENTED_EDGE('',*,*,#5218,.F.);
#5267 = ADVANCED_FACE('',(#5268),#885,.F.);
#5268 = FACE_BOUND('',#5269,.F.);
#5269 = EDGE_LOOP('',(#5270,#5271,#5292,#5293));
#5270 = ORIENTED_EDGE('',*,*,#2327,.T.);
#5271 = ORIENTED_EDGE('',*,*,#5272,.T.);
#5272 = EDGE_CURVE('',#2307,#845,#5273,.T.);
#5273 = SURFACE_CURVE('',#5274,(#5278,#5285),.PCURVE_S1.);
#5274 = LINE('',#5275,#5276);
#5275 = CARTESIAN_POINT('',(-4.502810753564,15.040435343353,-30.));
#5276 = VECTOR('',#5277,1.);
#5277 = DIRECTION('',(0.,0.,1.));
#5278 = PCURVE('',#885,#5279);
#5279 = DEFINITIONAL_REPRESENTATION('',(#5280),#5284);
#5280 = LINE('',#5281,#5282);
#5281 = CARTESIAN_POINT('',(0.,0.));
#5282 = VECTOR('',#5283,1.);
#5283 = DIRECTION('',(0.,-1.));
#5284 = ( GEOMETRIC_REPRESENTATION_CONTEXT(2) 
PARAMETRIC_REPRESENTATION_CONTEXT() REPRESENTATION_CONTEXT('2D SPACE',''
  ) );
#5285 = PCURVE('',#859,#5286);
#5286 = DEFINITIONAL_REPRESENTATION('',(#5287),#5291);
#5287 = LINE('',#5288,#5289);
#5288 = CARTESIAN_POINT('',(0.570836661753,0.));
#5289 = VECTOR('',#5290,1.);
#5290 = DIRECTION('',(0.,-1.));
#5291 = ( GEOMETRIC_REPRESENTATION_CONTEXT(2) 
PARAMETRIC_REPRESENTATION_CONTEXT() REPRESENTATION_CONTEXT('2D SPACE',''
  ) );
#5292 = ORIENTED_EDGE('',*,*,#870,.F.);
#5293 = ORIENTED_EDGE('',*,*,#5245,.F.);
#5294 = ADVANCED_FACE('',(#5295),#859,.F.);
#5295 = FACE_BOUND('',#5296,.F.);
#5296 = EDGE_LOOP('',(#5297,#5298,#5319,#5320));
#5297 = ORIENTED_EDGE('',*,*,#2306,.T.);
#5298 = ORIENTED_EDGE('',*,*,#5299,.T.);
#5299 = EDGE_CURVE('',#2286,#819,#5300,.T.);
#5300 = SURFACE_CURVE('',#5301,(#5305,#5312),.PCURVE_S1.);
#5301 = LINE('',#5302,#5303);
#5302 = CARTESIAN_POINT('',(-5.04659960526,14.866803033073,-30.));
#5303 = VECTOR('',#5304,1.);
#5304 = DIRECTION('',(0.,0.,1.));
#5305 = PCURVE('',#859,#5306);
#5306 = DEFINITIONAL_REPRESENTATION('',(#5307),#5311);
#5307 = LINE('',#5308,#5309);
#5308 = CARTESIAN_POINT('',(0.,0.));
#5309 = VECTOR('',#5310,1.);
#5310 = DIRECTION('',(0.,-1.));
#5311 = ( GEOMETRIC_REPRESENTATION_CONTEXT(2) 
PARAMETRIC_REPRESENTATION_CONTEXT() REPRESENTATION_CONTEXT('2D SPACE',''
  ) );
#5312 = PCURVE('',#833,#5313);
#5313 = DEFINITIONAL_REPRESENTATION('',(#5314),#5318);
#5314 = LINE('',#5315,#5316);
#5315 = CARTESIAN_POINT('',(0.570836661753,0.));
#5316 = VECTOR('',#5317,1.);
#5317 = DIRECTION('',(0.,-1.));
#5318 = ( GEOMETRIC_REPRESENTATION_CONTEXT(2) 
PARAMETRIC_REPRESENTATION_CONTEXT() REPRESENTATION_CONTEXT('2D SPACE',''
  ) );
#5319 = ORIENTED_EDGE('',*,*,#844,.F.);
#5320 = ORIENTED_EDGE('',*,*,#5272,.F.);
#5321 = ADVANCED_FACE('',(#5322),#833,.F.);
#5322 = FACE_BOUND('',#5323,.F.);
#5323 = EDGE_LOOP('',(#5324,#5325,#5346,#5347));
#5324 = ORIENTED_EDGE('',*,*,#2285,.T.);
#5325 = ORIENTED_EDGE('',*,*,#5326,.T.);
#5326 = EDGE_CURVE('',#2265,#793,#5327,.T.);
#5327 = SURFACE_CURVE('',#5328,(#5332,#5339),.PCURVE_S1.);
#5328 = LINE('',#5329,#5330);
#5329 = CARTESIAN_POINT('',(-5.583716960494,14.673517127979,-30.));
#5330 = VECTOR('',#5331,1.);
#5331 = DIRECTION('',(0.,0.,1.));
#5332 = PCURVE('',#833,#5333);
#5333 = DEFINITIONAL_REPRESENTATION('',(#5334),#5338);
#5334 = LINE('',#5335,#5336);
#5335 = CARTESIAN_POINT('',(0.,0.));
#5336 = VECTOR('',#5337,1.);
#5337 = DIRECTION('',(0.,-1.));
#5338 = ( GEOMETRIC_REPRESENTATION_CONTEXT(2) 
PARAMETRIC_REPRESENTATION_CONTEXT() REPRESENTATION_CONTEXT('2D SPACE',''
  ) );
#5339 = PCURVE('',#807,#5340);
#5340 = DEFINITIONAL_REPRESENTATION('',(#5341),#5345);
#5341 = LINE('',#5342,#5343);
#5342 = CARTESIAN_POINT('',(0.570836661753,0.));
#5343 = VECTOR('',#5344,1.);
#5344 = DIRECTION('',(0.,-1.));
#5345 = ( GEOMETRIC_REPRESENTATION_CONTEXT(2) 
PARAMETRIC_REPRESENTATION_CONTEXT() REPRESENTATION_CONTEXT('2D SPACE',''
  ) );
#5346 = ORIENTED_EDGE('',*,*,#818,.F.);
#5347 = ORIENTED_EDGE('',*,*,#5299,.F.);
#5348 = ADVANCED_FACE('',(#5349),#807,.F.);
#5349 = FACE_BOUND('',#5350,.F.);
#5350 = EDGE_LOOP('',(#5351,#5352,#5373,#5374));
#5351 = ORIENTED_EDGE('',*,*,#2264,.T.);
#5352 = ORIENTED_EDGE('',*,*,#5353,.T.);
#5353 = EDGE_CURVE('',#2244,#767,#5354,.T.);
#5354 = SURFACE_CURVE('',#5355,(#5359,#5366),.PCURVE_S1.);
#5355 = LINE('',#5356,#5357);
#5356 = CARTESIAN_POINT('',(-6.11345276164,14.460833147893,-30.));
#5357 = VECTOR('',#5358,1.);
#5358 = DIRECTION('',(0.,0.,1.));
#5359 = PCURVE('',#807,#5360);
#5360 = DEFINITIONAL_REPRESENTATION('',(#5361),#5365);
#5361 = LINE('',#5362,#5363);
#5362 = CARTESIAN_POINT('',(0.,0.));
#5363 = VECTOR('',#5364,1.);
#5364 = DIRECTION('',(0.,-1.));
#5365 = ( GEOMETRIC_REPRESENTATION_CONTEXT(2) 
PARAMETRIC_REPRESENTATION_CONTEXT() REPRESENTATION_CONTEXT('2D SPACE',''
  ) );
#5366 = PCURVE('',#781,#5367);
#5367 = DEFINITIONAL_REPRESENTATION('',(#5368),#5372);
#5368 = LINE('',#5369,#5370);
#5369 = CARTESIAN_POINT('',(0.570836661753,0.));
#5370 = VECTOR('',#5371,1.);
#5371 = DIRECTION('',(0.,-1.));
#5372 = ( GEOMETRIC_REPRESENTATION_CONTEXT(2) 
PARAMETRIC_REPRESENTATION_CONTEXT() REPRESENTATION_CONTEXT('2D SPACE',''
  ) );
#5373 = ORIENTED_EDGE('',*,*,#792,.F.);
#5374 = ORIENTED_EDGE('',*,*,#5326,.F.);
#5375 = ADVANCED_FACE('',(#5376),#781,.F.);
#5376 = FACE_BOUND('',#5377,.F.);
#5377 = EDGE_LOOP('',(#5378,#5379,#5398,#5399));
#5378 = ORIENTED_EDGE('',*,*,#2243,.T.);
#5379 = ORIENTED_EDGE('',*,*,#5380,.T.);
#5380 = EDGE_CURVE('',#2220,#738,#5381,.T.);
#5381 = SURFACE_CURVE('',#5382,(#5386,#5392),.PCURVE_S1.);
#5382 = LINE('',#5383,#5384);
#5383 = CARTESIAN_POINT('',(-6.578621886968,14.254131716056,-30.));
#5384 = VECTOR('',#5385,1.);
#5385 = DIRECTION('',(0.,0.,1.));
#5386 = PCURVE('',#781,#5387);
#5387 = DEFINITIONAL_REPRESENTATION('',(#5388),#5391);
#5388 = B_SPLINE_CURVE_WITH_KNOTS('',1,(#5389,#5390),.UNSPECIFIED.,.F.,
  .F.,(2,2),(-5.999999999062E-07,6.0000006),.PIECEWISE_BEZIER_KNOTS.);
#5389 = CARTESIAN_POINT('',(6.181033917075E-02,5.999999999062E-07));
#5390 = CARTESIAN_POINT('',(6.181033917075E-02,-6.0000006));
#5391 = ( GEOMETRIC_REPRESENTATION_CONTEXT(2) 
PARAMETRIC_REPRESENTATION_CONTEXT() REPRESENTATION_CONTEXT('2D SPACE',''
  ) );
#5392 = PCURVE('',#754,#5393);
#5393 = DEFINITIONAL_REPRESENTATION('',(#5394),#5397);
#5394 = B_SPLINE_CURVE_WITH_KNOTS('',1,(#5395,#5396),.UNSPECIFIED.,.F.,
  .F.,(2,2),(-5.999999999062E-07,6.0000006),.PIECEWISE_BEZIER_KNOTS.);
#5395 = CARTESIAN_POINT('',(1.97076761371,-5.999999999062E-07));
#5396 = CARTESIAN_POINT('',(1.97076761371,6.0000006));
#5397 = ( GEOMETRIC_REPRESENTATION_CONTEXT(2) 
PARAMETRIC_REPRESENTATION_CONTEXT() REPRESENTATION_CONTEXT('2D SPACE',''
  ) );
#5398 = ORIENTED_EDGE('',*,*,#766,.F.);
#5399 = ORIENTED_EDGE('',*,*,#5353,.F.);
#5400 = ADVANCED_FACE('',(#5401),#754,.F.);
#5401 = FACE_BOUND('',#5402,.F.);
#5402 = EDGE_LOOP('',(#5403,#5404,#5405,#5406));
#5403 = ORIENTED_EDGE('',*,*,#4089,.T.);
#5404 = ORIENTED_EDGE('',*,*,#737,.F.);
#5405 = ORIENTED_EDGE('',*,*,#5380,.F.);
#5406 = ORIENTED_EDGE('',*,*,#2219,.T.);
#5407 = ADVANCED_FACE('',(#5408),#2035,.T.);
#5408 = FACE_BOUND('',#5409,.T.);
#5409 = EDGE_LOOP('',(#5410,#5411,#5412,#5413,#5414));
#5410 = ORIENTED_EDGE('',*,*,#2095,.F.);
#5411 = ORIENTED_EDGE('',*,*,#3356,.T.);
#5412 = ORIENTED_EDGE('',*,*,#3428,.F.);
#5413 = ORIENTED_EDGE('',*,*,#3988,.F.);
#5414 = ORIENTED_EDGE('',*,*,#2019,.F.);
#5415 = ADVANCED_FACE('',(#5416),#3515,.T.);
#5416 = FACE_BOUND('',#5417,.T.);
#5417 = EDGE_LOOP('',(#5418,#5419,#5420,#5421));
#5418 = ORIENTED_EDGE('',*,*,#3661,.F.);
#5419 = ORIENTED_EDGE('',*,*,#3831,.F.);
#5420 = ORIENTED_EDGE('',*,*,#3496,.F.);
#5421 = ORIENTED_EDGE('',*,*,#3586,.T.);
#5422 = ADVANCED_FACE('',(#5423),#3546,.F.);
#5423 = FACE_BOUND('',#5424,.F.);
#5424 = EDGE_LOOP('',(#5425,#5426,#5447,#5448));
#5425 = ORIENTED_EDGE('',*,*,#3685,.F.);
#5426 = ORIENTED_EDGE('',*,*,#5427,.F.);
#5427 = EDGE_CURVE('',#3530,#3686,#5428,.T.);
#5428 = SEAM_CURVE('',#5429,(#5433,#5440),.PCURVE_S1.);
#5429 = LINE('',#5430,#5431);
#5430 = CARTESIAN_POINT('',(-19.,4.163799117101E-16,1.7));
#5431 = VECTOR('',#5432,1.);
#5432 = DIRECTION('',(1.,0.,0.));
#5433 = PCURVE('',#3546,#5434);
#5434 = DEFINITIONAL_REPRESENTATION('',(#5435),#5439);
#5435 = LINE('',#5436,#5437);
#5436 = CARTESIAN_POINT('',(6.28318530718,-0.));
#5437 = VECTOR('',#5438,1.);
#5438 = DIRECTION('',(0.,1.));
#5439 = ( GEOMETRIC_REPRESENTATION_CONTEXT(2) 
PARAMETRIC_REPRESENTATION_CONTEXT() REPRESENTATION_CONTEXT('2D SPACE',''
  ) );
#5440 = PCURVE('',#3546,#5441);
#5441 = DEFINITIONAL_REPRESENTATION('',(#5442),#5446);
#5442 = LINE('',#5443,#5444);
#5443 = CARTESIAN_POINT('',(0.,-0.));
#5444 = VECTOR('',#5445,1.);
#5445 = DIRECTION('',(0.,1.));
#5446 = ( GEOMETRIC_REPRESENTATION_CONTEXT(2) 
PARAMETRIC_REPRESENTATION_CONTEXT() REPRESENTATION_CONTEXT('2D SPACE',''
  ) );
#5447 = ORIENTED_EDGE('',*,*,#3529,.T.);
#5448 = ORIENTED_EDGE('',*,*,#5427,.T.);
#5449 = ADVANCED_FACE('',(#5450),#3778,.T.);
#5450 = FACE_BOUND('',#5451,.T.);
#5451 = EDGE_LOOP('',(#5452,#5453,#5454,#5455));
#5452 = ORIENTED_EDGE('',*,*,#3763,.F.);
#5453 = ORIENTED_EDGE('',*,*,#4016,.F.);
#5454 = ORIENTED_EDGE('',*,*,#3927,.F.);
#5455 = ORIENTED_EDGE('',*,*,#3879,.T.);
#5456 = ADVANCED_FACE('',(#5457),#3813,.F.);
#5457 = FACE_BOUND('',#5458,.F.);
#5458 = EDGE_LOOP('',(#5459,#5460,#5481,#5482));
#5459 = ORIENTED_EDGE('',*,*,#3955,.F.);
#5460 = ORIENTED_EDGE('',*,*,#5461,.F.);
#5461 = EDGE_CURVE('',#3793,#3956,#5462,.T.);
#5462 = SEAM_CURVE('',#5463,(#5467,#5474),.PCURVE_S1.);
#5463 = LINE('',#5464,#5465);
#5464 = CARTESIAN_POINT('',(19.,4.163799117101E-16,-1.7));
#5465 = VECTOR('',#5466,1.);
#5466 = DIRECTION('',(-1.,0.,0.));
#5467 = PCURVE('',#3813,#5468);
#5468 = DEFINITIONAL_REPRESENTATION('',(#5469),#5473);
#5469 = LINE('',#5470,#5471);
#5470 = CARTESIAN_POINT('',(6.28318530718,-0.));
#5471 = VECTOR('',#5472,1.);
#5472 = DIRECTION('',(0.,1.));
#5473 = ( GEOMETRIC_REPRESENTATION_CONTEXT(2) 
PARAMETRIC_REPRESENTATION_CONTEXT() REPRESENTATION_CONTEXT('2D SPACE',''
  ) );
#5474 = PCURVE('',#3813,#5475);
#5475 = DEFINITIONAL_REPRESENTATION('',(#5476),#5480);
#5476 = LINE('',#5477,#5478);
#5477 = CARTESIAN_POINT('',(0.,-0.));
#5478 = VECTOR('',#5479,1.);
#5479 = DIRECTION('',(0.,1.));
#5480 = ( GEOMETRIC_REPRESENTATION_CONTEXT(2) 
PARAMETRIC_REPRESENTATION_CONTEXT() REPRESENTATION_CONTEXT('2D SPACE',''
  ) );
#5481 = ORIENTED_EDGE('',*,*,#3792,.T.);
#5482 = ORIENTED_EDGE('',*,*,#5461,.T.);
#5483 = ( GEOMETRIC_REPRESENTATION_CONTEXT(3) 
GLOBAL_UNCERTAINTY_ASSIGNED_CONTEXT((#5487)) 
GLOBAL_UNIT_ASSIGNED_CONTEXT((#5484,#5485,#5486)) REPRESENTATION_CONTEXT
('Context #1','3D Context with UNIT and UNCERTAINTY') );
#5484 = ( LENGTH_UNIT() NAMED_UNIT(*) SI_UNIT(.MILLI.,.METRE.) );
#5485 = ( NAMED_UNIT(*) PLANE_ANGLE_UNIT() SI_UNIT($,.RADIAN.) );
#5486 = ( NAMED_UNIT(*) SI_UNIT($,.STERADIAN.) SOLID_ANGLE_UNIT() );
#5487 = UNCERTAINTY_MEASURE_WITH_UNIT(LENGTH_MEASURE(1.E-07),#5484,
  'distance_accuracy_value','confusion accuracy');
#5488 = PRODUCT_RELATED_PRODUCT_CATEGORY('part',$,(#7));
ENDSEC;
END-ISO-10303-21;
